mid,get_then_use_coupon
8195,0.90
4,0.71
8197,0.14
3819,0.25
8204,0.07
13,0.30
14,0.10
15,0.14
17,0.05
18,0.17
8211,0.00
20,0.11
21,0.14
8216,0.13
25,0.26
8218,0.20
8219,0.25
28,0.04
8223,0.19
32,0.10
8225,0.14
8226,0.20
35,0.03
8228,0.12
8230,0.20
40,0.17
42,0.12
8235,0.09
8236,0.33
8239,0.33
48,0.39
50,0.34
8244,0.26
8245,0.43
8246,0.35
55,0.11
58,0.15
8251,0.03
8252,0.25
61,0.25
8254,0.03
8258,0.13
8259,0.08
69,0.33
8263,0.27
8265,0.19
74,0.27
75,0.34
76,0.02
77,0.30
79,0.14
81,0.12
8274,0.08
83,0.14
84,0.40
8277,0.05
86,0.33
87,0.03
88,0.25
8282,0.07
92,0.25
93,0.17
8286,0.24
96,0.04
8291,0.13
8292,0.52
8209,0.22
105,0.25
106,0.11
8299,0.70
109,0.07
8302,0.20
8304,0.21
8305,0.02
19,0.07
8309,0.09
8310,0.16
120,0.02
8313,0.25
122,0.09
8316,0.12
125,0.12
128,0.25
8321,0.71
130,0.04
132,0.09
133,0.43
134,0.03
8330,0.25
139,0.20
140,0.33
8334,0.25
143,0.17
8336,0.20
8337,0.10
146,0.19
8339,0.62
150,0.08
8217,0.11
152,0.30
8347,0.80
5,0.11
157,0.16
159,0.05
160,0.40
8353,0.20
8354,0.23
8355,0.09
165,0.14
8359,0.40
171,0.21
8364,0.29
173,0.31
8366,0.06
175,0.13
176,0.60
178,0.08
179,0.07
8375,0.15
8377,0.15
187,0.13
8380,0.12
189,0.07
8382,0.25
8384,0.25
8385,0.21
8386,0.01
196,0.20
8389,0.10
8390,0.20
8391,0.11
200,0.72
201,0.08
8394,0.14
8396,0.04
34,0.17
8398,0.33
207,0.06
208,0.07
209,0.06
8402,0.48
211,0.04
212,0.21
8405,0.07
8406,0.60
216,0.70
36,0.30
218,0.21
219,0.33
221,1.00
222,0.30
8415,0.06
8418,0.12
8419,0.30
8421,0.36
8422,0.23
8423,0.40
8424,0.80
8425,0.12
235,0.10
8429,0.12
8431,0.50
240,0.17
8433,0.27
8435,0.30
246,0.32
8439,0.40
248,0.14
8441,0.34
251,0.20
281,0.08
8234,0.14
255,0.05
8451,0.12
8452,0.30
262,0.14
8456,0.50
266,0.18
8461,0.57
8462,0.21
8463,0.20
273,0.05
8466,0.01
8468,0.30
8469,0.60
278,0.70
8473,0.05
8475,0.71
8476,0.08
285,0.14
286,0.04
8479,0.02
288,0.01
289,0.33
2779,0.40
8486,0.30
8487,0.25
296,0.09
8489,0.14
8490,0.33
299,0.14
8493,0.10
8494,0.20
303,0.28
8496,0.26
8497,0.02
307,0.09
8500,0.40
8502,0.50
8504,0.14
8349,0.06
8506,0.27
316,0.40
317,0.59
8510,0.15
8514,0.14
8515,0.20
324,0.44
327,0.09
328,0.24
330,0.28
8523,0.75
334,0.33
8527,0.23
336,0.80
1375,0.14
339,0.60
8533,0.02
342,0.16
343,0.31
8536,0.30
346,0.30
347,0.04
350,0.54
351,0.63
8545,0.04
8546,0.05
355,0.10
357,0.30
359,0.33
8554,0.14
8555,0.07
8557,0.30
8558,0.38
8559,0.03
8560,0.10
8562,0.17
8563,0.20
62,0.25
8566,0.14
375,0.65
8570,0.07
8571,0.75
380,0.22
8573,0.09
382,0.23
8575,0.22
384,0.36
385,0.04
386,0.23
8579,0.05
388,0.12
389,0.38
390,0.30
391,0.11
392,0.30
8585,0.25
8586,0.14
395,0.26
8588,0.03
8589,0.19
398,0.03
399,0.60
400,0.14
8593,0.25
8594,0.02
403,0.30
8597,0.02
406,0.39
407,0.60
408,0.20
409,0.16
410,0.08
411,0.20
8605,0.67
414,0.50
8607,0.27
8608,0.45
8610,0.17
419,0.40
420,0.13
8613,0.26
8614,0.12
423,0.38
8616,0.12
8619,0.08
8620,0.17
431,0.14
433,0.60
434,0.08
435,0.03
437,0.40
8630,0.50
73,0.25
8632,0.03
441,0.50
442,0.24
8636,0.12
8638,0.11
447,0.04
8640,0.14
8641,0.11
450,0.02
451,0.08
453,0.11
456,0.14
457,0.19
8651,0.03
8653,0.10
8654,0.56
463,0.13
8656,0.16
8658,0.14
8660,0.11
8661,0.06
8662,0.28
471,0.05
8664,0.20
8666,0.15
477,0.21
478,0.10
8672,0.29
8673,0.04
8674,0.14
483,0.06
8676,0.07
8678,0.22
8679,0.43
8680,0.30
490,0.23
492,0.08
82,0.29
495,0.06
8688,0.04
497,0.05
500,0.25
8693,0.18
503,0.14
504,0.25
8697,0.40
506,0.07
8699,0.30
508,0.21
8702,0.09
85,0.62
512,0.50
514,0.06
516,0.12
517,0.69
8710,0.80
519,0.41
8712,0.20
8713,0.25
523,0.40
8716,0.11
8721,0.06
8722,0.16
531,0.12
8724,0.04
8728,0.36
8730,0.29
8731,0.02
540,0.11
8733,0.05
8734,0.09
543,0.10
8736,0.13
545,0.29
8739,0.11
550,0.29
553,0.25
8746,0.03
555,0.10
8752,0.31
8753,0.15
564,0.22
94,0.21
567,0.18
8760,0.70
569,0.30
570,0.09
8763,0.22
8764,0.08
574,0.33
576,0.03
8769,0.10
8771,0.05
580,0.40
8773,0.20
582,0.11
8775,0.47
8778,0.40
587,0.04
8780,0.50
589,0.27
592,0.29
8786,0.29
595,0.40
599,0.16
600,0.07
8793,0.38
602,0.22
8795,0.02
604,0.09
605,0.50
607,0.43
8800,0.11
8801,0.15
611,0.21
614,0.12
8807,0.22
616,0.10
8809,0.29
618,0.11
619,0.06
8812,0.49
626,0.07
628,0.15
629,0.00
8822,0.40
632,0.25
8825,0.02
8827,0.20
636,0.20
637,0.08
8830,0.30
8831,0.16
640,0.40
8833,0.17
642,0.69
107,0.50
8836,0.25
646,0.50
647,0.30
648,0.12
649,0.02
650,0.57
8843,0.12
8844,0.03
653,0.50
654,0.17
656,0.23
8849,0.40
8850,0.21
8852,0.07
110,0.12
664,0.23
665,0.10
670,0.32
1477,0.50
672,0.50
673,0.17
674,0.11
675,0.75
113,0.06
680,0.21
683,0.03
685,0.45
686,0.17
687,0.11
33,0.25
8307,0.38
459,0.40
697,0.14
698,0.56
699,0.05
701,0.25
702,0.20
705,0.60
706,0.04
707,0.13
709,0.03
711,0.12
714,0.40
715,0.28
716,0.70
718,0.75
721,0.14
723,0.12
724,0.30
729,0.19
731,0.07
733,0.40
734,0.26
735,0.25
736,0.40
739,0.14
741,0.07
742,0.25
743,0.25
744,0.01
745,0.29
747,0.12
748,0.43
751,0.40
752,0.25
755,0.07
756,0.29
760,0.06
764,0.12
768,0.88
772,0.09
775,0.18
776,0.60
777,0.30
779,0.13
780,0.24
8322,0.40
782,0.20
787,0.20
788,0.23
792,0.12
793,0.40
796,0.23
797,0.24
798,0.15
799,0.04
800,0.14
803,0.11
805,0.80
806,0.29
807,0.40
809,0.08
810,0.20
814,0.05
819,0.22
822,0.21
823,1.00
824,0.06
825,0.17
827,0.60
833,0.11
834,1.00
836,0.08
3067,0.14
840,0.17
8332,0.40
844,0.05
850,0.27
853,0.30
854,0.04
857,0.46
859,0.17
860,0.18
861,0.31
8212,0.42
866,0.22
869,0.03
874,0.62
876,0.05
877,0.04
880,0.60
883,0.04
889,0.21
890,0.17
891,0.67
892,0.06
894,0.10
898,0.04
899,0.80
8342,0.04
902,0.50
904,0.18
909,0.20
913,0.30
914,0.11
915,0.01
922,0.25
923,0.12
924,0.13
926,0.08
928,0.25
929,0.03
931,0.51
934,0.62
937,0.43
938,0.05
939,0.17
941,0.05
943,0.08
944,0.60
945,0.33
947,0.17
951,0.07
952,0.17
8351,0.12
958,0.20
959,0.07
962,0.30
963,0.55
966,0.40
969,0.45
970,0.24
162,0.25
974,0.05
977,0.40
978,0.02
979,0.46
982,0.30
984,0.10
986,0.10
988,0.14
989,0.19
8357,0.25
993,0.08
994,0.35
995,0.50
996,0.22
997,0.25
998,0.29
1001,0.54
1004,0.01
1005,0.02
1007,0.25
1011,0.07
1013,0.09
1015,0.14
1016,0.11
1018,0.33
1022,0.70
1023,0.56
1025,0.12
1026,0.40
1028,0.33
1029,0.25
1031,0.20
1035,0.02
1036,0.06
1037,0.18
1041,0.04
1044,0.13
1050,0.17
1052,0.20
1057,0.10
1061,0.07
1065,0.04
1068,0.25
8370,0.33
1071,0.10
1072,0.09
1073,0.01
1075,0.22
1076,0.25
1080,0.02
1082,0.14
1087,0.14
1089,0.14
1091,0.38
1095,0.27
1096,0.06
183,0.80
1107,0.25
1109,0.17
1112,0.20
1114,0.25
1115,0.14
1118,0.07
1120,0.70
1123,0.43
1125,0.13
1126,0.22
1127,0.20
1131,1.00
1132,0.60
1136,0.33
1137,0.29
190,0.12
1148,0.06
1149,0.18
1153,0.10
1157,0.08
1159,0.03
1160,0.23
1161,0.17
1163,0.20
194,0.20
1168,0.03
1169,0.06
1175,0.20
1177,0.08
1180,0.05
1182,0.21
1183,0.08
1185,0.67
1186,0.07
1187,0.09
1188,0.67
1191,0.04
1193,0.21
1194,0.12
1197,0.27
1200,0.25
8393,0.06
1210,0.29
1213,0.10
1216,0.52
1219,0.40
1221,0.07
1226,0.33
1227,0.25
1235,0.25
1238,0.40
1240,0.33
1242,0.06
1243,0.09
1244,0.02
1245,0.75
1246,0.33
1253,0.44
3315,0.05
1256,0.18
1258,0.17
210,0.09
1264,0.38
1265,0.33
1266,0.08
1268,0.25
1270,0.30
1274,0.14
1275,0.11
1279,0.20
1280,0.08
1281,0.11
1282,0.24
1284,0.11
1286,0.33
1287,0.11
1288,0.24
1290,0.33
1292,0.33
1294,0.40
1296,0.40
1297,0.33
1298,0.10
1300,0.15
1301,0.43
1303,0.70
1307,0.33
1309,0.12
1310,0.08
1315,0.20
1317,0.10
1318,0.10
1320,0.18
1322,0.06
1326,0.70
6591,0.06
1334,0.17
1336,0.05
1338,1.00
1339,0.17
1343,0.11
1344,0.50
1351,1.00
1352,0.02
1353,0.07
1355,0.60
1356,0.36
1360,0.26
1361,0.65
1362,0.10
1363,0.08
1366,0.07
1367,0.12
1370,0.04
229,0.08
1379,0.21
1380,0.50
1382,0.14
1383,0.30
1384,0.30
1386,0.33
1389,0.13
1390,0.16
1391,0.43
1393,0.30
1398,0.12
1403,0.03
1407,0.60
1412,0.21
1413,0.05
1414,0.20
1417,0.40
1418,0.03
1422,0.55
1425,0.08
1427,0.12
1430,0.04
1433,0.03
1434,0.69
239,0.07
1438,0.08
1439,0.11
1440,0.22
1442,0.08
1443,0.19
1444,0.20
1446,0.03
1447,0.14
1448,0.07
1453,0.05
1457,0.18
1459,0.43
1461,0.12
8232,0.11
1464,0.40
1468,0.44
1469,0.04
1472,0.10
1474,0.30
1476,0.10
8438,0.05
2977,0.75
1481,0.21
1483,0.30
1486,0.20
1487,0.14
1489,0.33
1491,0.06
1493,0.36
1494,0.01
1495,0.11
1497,0.06
1498,0.07
1141,0.08
1511,0.25
1513,0.22
1514,0.06
1515,0.60
1520,0.13
1522,0.16
1526,0.08
1528,0.08
1529,0.27
1530,0.10
1531,0.30
1532,0.17
1536,0.25
1541,0.30
1542,0.25
1543,0.14
1544,0.24
1546,0.60
1553,0.03
259,0.12
1560,0.03
1564,0.80
1565,0.25
1568,0.60
1569,0.00
1570,0.02
1627,0.07
1573,0.30
1574,0.03
1576,0.24
1578,0.50
1579,0.07
1581,0.80
1583,0.86
1584,0.30
1585,0.27
1586,0.18
1588,0.09
1589,0.12
1594,0.20
1595,0.17
1597,0.29
1599,0.33
1601,0.22
1604,0.07
1605,0.15
1606,0.03
1607,0.29
1610,0.14
1613,0.08
1614,0.82
269,0.40
1616,0.50
1618,0.33
1620,0.10
1623,0.13
1625,0.43
1626,0.33
271,0.12
1628,0.40
1631,0.19
1636,0.07
1637,0.02
1638,0.10
8465,0.40
1642,0.17
1644,0.20
1645,0.25
1646,0.27
1647,0.07
1648,0.26
1650,0.03
1653,0.10
1654,0.30
1655,0.04
1656,0.02
1660,0.14
1662,0.08
1663,0.10
1672,0.10
1675,0.25
1676,0.22
1680,0.17
1682,0.20
1685,0.05
1686,0.30
1687,0.06
1693,0.21
1697,0.15
1700,0.20
1702,0.75
284,0.21
1708,0.58
1713,0.02
1715,0.09
1717,0.58
1718,0.21
1722,0.29
1723,0.20
1725,0.42
1730,0.38
1731,0.14
1732,0.26
1735,0.02
1736,0.83
1738,0.13
1740,0.40
1742,0.07
1744,0.40
1749,0.74
1750,0.07
1751,0.11
1752,0.80
1754,0.05
1755,0.15
1756,0.25
1757,0.40
1763,0.09
1767,0.02
1771,0.50
1772,0.06
1775,0.22
1776,0.08
1778,0.44
1779,0.30
1784,0.15
1786,0.11
1789,0.30
1791,0.31
1793,0.30
1794,0.04
1795,0.09
1798,0.27
1801,0.80
1803,0.18
1805,0.06
1806,0.35
1807,0.12
1808,0.22
1809,0.11
1810,0.06
1812,0.03
1813,0.09
1818,0.05
1820,0.45
1821,0.10
304,0.61
1827,0.62
1829,0.64
1830,0.13
305,0.04
1837,0.03
1839,0.03
1841,0.30
1842,0.20
1848,0.50
308,0.30
1851,0.36
1852,0.08
1853,0.08
1855,0.41
1860,0.06
1864,0.17
1865,0.38
1866,0.05
1872,0.19
1874,0.30
1876,0.14
1878,0.40
1880,0.08
1881,0.29
1882,0.25
1884,0.25
314,0.02
1886,0.50
1888,0.45
1891,0.50
1892,0.09
1893,0.61
1895,0.25
1896,0.40
8508,0.16
1898,0.75
1905,0.14
3049,0.10
1913,0.03
1914,0.40
1915,0.29
1916,0.09
1921,0.14
1923,0.16
1925,0.40
1926,0.07
1927,0.11
1929,0.11
1931,0.17
1932,0.80
1936,0.03
1939,0.12
1941,0.13
1943,0.02
1944,0.50
1945,0.27
1947,0.12
1948,0.29
1949,0.30
1950,0.08
1951,0.10
1954,0.06
1959,0.02
1962,0.44
1963,0.08
1964,0.10
1965,0.07
1968,0.08
8520,0.36
1971,0.08
1975,0.23
1978,0.10
1984,0.25
1989,0.18
1993,0.30
1997,0.30
1998,0.03
1999,0.05
2002,0.21
2003,0.10
2005,0.04
2007,0.23
2010,0.70
2014,0.25
8796,1.00
2017,0.30
2019,0.15
2020,0.02
2022,0.07
2795,0.25
2025,0.25
2028,0.50
2030,0.33
2035,0.60
2036,0.13
2037,0.30
2046,0.00
2050,0.06
2051,0.04
2053,0.67
2055,0.83
8535,0.60
2062,0.38
2065,0.09
2066,0.25
2067,0.04
2069,0.12
2070,0.31
2071,0.60
2074,0.05
2075,0.20
2080,0.15
2081,0.11
2085,0.01
2087,0.17
2089,0.08
2091,0.25
2092,0.06
2094,0.06
2099,0.08
2100,0.80
2104,0.10
2106,0.17
2107,0.15
2109,0.11
2110,0.19
2112,0.02
2113,0.40
2119,0.27
2120,0.05
2121,0.70
2122,0.50
2125,0.06
2127,0.23
2128,0.05
2130,0.10
8547,0.30
2136,0.73
2138,0.25
2142,0.09
2143,0.25
2144,0.21
2145,0.05
2146,0.00
2150,0.40
2157,0.17
2164,0.40
2166,0.20
2167,0.14
2168,0.33
2169,0.48
2172,0.50
2177,0.39
2180,0.05
2181,0.25
2186,0.21
2187,0.60
2189,0.12
2190,0.25
2195,0.09
2196,0.01
2198,0.05
3097,0.17
2202,0.24
2203,0.36
2206,0.03
2207,0.12
2208,0.50
2213,0.40
2215,0.09
2217,0.40
2219,0.33
2222,0.14
2224,0.18
2225,0.21
2226,0.25
2227,0.19
2230,0.06
2232,0.13
2233,0.09
2235,0.04
2237,0.12
2240,0.50
2241,0.13
2244,0.12
2247,0.16
2252,0.30
2257,0.25
2258,0.05
2259,0.10
2262,0.28
2264,0.33
2267,0.05
2268,0.50
2269,0.59
7205,0.08
2277,0.02
2279,0.33
2281,0.14
2282,0.33
2285,0.04
2287,0.22
2288,0.43
2290,0.40
2296,0.25
2301,0.06
2305,0.05
2306,0.09
2308,0.03
2309,0.03
2310,0.40
2311,0.33
2313,0.09
2314,0.32
2315,0.20
2319,0.39
2320,0.20
2321,0.06
2322,0.06
8580,0.10
2331,0.40
2333,0.03
8261,0.40
2335,0.70
2336,0.04
2338,0.09
2339,0.26
8534,0.40
2342,0.25
2343,0.25
2345,0.44
2347,0.09
2352,0.15
2361,0.18
2363,0.33
2365,0.04
2366,0.40
2368,0.33
2369,0.10
2371,0.29
2372,0.03
2374,0.14
2381,0.20
2382,0.07
397,0.23
2385,0.14
2389,0.04
2390,0.62
2394,0.18
2399,0.17
2400,0.07
2403,0.29
2404,0.20
2408,0.15
2414,0.09
2418,0.40
2420,0.00
2422,0.23
2423,0.04
2429,0.17
2430,0.05
2432,0.08
2433,0.25
2434,0.04
2435,0.03
2436,0.06
2437,0.11
2438,0.14
2440,0.33
2441,0.72
2442,0.14
2445,0.50
2446,0.30
2449,0.06
2450,0.29
2451,0.12
2452,0.03
2454,0.28
8601,0.70
2456,0.05
2458,0.22
2459,0.40
2460,0.08
2461,0.24
2463,0.43
2467,0.05
2469,0.06
2472,0.09
2479,0.08
8606,0.14
2487,0.16
2488,0.21
2490,0.50
2491,0.38
2496,0.05
416,0.18
2498,0.10
2503,0.35
2504,0.09
2505,0.80
2510,0.17
8267,0.13
2519,0.14
2520,0.32
421,0.12
2531,0.11
2532,0.02
422,0.30
2535,0.20
2536,0.02
2543,0.20
2545,0.08
2549,0.21
2550,0.11
2552,0.50
2554,0.18
2556,0.04
2558,0.05
2559,0.34
2560,0.18
2561,0.12
427,0.06
2566,0.12
2567,0.08
2568,0.25
428,0.05
2574,0.12
2576,0.15
2577,0.30
2582,0.10
2583,0.30
2584,0.12
2585,0.06
2586,0.13
2587,0.25
2589,0.33
2592,0.23
2593,0.24
2594,0.09
2595,0.02
2596,0.29
2597,0.12
2598,0.06
2602,0.33
2606,0.50
2609,0.17
2610,0.30
2613,0.40
2614,0.30
2615,0.15
2616,0.12
2617,0.25
2619,0.31
2620,0.20
2621,0.06
2622,0.09
2624,0.40
2625,0.70
2629,0.08
2632,0.02
2634,0.01
2635,0.42
2637,0.75
2640,0.17
2645,0.24
2646,0.17
2652,0.07
8634,0.40
2655,0.41
2656,0.23
2658,0.33
2659,0.06
2660,0.01
2661,0.07
2662,0.29
2665,0.10
2667,0.14
2668,0.18
2669,0.09
2671,0.50
2673,0.04
2675,0.90
2676,0.11
2678,0.20
2679,0.07
2681,0.08
2682,0.09
2685,0.25
2691,0.06
2693,0.06
449,0.80
2696,0.08
2700,0.02
2701,0.20
2702,0.10
2703,0.09
2705,0.57
8643,0.09
2709,0.00
2712,0.00
2714,0.15
2720,0.40
2722,0.43
2723,0.25
2726,0.11
2731,0.36
2733,0.02
2735,0.09
2736,0.28
2737,0.50
2738,0.07
2746,0.70
2748,0.14
2749,0.08
2752,0.70
2754,0.12
2755,0.08
2756,0.13
2757,0.07
2762,0.04
2764,0.02
2765,0.39
461,0.07
2772,0.08
2774,0.09
8655,0.07
2780,0.03
2781,0.13
2783,0.06
2784,0.06
2785,0.12
2786,0.09
1831,0.22
2804,0.01
2810,0.14
2811,0.05
2813,0.11
2823,0.46
2825,0.30
2827,0.11
2828,0.33
2834,0.33
2835,0.29
2837,0.09
2839,0.25
2842,0.08
8278,0.33
2847,0.50
2848,0.43
2851,0.12
2852,0.07
2853,0.25
2854,0.03
2855,0.25
2857,0.10
2858,0.14
2860,0.10
2863,0.20
2868,0.05
2869,0.23
2872,0.16
2873,0.22
2875,0.25
2876,0.80
2877,0.11
2878,0.17
2879,0.60
2882,0.25
2883,0.70
2885,0.17
2887,0.09
2889,0.40
2894,0.08
2899,0.23
2900,0.30
2901,0.12
2902,0.10
2904,0.50
2905,0.25
2908,0.14
2909,0.20
2911,0.60
2912,0.05
2913,0.40
2914,0.11
2919,0.80
2920,0.14
2923,0.54
2926,0.31
2927,0.50
2929,0.07
2930,0.33
2932,0.28
2934,0.15
2938,0.50
2940,0.78
2941,0.35
2942,0.17
2944,1.00
2945,0.17
2950,0.04
2954,0.40
2957,0.16
2961,0.17
2963,0.12
2964,0.30
2966,0.20
2969,0.11
2970,0.03
2972,0.17
2973,0.28
2975,0.15
2976,0.29
496,0.17
2978,0.43
2979,0.16
2981,0.43
2982,0.02
2985,0.75
2987,0.05
2989,0.17
2990,0.06
2993,0.12
2995,0.22
2996,0.29
2999,0.05
3004,0.30
3005,0.30
3007,0.32
3008,0.12
3009,1.00
3013,0.12
3015,0.10
3017,0.18
3018,0.29
3020,0.40
3021,0.09
3022,0.17
3025,0.23
3028,0.15
3031,0.25
3035,0.04
539,0.06
3037,0.13
3038,0.25
3045,0.22
3046,0.07
3047,0.25
8700,0.30
3052,0.12
3053,0.30
3054,0.11
3062,0.04
8703,0.09
3068,0.80
3071,0.12
3072,0.02
3074,0.11
3075,0.03
3076,0.12
3078,0.50
3081,0.30
3082,0.05
8706,0.19
3086,0.33
3089,0.02
3091,0.22
3094,0.02
3095,0.14
3096,0.43
8708,0.25
3099,0.30
3101,0.08
3102,0.21
3103,0.02
3104,0.33
3105,0.71
3106,0.07
3107,0.70
3110,0.25
3111,0.50
3112,0.22
3114,0.61
8711,0.23
3116,0.02
3117,0.01
3120,0.40
3123,0.68
3124,0.40
3127,0.12
3130,0.08
3131,0.14
3133,0.88
3137,0.40
3139,0.21
3140,0.60
3141,0.70
524,0.12
3146,0.14
3152,0.30
3155,0.04
3157,0.14
3158,0.19
3159,0.11
3162,0.60
3163,0.07
3164,0.22
3165,0.12
3167,0.30
3168,0.05
3169,0.40
3170,0.14
3171,0.46
3172,0.34
3173,0.03
3174,0.25
3175,0.19
3182,0.14
3184,0.70
3189,0.43
3191,0.18
3192,0.75
3196,0.08
3198,0.07
3199,0.11
3202,0.40
3203,0.29
3205,0.46
3210,0.14
3211,0.10
3218,0.26
3222,0.05
3229,0.08
3230,0.29
3231,0.12
3232,0.46
3233,0.56
3235,0.05
3236,0.50
3237,0.17
3239,0.82
3240,0.08
3241,0.17
3245,0.10
3248,0.40
3250,0.21
3251,0.08
381,0.80
3256,0.25
3257,0.36
3261,0.25
3263,0.14
3267,0.21
3269,0.08
3273,0.14
3276,0.11
3279,0.21
3281,0.05
3282,0.25
547,0.35
3284,0.23
3287,0.04
3288,0.63
3289,0.33
3290,0.38
3291,0.17
3293,0.13
3298,0.11
3299,0.15
3301,0.05
3304,0.17
3305,0.10
277,0.70
8839,0.45
3310,0.18
3312,0.25
3283,0.47
3316,0.07
3318,0.18
3319,0.70
3322,0.38
554,0.22
3326,0.04
3328,0.43
3330,0.06
3333,0.33
3337,0.28
3338,0.05
3339,0.05
3340,0.04
3342,0.09
3346,0.20
3349,0.12
3352,0.03
3353,0.31
3360,0.41
560,0.25
3362,0.18
3364,0.08
561,0.15
112,0.04
3370,0.29
3372,0.40
3377,0.14
3378,0.29
3379,0.23
3381,0.01
3387,0.06
3388,0.07
3389,0.11
3390,0.03
3391,0.40
3394,0.43
3396,0.11
3398,0.02
3401,0.75
3403,0.37
3405,0.70
3406,0.05
3410,0.25
3411,0.40
3414,0.30
3415,0.30
3417,0.30
3419,0.14
3423,0.10
3424,0.03
3426,0.75
3429,0.60
3431,0.25
3434,0.50
3440,0.70
3441,0.41
3442,0.11
3445,0.29
3447,0.03
3449,0.03
3450,0.10
3453,0.11
3455,0.20
3462,0.08
3465,0.09
3466,0.04
3468,0.16
3472,0.66
3473,0.33
3477,0.16
3479,0.23
3480,0.09
8772,0.07
3482,0.08
3483,0.40
3486,0.11
3488,0.02
3489,0.15
3490,0.17
3492,0.17
3493,0.50
3495,0.13
3499,0.13
3502,0.25
3505,0.07
3507,0.06
3512,0.10
3513,0.17
3516,0.12
3518,0.14
3519,0.11
3522,0.50
3525,0.03
3527,0.20
3529,0.15
3530,0.38
3532,0.13
3533,0.40
3534,0.29
3537,0.17
3539,0.12
3545,0.23
3546,0.32
3547,0.22
3548,0.14
3549,0.33
3550,0.03
3551,0.03
3552,0.20
3553,0.06
3554,0.17
3555,0.12
3557,0.19
3559,0.06
3561,0.05
3562,0.04
3565,0.50
3566,0.75
3567,0.02
3568,0.63
3569,0.29
3570,0.28
3571,0.10
3572,0.12
3573,0.18
3574,0.05
3584,0.14
3589,0.07
3590,0.18
3594,0.20
3597,0.22
3599,0.24
3600,0.18
3602,0.10
3607,0.05
3608,0.17
3609,0.07
3611,0.02
3616,0.07
3620,0.07
3621,0.04
3622,0.50
3625,0.82
3628,0.53
3630,0.04
3635,0.09
3641,0.19
3642,0.25
3644,0.30
3645,0.50
3646,0.11
3647,0.14
3651,0.57
3652,0.40
3654,0.15
3655,0.06
3656,0.39
3660,0.13
3661,0.12
3663,0.35
3665,0.09
3669,0.13
3673,0.12
3674,0.14
3675,0.25
3676,0.20
3679,0.00
3680,0.60
8806,0.31
615,0.06
3692,0.40
3693,0.50
3694,0.40
3695,0.40
8808,0.22
3698,0.50
3702,0.14
617,0.11
3704,0.11
3706,0.00
3707,0.05
3709,0.20
3710,0.06
3711,0.14
3717,0.10
620,0.04
3722,0.49
3724,0.30
3725,0.50
3728,0.72
3729,0.09
3732,0.25
3733,0.33
3740,0.38
3743,0.14
3745,0.33
3747,0.29
3748,0.80
3750,0.04
3752,0.12
3753,0.67
3755,0.25
3757,0.04
3759,0.25
3760,0.05
3762,0.13
3766,0.20
3768,0.33
3770,0.67
3771,0.05
3773,0.19
3777,0.28
3779,0.09
3780,0.29
3784,0.14
3785,0.19
3786,0.07
3787,0.17
3790,0.14
3792,0.00
8824,0.07
3795,0.12
3798,0.40
3801,0.40
3802,0.07
3803,0.02
3807,0.26
3808,0.37
3809,0.04
3810,0.58
3811,0.11
3813,0.15
3814,0.33
3815,0.17
8828,0.43
3367,0.07
3820,0.14
3823,0.57
3824,0.20
3826,0.26
3827,0.14
638,0.24
3833,0.12
3835,0.17
3839,0.30
3840,0.36
3845,0.50
3847,0.10
3848,0.07
3850,0.06
3854,0.80
3855,0.10
3857,0.06
3859,0.30
3861,0.03
3862,0.05
3868,0.50
3871,0.15
3873,0.70
3876,0.01
3877,0.19
129,0.41
3882,0.32
3883,0.30
3886,0.08
3888,0.00
8840,0.22
3890,0.17
3895,0.20
3897,0.08
3898,0.30
3899,0.16
3900,0.25
8842,0.70
3902,0.13
3903,0.02
2016,0.13
651,0.22
3915,0.40
3916,0.26
3917,0.30
3921,0.06
3923,0.04
3924,0.20
8314,0.29
3927,0.04
3928,0.12
3934,0.70
3935,0.40
3936,0.14
3937,0.11
3939,0.08
3941,0.22
3946,0.12
3949,0.27
3951,0.17
3952,0.31
3954,0.02
3958,0.45
3964,0.17
3966,0.05
3969,0.13
3970,0.08
3971,0.14
3977,0.25
3980,0.14
3981,0.08
3982,0.08
3983,0.40
8856,0.05
3987,0.32
3988,0.17
3993,0.17
3996,0.20
3997,0.32
3998,0.43
4002,0.09
4003,0.18
4004,0.14
4009,0.17
4011,0.05
4013,0.06
4014,0.40
4015,0.40
4018,0.56
4024,0.30
4028,0.17
4030,0.32
4033,0.13
4034,0.07
4036,0.25
4037,0.07
4043,0.05
4044,0.20
4045,0.12
4046,0.43
4048,0.08
4053,0.05
4056,0.10
4057,0.02
4058,0.40
4059,0.00
4062,0.09
4069,0.43
4070,0.16
4074,0.36
4075,0.33
4077,0.12
4080,0.04
4083,0.32
4084,0.21
4086,0.04
4099,0.03
4100,0.44
4102,0.11
4103,0.08
4106,0.25
4111,0.06
4112,0.17
4113,0.33
4116,0.05
4117,0.06
4120,0.19
4123,0.06
4124,0.50
4126,0.08
4128,0.06
4130,0.41
4132,0.43
4133,0.40
4134,0.30
4137,0.09
4138,0.07
4139,0.17
4142,0.32
4144,0.12
4146,0.12
4149,0.09
4155,0.03
4157,0.33
4160,0.10
4163,0.08
4164,0.43
4165,0.30
4166,0.08
4167,0.12
4171,0.53
4173,0.24
4178,0.06
4180,0.04
4184,0.29
4190,0.20
4192,0.11
4194,0.30
4195,0.19
4196,0.40
4202,0.44
4204,0.11
4206,0.36
4208,0.15
4209,0.08
4211,0.30
4213,0.30
4220,0.08
4225,0.08
4226,0.29
4227,0.40
4232,0.70
4233,0.25
4234,0.11
4237,0.08
4239,0.19
4240,0.21
4241,0.12
4242,0.37
4248,0.23
4252,0.11
4257,0.10
4260,0.11
4263,0.17
4265,0.52
4266,0.30
4267,0.05
4268,0.20
4270,0.75
4271,0.50
4272,0.16
4273,0.07
4274,0.20
4275,0.40
4277,0.40
4279,0.12
4281,0.20
4282,0.01
4283,0.60
4285,0.20
4287,0.02
4291,0.43
4292,0.33
4294,0.07
4297,0.22
4299,0.16
4300,0.40
4302,0.07
4303,0.80
4305,0.17
4306,0.17
4308,0.12
4309,0.02
4312,0.22
4320,0.09
4322,0.14
4327,0.25
4328,0.17
4331,0.06
4334,0.30
4335,0.38
4342,0.21
4345,0.17
4348,0.18
4351,0.04
4356,0.10
4361,0.50
4364,0.09
4367,0.62
4369,0.04
4372,0.25
4374,0.40
4377,0.19
4381,0.29
4382,0.75
4383,0.22
4386,0.10
4387,0.14
4389,0.11
4393,0.05
4395,0.42
4405,0.44
4407,0.10
4410,0.40
4414,0.12
4417,0.12
4418,0.25
4422,0.17
4426,0.40
4427,0.16
4428,0.08
4429,0.14
4430,0.17
4431,0.42
4433,0.02
4434,0.18
4438,0.50
4440,0.25
4441,0.36
4442,0.01
4447,0.21
4448,0.33
4450,0.21
4451,0.08
4452,0.10
4455,0.80
4457,0.08
4461,0.06
4462,0.59
4464,0.20
4466,0.01
4467,0.09
4468,0.18
4471,0.18
4472,0.05
4477,0.29
4478,0.11
4479,0.08
4484,0.30
4485,0.50
4487,0.04
4489,0.04
4498,0.33
4502,0.27
4504,0.14
4508,0.50
4511,0.12
4512,0.40
4515,0.19
4517,0.17
4519,0.08
4523,0.02
4528,0.05
4529,0.40
4530,0.10
4531,0.38
4533,0.14
4535,0.10
4536,0.16
4538,0.03
4540,0.50
4542,0.28
4543,0.10
4545,0.20
4546,0.06
4551,0.17
4554,0.21
4557,0.30
2334,0.03
4564,0.70
4567,0.05
4568,0.04
4569,0.13
4570,0.12
4573,0.20
4575,0.39
4576,0.68
4577,0.05
4579,0.08
4580,0.12
4581,0.14
4582,0.03
4583,0.08
4584,0.14
4586,0.21
4595,0.25
4597,0.41
4599,0.42
4600,0.02
4601,0.60
4606,0.14
4609,0.33
4610,0.30
4613,0.11
4614,0.40
4615,0.33
4617,0.24
4619,0.50
4621,0.33
4627,0.60
4628,0.14
4629,0.17
4631,0.30
4632,0.40
4636,0.09
4638,0.08
4640,0.35
4643,0.10
4644,0.22
4645,0.31
4646,0.56
4647,0.67
4649,0.05
4651,0.20
4653,0.30
4654,0.05
4655,0.14
4660,0.00
4661,0.01
4663,0.00
4664,0.03
4669,0.12
4672,0.40
4673,0.15
4674,0.36
4675,0.10
4676,0.39
4677,0.18
4679,0.04
4682,0.80
4684,0.20
4687,0.06
4691,1.00
4694,0.55
4696,0.01
4697,0.11
4700,0.16
4701,0.06
4702,0.14
4703,0.40
4704,0.10
4707,0.11
4710,0.12
4714,0.30
4720,0.20
4725,0.25
4726,0.20
4728,0.12
4730,0.18
4732,0.09
4734,0.24
4736,0.03
4746,0.30
4747,0.70
4748,0.06
4749,0.25
4753,0.08
4754,0.09
4759,0.14
4761,0.30
4765,0.10
4768,0.40
4769,0.40
4771,0.03
4775,0.07
4776,0.08
4780,0.67
4782,0.05
4784,0.04
4785,0.06
4786,0.29
4787,0.40
4789,0.09
4790,0.25
4792,0.10
4793,0.14
4796,0.25
4799,0.83
4801,0.06
4805,0.08
4807,0.02
4808,0.24
4812,0.30
4814,0.36
4816,0.40
4820,0.17
4823,0.09
4826,0.08
4827,0.12
4828,0.07
4832,0.50
4833,0.01
4840,0.83
4841,0.20
4842,0.17
4845,0.50
4846,0.03
4847,0.25
4848,0.12
4852,0.39
4855,0.40
4856,0.01
4857,0.11
4860,0.01
4861,0.38
4865,0.30
4866,0.20
4867,0.07
4869,0.03
4872,0.65
4874,0.02
4877,0.20
4882,0.17
4883,0.15
4885,0.25
4888,0.03
4891,0.40
4894,0.25
4895,0.50
4897,0.11
4899,0.12
4901,0.29
4903,0.16
4904,0.08
4905,0.12
4906,0.28
4907,0.62
4908,0.03
4909,0.00
4912,0.07
4919,0.07
4920,0.25
4923,0.30
4924,0.48
4926,0.11
4929,0.03
4930,0.13
4931,0.13
4932,0.22
4934,0.30
4935,0.25
4937,0.04
4938,0.30
4939,0.04
4941,0.20
4942,0.26
4944,0.40
4945,0.03
4946,0.50
4947,0.08
4949,0.70
4951,0.05
4953,0.07
4958,0.41
4960,0.40
4962,0.14
4964,0.09
4965,0.41
4967,0.71
4968,0.70
4970,1.00
4971,0.40
4973,0.02
4974,0.10
4975,0.07
4976,0.33
4978,0.30
4981,0.30
4983,0.11
4984,0.23
4986,0.14
4989,0.16
4992,0.10
4994,0.14
5001,0.23
5003,0.07
5004,0.05
5006,0.18
5009,0.17
5010,0.08
5013,0.60
5015,0.06
5018,0.26
5022,0.05
5025,0.60
5027,0.18
5028,0.22
5029,0.11
5030,0.06
5031,0.30
5032,0.06
5033,0.17
5036,0.22
5038,0.12
5039,0.04
5040,0.06
5041,0.06
5042,0.43
5043,0.08
5044,0.80
5045,0.22
841,0.80
5049,0.70
5050,0.30
5053,0.06
5056,0.25
5057,0.40
5061,0.20
5070,0.22
5074,0.01
5077,0.04
5078,0.30
5079,0.40
5083,0.11
5084,0.21
5089,0.52
5091,0.37
5095,0.70
5096,0.20
5097,0.17
5098,0.18
5099,0.40
5101,0.05
5105,0.05
5106,0.15
5108,0.30
5109,0.06
5111,0.41
5113,0.00
5114,0.30
5116,0.09
5120,0.03
5121,0.03
5122,0.18
5123,0.12
5124,0.09
5127,0.13
5132,0.47
5135,0.54
5136,0.15
5138,0.15
5140,0.27
5142,0.20
5143,0.33
5144,0.30
5147,0.01
5150,0.70
5152,0.09
5155,0.13
5158,0.05
5163,0.09
5172,0.10
5178,0.20
5179,0.02
5182,0.20
5188,0.10
5189,0.30
5192,0.36
5197,0.17
5199,0.16
5202,0.02
5204,0.70
5206,0.21
5207,0.06
5210,0.18
5211,0.05
5212,0.60
5213,0.08
5214,0.40
5217,0.25
5219,0.06
5221,0.12
5223,0.25
5225,0.52
5231,0.20
5232,0.17
5233,0.55
5236,0.08
5237,0.06
5243,0.30
5250,0.09
5253,0.05
5256,0.25
5257,0.09
5259,0.12
5261,0.04
5265,0.09
5266,0.30
5270,0.03
5274,0.27
5276,0.40
5277,0.14
5281,0.31
5288,0.12
5289,0.15
5294,0.15
5297,0.14
5300,0.20
5301,0.38
5310,0.55
5312,0.50
5322,0.40
5327,0.12
5329,0.19
5330,0.20
5331,0.09
5332,0.33
5334,0.14
5337,0.22
5338,0.11
5341,0.12
5344,0.05
5345,0.04
5347,0.07
5348,0.30
5349,0.14
5350,0.29
5351,0.17
5353,0.02
5356,0.30
5358,0.17
5360,0.15
5362,0.38
5363,0.04
5367,0.12
5369,0.09
5370,0.08
5371,0.06
5374,0.50
5376,0.01
5377,0.14
5381,0.40
5383,0.23
5385,0.10
5387,0.12
5393,0.23
5396,0.09
5398,0.14
5401,0.40
5403,0.90
5405,0.40
5406,0.40
901,0.09
5408,0.03
5413,0.05
5414,0.43
5415,0.10
5416,0.17
5418,0.09
5420,0.03
5421,0.40
5423,0.02
5428,0.03
5429,0.07
5433,0.17
5442,0.10
5443,0.08
5455,0.11
5460,0.12
5463,0.03
5464,0.33
5467,0.11
5472,0.35
5473,0.25
5474,0.17
5477,0.26
5478,0.70
5479,0.09
5480,0.20
5481,0.17
5483,0.30
5490,0.25
5500,0.12
5501,0.10
5505,0.08
5506,0.14
5507,0.45
5509,0.10
5512,0.22
5513,0.25
5516,0.19
5518,0.30
5520,0.05
5524,0.08
5527,0.28
5530,0.29
5535,0.16
5536,0.22
5538,0.29
5540,0.29
5542,0.40
5543,0.06
5544,0.40
5545,0.20
8368,0.09
5549,0.10
5550,0.50
5551,0.20
5552,0.06
5556,0.10
5557,0.12
5558,0.25
5559,0.19
5562,0.15
5572,0.09
5574,0.17
5576,0.06
5579,0.20
5581,0.40
5582,0.36
5585,0.08
5586,0.33
5590,0.10
5591,0.14
5595,0.33
5596,0.38
5598,0.50
5599,0.25
5601,0.24
5602,0.04
5604,0.14
5608,0.32
5609,0.10
5614,0.09
5618,0.10
5619,0.30
5627,0.10
5628,0.21
5630,0.41
5632,0.01
5633,0.11
5636,0.20
8371,0.50
5639,0.18
5643,0.04
5644,0.50
5647,0.68
5649,0.50
5650,0.70
5651,0.02
5654,0.40
5664,0.22
5665,0.20
5672,0.05
5673,0.12
5674,0.25
5679,0.20
5681,0.09
5682,0.38
5685,0.26
5687,0.50
5688,0.07
5689,0.19
5691,0.17
5692,0.20
5696,0.04
5697,0.36
5701,0.07
5704,0.17
5706,0.31
5707,0.83
5708,0.11
5709,0.10
5711,0.17
5713,0.03
5715,0.40
5716,0.25
5717,0.01
5722,0.25
5729,0.20
5731,0.33
5734,0.24
5735,0.80
5736,0.17
5737,0.32
5742,0.67
5743,0.11
464,0.15
5752,0.26
5753,0.90
5755,0.02
5757,0.14
5760,0.50
5761,0.07
5762,0.38
5765,0.33
5769,0.47
5770,0.09
5771,0.11
5773,0.50
5774,0.08
5775,0.09
5777,0.07
5783,0.86
5787,0.03
5789,0.05
5791,0.37
5792,0.17
5794,0.50
5796,0.32
5798,0.08
5800,0.07
5801,0.08
5803,0.11
5812,0.50
5813,0.15
5815,0.07
5818,0.12
5819,0.02
5821,0.02
5825,0.12
5826,0.25
5828,0.22
5829,0.01
5831,0.13
973,0.33
5841,0.08
5842,0.20
5843,0.24
5846,0.10
5847,0.24
5848,0.33
5850,0.20
5851,0.25
5854,0.25
5855,0.06
5858,0.09
5859,0.45
5866,0.06
5867,0.12
5870,0.15
5871,0.14
5875,0.28
5876,0.40
5877,0.38
5878,0.07
5881,0.30
5884,0.23
5887,0.22
5888,0.18
5892,0.23
5895,0.70
5896,0.18
5901,0.11
5903,0.17
5907,0.22
5908,0.23
5910,0.10
5915,0.25
5916,0.17
5917,0.40
5919,0.16
5926,0.14
5928,0.12
5930,0.12
5932,0.20
5937,0.15
5939,0.09
5940,0.50
5946,0.36
991,0.12
5953,0.14
5954,0.31
5955,0.29
5956,0.16
5957,0.33
5958,0.49
5960,0.50
5963,0.35
5965,0.03
5968,0.43
5969,0.18
5970,0.25
5971,0.05
5972,0.38
5974,0.05
5978,0.05
7823,0.02
5984,0.20
5985,0.35
5988,0.12
5992,0.17
5995,0.03
5998,0.50
6000,0.07
6005,0.07
6006,0.06
6009,0.46
6010,0.25
6016,0.13
6020,0.10
6021,0.03
6022,0.30
6023,0.25
6024,0.39
6025,0.12
6027,0.28
6028,0.12
6029,0.01
8715,0.70
6031,0.07
6033,0.21
6034,0.24
6036,0.25
6041,0.20
6043,0.16
6044,0.07
6056,0.25
6059,0.38
6060,0.02
6063,0.10
6064,0.70
6066,0.03
6081,0.80
6083,0.10
6084,0.05
6085,0.05
6089,0.15
6090,0.30
6092,0.12
6094,0.21
6095,0.07
6097,0.40
7843,0.05
6101,0.39
6106,0.06
6108,0.20
6110,0.25
6113,0.40
6114,0.70
6121,0.13
6122,0.02
6125,0.11
6127,0.50
6128,0.63
6129,0.09
6131,0.40
6134,0.02
6135,0.37
6137,0.08
6138,0.40
6139,0.30
6142,0.30
6144,0.12
6145,0.16
8388,0.25
6152,0.14
6153,0.19
6154,0.89
6161,0.12
6163,0.04
6164,0.38
6166,0.22
6168,0.10
6169,0.40
6173,0.17
6175,0.20
6176,0.50
6179,0.03
6181,0.22
6182,0.07
6183,0.33
6184,0.09
6186,0.34
6189,0.37
6192,0.40
6193,0.51
6195,0.15
6196,0.25
6198,0.17
6200,0.38
6209,0.29
6210,0.02
6212,0.10
6216,0.31
6218,0.40
6220,0.33
6223,0.12
6224,0.17
6227,0.09
6231,0.50
6233,0.38
6235,0.05
6237,0.18
6238,0.16
6241,0.53
6243,0.26
6252,0.20
6253,0.35
6254,0.14
6255,0.05
6259,0.04
6262,0.25
6263,0.14
6266,0.70
6267,0.80
6270,0.32
6272,0.30
6274,0.14
6276,0.50
6277,0.38
6278,0.17
6279,0.43
6280,0.42
6283,0.14
6284,0.00
6285,0.18
6286,0.10
6287,0.80
6288,0.04
6290,0.02
6296,0.40
6297,0.14
6298,0.11
6299,0.25
6300,0.33
6312,0.22
6316,0.06
6317,0.26
6321,0.03
6322,0.13
6324,0.30
6329,0.33
6333,0.13
6335,0.20
6336,0.04
6339,0.10
6340,0.15
6342,0.36
6347,0.07
6348,0.33
6349,0.29
6350,0.23
6351,0.25
6352,0.29
6354,0.30
6356,0.06
6359,0.11
6361,0.06
6362,0.05
6363,0.15
6364,0.17
6366,0.20
6369,0.43
6371,0.08
6372,0.08
6375,0.22
6378,0.22
6379,0.40
6380,0.05
6382,0.09
6386,0.05
6388,0.14
6389,0.20
6394,0.09
6395,0.14
6401,0.07
6402,0.15
6403,0.41
6404,0.07
6405,0.10
6409,0.19
6410,0.20
6412,0.07
6414,0.52
6416,0.10
6417,0.40
6418,0.08
6422,0.33
6424,0.00
6426,0.27
6429,0.40
6434,0.01
6436,0.25
6437,0.21
6440,0.15
6442,0.03
6445,0.07
6446,0.05
6453,0.17
6454,0.00
6457,0.50
6460,0.36
6461,0.30
6463,0.29
6465,0.25
6466,0.18
6468,0.20
6475,0.15
6476,0.17
6481,0.05
6483,0.53
6484,0.40
6485,0.23
6486,0.00
6487,0.04
6488,0.20
6490,0.11
6491,0.20
6492,0.29
6493,0.20
6494,0.70
6497,0.33
6501,0.08
6502,0.22
6504,0.04
6510,0.14
6511,0.05
6513,0.08
6515,0.14
6518,0.20
6521,0.12
6523,0.11
6524,0.16
6528,0.11
6529,0.31
6530,0.05
6531,0.06
6532,0.31
6533,0.11
6534,0.01
6535,0.15
6536,0.64
6537,0.13
6539,0.21
6540,0.06
6542,0.01
6546,0.12
6549,0.35
6551,0.01
6553,0.03
6555,0.14
6561,0.14
6565,0.05
6566,0.15
6567,0.17
6568,0.07
6570,0.29
6571,0.09
6572,0.14
6573,0.35
6574,0.08
6575,0.14
6576,0.11
6577,0.09
6578,0.29
6579,0.25
6581,0.44
6582,0.20
6583,0.12
3829,0.07
6594,0.07
6595,0.17
6597,0.33
6603,0.03
6604,0.15
6607,0.04
6609,0.40
6611,0.57
6612,0.60
6614,0.19
6615,0.32
6619,0.25
6620,0.25
6622,0.80
6627,0.10
6630,0.33
6631,0.14
6632,0.20
6637,0.30
6638,0.09
6639,0.67
6643,0.30
6644,0.20
6645,0.10
6646,0.57
6647,0.40
6649,0.90
6650,0.11
6651,0.25
6652,0.15
2131,0.10
6662,0.09
6664,0.03
6666,0.25
6669,0.06
6670,0.11
6671,0.30
6676,0.60
6679,0.22
6680,0.07
6681,0.07
6683,0.32
6684,0.20
6693,0.59
6694,0.40
223,0.30
6704,0.40
6706,0.60
6709,0.25
6713,0.54
6717,0.17
2485,0.07
6721,0.50
6723,0.29
6724,0.04
6725,0.17
6735,0.12
6736,0.27
6738,0.17
6739,0.03
6740,0.15
6741,0.14
6742,0.30
6746,0.07
6747,0.20
6749,0.05
6750,0.03
6752,0.67
6755,0.17
6756,0.38
6759,0.08
6760,0.22
6761,0.04
6762,0.02
6763,0.06
6764,0.23
6767,0.80
6768,0.03
6769,0.04
6771,0.40
6772,0.40
6773,0.06
6775,0.20
6777,0.03
6779,0.35
6781,0.25
6787,0.07
6788,0.60
6792,0.10
6794,0.12
6796,0.18
6797,0.14
6799,0.44
6802,0.12
6803,0.10
6805,0.02
8410,0.06
6809,0.11
6810,0.14
6814,0.05
6816,0.20
6817,0.20
6818,0.20
6819,0.40
6823,0.22
6825,0.16
6826,0.04
6827,0.50
6828,0.17
6829,0.09
6832,0.36
6834,0.17
6835,0.38
6836,0.20
6840,0.25
6842,0.10
6843,0.20
6846,0.60
6847,0.50
6848,0.30
6852,0.04
6853,0.75
100,0.50
6856,0.21
6858,0.11
6862,0.25
6863,0.09
6864,0.25
6867,0.25
6868,0.07
6876,0.30
6879,0.09
6880,0.12
6885,0.17
6889,0.10
6892,0.19
6894,0.09
6895,0.09
6896,0.69
6900,0.05
6901,0.06
6905,0.16
6907,0.03
6909,0.30
6913,0.35
6914,0.16
6915,0.03
6917,0.40
6919,0.17
6920,0.70
6921,0.20
6923,0.75
6924,0.25
6926,0.09
6933,0.20
6934,0.50
6935,0.27
6936,0.06
6938,0.11
6940,0.10
6942,0.14
6944,0.10
6946,0.42
6952,0.22
6953,0.07
6954,0.16
6955,0.35
6958,0.25
6961,0.09
6962,0.20
6963,0.19
6967,0.44
6971,0.14
6972,0.33
6974,0.67
505,0.11
6982,0.12
6983,0.04
6984,0.20
6987,0.08
6989,0.40
6993,0.25
6997,0.47
6998,0.07
7001,0.45
7003,0.21
7004,0.40
7005,0.20
7007,0.39
7008,0.18
7009,0.06
7011,0.19
7012,0.40
7013,0.14
7016,0.54
7018,0.16
7019,0.00
7020,0.33
7023,0.03
7024,0.07
7029,0.28
7031,0.12
7034,0.30
7036,0.40
7037,0.14
7042,0.20
7043,0.23
7045,0.14
7047,0.18
7048,0.22
7049,1.00
8269,0.16
7054,0.25
7056,0.25
7060,0.05
7061,0.54
7063,0.11
7064,0.01
7068,0.29
7070,0.33
7072,0.03
7073,1.00
7078,0.27
7086,0.09
7087,0.17
7092,0.40
7094,0.22
7098,0.24
7099,0.06
7101,0.08
7103,0.25
7111,0.50
7113,0.02
7114,0.20
7117,0.14
7119,0.15
7121,0.14
7126,0.20
7129,0.09
7132,0.04
7133,0.10
7136,0.13
7142,0.25
7143,0.06
7147,0.19
7148,0.17
7151,0.10
7161,0.15
7164,0.50
3925,0.80
7169,0.05
7170,0.43
7171,0.40
7174,0.03
7175,0.20
7176,0.02
7177,0.07
7181,0.13
7182,0.19
7183,0.15
7186,0.33
7187,0.33
7191,0.11
7194,0.02
7195,0.10
7203,0.08
7204,0.07
8696,0.20
7206,0.44
7209,0.70
7212,0.37
7213,0.23
7214,0.29
7216,0.21
7221,0.16
7223,0.43
7226,0.23
7229,0.18
7231,0.35
7232,0.23
7233,0.36
7234,0.24
7237,0.11
7241,0.62
7242,0.35
7243,0.04
7244,0.25
7245,0.05
7250,0.14
7251,0.11
7253,0.17
7255,0.14
7259,0.08
7260,0.14
7261,0.11
7263,0.90
7265,0.09
7266,0.20
7268,0.17
7269,0.17
7274,0.09
7275,0.36
7278,0.05
7279,0.52
7285,0.07
7286,0.06
7289,0.14
7290,0.11
7293,0.29
7294,0.03
7297,0.11
7299,0.40
7302,0.24
7303,0.22
7304,0.25
7305,0.17
7307,0.23
7311,0.20
7312,0.16
7314,0.04
7315,0.18
7316,0.11
7317,0.05
7318,0.26
7319,0.08
7321,0.04
7322,0.08
7324,0.16
7328,0.24
7334,0.13
7337,0.80
7338,0.40
7339,0.11
7340,0.20
7346,0.29
7347,0.07
7349,0.07
7353,0.08
7354,0.05
7357,0.21
7361,0.40
7362,0.07
7364,0.17
7365,0.40
7368,0.50
7369,0.06
7373,0.50
7374,0.05
7378,0.33
7379,0.17
7381,0.05
7383,0.33
7384,0.40
7386,0.36
7388,0.33
7392,0.22
7397,0.19
7402,0.33
7403,0.04
7407,0.33
7411,0.10
7414,0.27
7415,0.10
7417,0.05
7418,0.26
7421,0.87
7422,0.19
7424,0.25
7427,0.19
7428,0.13
7432,0.12
7435,0.03
7438,0.14
7439,0.50
7441,0.13
7443,0.19
7445,0.22
7446,0.15
7448,0.04
7452,0.18
7460,0.13
7465,0.13
7467,0.11
7468,0.75
7470,0.03
7471,0.05
7474,0.33
7476,0.07
7483,0.27
7487,0.02
7489,0.21
7490,0.21
7491,0.22
7495,0.04
7499,0.55
7501,0.60
7503,0.21
7508,0.14
7510,0.25
7515,0.27
7516,0.05
7521,0.25
7524,0.18
7527,0.56
7529,0.10
7530,0.25
7533,0.70
7537,0.56
7539,0.07
7540,0.50
7546,0.25
7549,0.40
7553,0.14
7555,0.04
7557,0.80
7560,0.14
7562,0.16
7564,0.03
7566,0.07
7571,0.24
7573,0.07
7575,0.08
7578,0.25
7579,0.07
7580,0.06
7583,0.20
7587,0.36
7588,0.09
7589,0.26
7592,0.32
7597,0.50
7598,0.06
7600,0.34
7601,0.39
7602,0.32
7604,0.16
7605,0.18
7609,0.12
7611,0.38
7612,0.05
7613,0.06
7616,0.27
7617,0.62
7618,0.25
7619,0.10
7621,0.50
7623,0.17
7625,0.38
7629,0.33
7632,0.25
7636,0.09
7644,0.05
7646,0.18
7648,0.25
7650,0.40
7652,0.17
7653,0.80
7656,0.33
7657,0.07
7658,0.08
7659,0.40
7662,0.50
7663,0.30
7666,0.10
7667,0.05
7672,0.04
7673,0.63
7678,0.25
7679,0.20
7688,0.70
7698,0.18
7699,0.20
7701,0.30
7704,0.80
7706,0.01
7708,0.14
7711,0.49
7712,0.50
7714,0.20
7716,0.08
7717,0.07
7718,0.33
7719,0.08
7721,0.04
7722,0.43
7724,0.08
2653,0.60
7731,0.29
7732,0.40
7733,0.07
7734,0.12
7741,0.06
7742,0.31
7744,0.70
7745,0.30
7746,0.18
7747,0.10
7748,0.13
7753,0.25
7754,0.38
8344,0.12
7757,0.04
7758,0.03
7759,0.18
7762,0.40
7766,0.33
7767,0.11
7771,0.19
7773,0.44
7776,0.02
7782,0.12
7785,0.15
7788,0.08
7790,0.50
7792,0.04
7793,0.17
7795,0.71
7797,0.04
7799,0.11
7801,0.06
7803,0.18
7805,0.09
7806,0.08
7810,0.17
7811,0.29
7812,0.02
7818,0.40
7819,0.07
7821,0.14
1897,0.60
7827,0.15
7829,0.14
7830,0.14
7832,0.03
7836,0.40
7838,0.07
7840,0.08
7841,0.14
7842,0.20
163,0.11
7849,0.40
7850,0.08
7852,0.06
7858,0.20
7867,0.40
7868,0.55
7871,0.12
7872,0.28
7876,0.14
7878,0.22
7882,0.40
7883,0.31
7884,0.06
7885,0.60
7886,0.23
7888,0.43
7889,0.31
7890,0.14
7891,0.14
7893,0.25
7895,0.50
7902,0.36
7903,0.36
7904,0.57
7905,0.33
7907,0.05
7908,0.12
7909,0.01
7910,0.35
7913,0.05
7914,0.40
7916,0.75
7917,0.05
7919,0.08
7921,0.15
7922,0.05
7925,0.90
7926,0.24
7927,0.06
7929,0.11
7930,0.08
7932,0.04
7934,0.05
7935,0.57
7939,0.15
7943,0.33
7944,0.05
7949,0.04
7950,0.20
7953,0.25
7958,0.02
7959,0.06
7960,0.33
7963,0.16
7964,0.25
7969,0.80
538,0.11
7972,0.25
7974,0.04
7975,0.33
7977,0.25
7979,0.06
7981,0.30
7982,0.24
7985,0.30
7987,0.03
7988,0.25
7989,0.15
7993,0.05
7995,0.30
7997,0.17
7998,0.07
7999,0.20
8000,0.05
8004,0.06
8005,0.30
8010,0.11
8011,0.07
8012,0.44
8013,0.10
8014,0.14
8020,0.13
8022,0.11
8025,0.33
8027,0.05
8028,0.33
8030,0.11
8031,0.60
8032,0.36
8033,0.40
8036,0.20
8037,0.03
8040,0.30
8041,0.10
8043,0.07
8045,0.17
8046,0.30
8049,0.07
8050,0.07
2707,0.12
8055,0.04
8057,0.27
8058,0.29
8060,0.20
8064,0.30
8066,0.22
8068,0.40
8069,0.18
8070,0.36
8076,0.14
8077,0.00
8078,0.50
8088,0.04
8092,0.22
8095,0.14
8096,0.30
8097,0.09
8098,0.08
8099,0.11
8108,0.35
8109,0.14
8110,0.03
8111,0.05
8112,0.12
8114,0.50
8116,0.60
8117,0.17
8119,0.30
8121,0.17
8122,0.29
8124,0.02
8125,0.40
8126,0.33
8130,0.12
8131,0.08
8135,0.05
8139,0.12
8143,0.36
8144,0.21
8145,0.38
8146,0.05
8147,0.07
8149,0.56
8152,0.25
8205,0.33
8157,0.60
8161,0.10
8162,0.17
8164,0.40
8166,0.20
8167,0.40
8169,0.08
8170,0.14
8172,0.12
8175,0.30
8177,0.09
8179,0.19
8181,0.07
8184,0.06
8186,0.01
8188,0.07
8190,0.40
2,0.00
3,0.00
8,0.00
11,0.00
12,0.00
23,0.00
24,0.00
39,0.00
43,0.00
44,0.00
53,0.00
56,0.00
60,0.00
63,0.00
70,0.00
71,0.00
72,0.00
102,0.00
108,0.00
114,0.00
127,0.00
131,0.00
137,0.00
138,0.00
142,0.00
148,0.00
149,0.00
151,0.00
155,0.00
166,0.00
169,0.00
172,0.00
185,0.00
193,0.00
197,0.00
205,0.00
206,0.00
215,0.00
225,0.00
226,0.00
227,0.00
230,0.00
233,0.00
234,0.00
242,0.00
245,0.00
250,0.00
253,0.00
256,0.00
258,0.00
263,0.00
268,0.00
272,0.00
274,0.00
275,0.00
276,0.00
290,0.00
291,0.00
295,0.00
297,0.00
298,0.00
306,0.00
311,0.00
313,0.00
318,0.00
321,0.00
323,0.00
325,0.00
326,0.00
337,0.00
341,0.00
344,0.00
345,0.00
358,0.00
361,0.00
368,0.00
370,0.00
371,0.00
372,0.00
373,0.00
377,0.00
387,0.00
396,0.00
412,0.00
417,0.00
426,0.00
430,0.00
432,0.00
436,0.00
438,0.00
440,0.00
443,0.00
454,0.00
458,0.00
462,0.00
480,0.00
484,0.00
486,0.00
487,0.00
488,0.00
489,0.00
494,0.00
502,0.00
510,0.00
515,0.00
518,0.00
521,0.00
527,0.00
529,0.00
532,0.00
533,0.00
541,0.00
548,0.00
552,0.00
557,0.00
559,0.00
568,0.00
571,0.00
573,0.00
578,0.00
581,0.00
590,0.00
591,0.00
593,0.00
598,0.00
606,0.00
608,0.00
613,0.00
622,0.00
623,0.00
624,0.00
625,0.00
627,0.00
630,0.00
635,0.00
641,0.00
645,0.00
657,0.00
659,0.00
663,0.00
668,0.00
671,0.00
677,0.00
678,0.00
684,0.00
696,0.00
700,0.00
704,0.00
708,0.00
710,0.00
712,0.00
713,0.00
719,0.00
727,0.00
732,0.00
746,0.00
749,0.00
753,0.00
761,0.00
762,0.00
765,0.00
767,0.00
770,0.00
771,0.00
773,0.00
774,0.00
778,0.00
781,0.00
783,0.00
786,0.00
790,0.00
794,0.00
801,0.00
802,0.00
804,0.00
812,0.00
828,0.00
829,0.00
832,0.00
835,0.00
845,0.00
848,0.00
851,0.00
862,0.00
863,0.00
865,0.00
870,0.00
871,0.00
879,0.00
881,0.00
887,0.00
895,0.00
896,0.00
900,0.00
903,0.00
910,0.00
911,0.00
919,0.00
920,0.00
936,0.00
955,0.00
956,0.00
960,0.00
961,0.00
965,0.00
971,0.00
980,0.00
985,0.00
987,0.00
992,0.00
1002,0.00
1010,0.00
1017,0.00
1032,0.00
1034,0.00
1040,0.00
1051,0.00
1070,0.00
1074,0.00
1077,0.00
1078,0.00
1081,0.00
1083,0.00
1084,0.00
1090,0.00
1094,0.00
1098,0.00
1099,0.00
1100,0.00
1106,0.00
1110,0.00
1116,0.00
1122,0.00
1130,0.00
1133,0.00
1138,0.00
1147,0.00
1151,0.00
1155,0.00
1167,0.00
1171,0.00
1174,0.00
1176,0.00
1179,0.00
1184,0.00
1189,0.00
1196,0.00
1202,0.00
1207,0.00
1208,0.00
1212,0.00
1214,0.00
1215,0.00
1218,0.00
1223,0.00
1224,0.00
1232,0.00
1234,0.00
1236,0.00
1237,0.00
1239,0.00
1249,0.00
1250,0.00
1252,0.00
1257,0.00
1260,0.00
1267,0.00
1269,0.00
1271,0.00
1291,0.00
1305,0.00
1308,0.00
1316,0.00
1324,0.00
1327,0.00
1328,0.00
1330,0.00
1337,0.00
1340,0.00
1341,0.00
1345,0.00
1346,0.00
1357,0.00
1372,0.00
1377,0.00
1378,0.00
1392,0.00
1395,0.00
1396,0.00
1399,0.00
1402,0.00
1404,0.00
1406,0.00
1409,0.00
1410,0.00
1411,0.00
1420,0.00
1421,0.00
1423,0.00
1424,0.00
1429,0.00
1432,0.00
1437,0.00
1449,0.00
1451,0.00
1452,0.00
1454,0.00
1471,0.00
1480,0.00
1482,0.00
1488,0.00
1492,0.00
1506,0.00
1516,0.00
1517,0.00
1518,0.00
1521,0.00
1533,0.00
1534,0.00
1537,0.00
1540,0.00
1549,0.00
1552,0.00
1556,0.00
1557,0.00
1563,0.00
1566,0.00
1598,0.00
1602,0.00
1609,0.00
1611,0.00
1615,0.00
1617,0.00
1621,0.00
1624,0.00
1639,0.00
1658,0.00
1664,0.00
1666,0.00
1669,0.00
1671,0.00
1673,0.00
1674,0.00
1688,0.00
1692,0.00
1699,0.00
1701,0.00
1704,0.00
1710,0.00
1714,0.00
1724,0.00
1729,0.00
1737,0.00
1739,0.00
1741,0.00
1748,0.00
1759,0.00
1760,0.00
1762,0.00
1766,0.00
1769,0.00
1773,0.00
1774,0.00
1777,0.00
1781,0.00
1782,0.00
1783,0.00
1787,0.00
1799,0.00
1814,0.00
1815,0.00
1817,0.00
1823,0.00
1825,0.00
1826,0.00
1832,0.00
1833,0.00
1836,0.00
1840,0.00
1844,0.00
1845,0.00
1849,0.00
1859,0.00
1861,0.00
1862,0.00
1869,0.00
1873,0.00
1889,0.00
1900,0.00
1902,0.00
1906,0.00
1907,0.00
1909,0.00
1912,0.00
1937,0.00
1940,0.00
1942,0.00
1952,0.00
1967,0.00
1969,0.00
1970,0.00
1972,0.00
1981,0.00
1987,0.00
1988,0.00
1992,0.00
2001,0.00
2004,0.00
2006,0.00
2008,0.00
2012,0.00
2026,0.00
2031,0.00
2032,0.00
2042,0.00
2047,0.00
2054,0.00
2057,0.00
2058,0.00
2061,0.00
2077,0.00
2078,0.00
2082,0.00
2083,0.00
2084,0.00
2086,0.00
2088,0.00
2090,0.00
2093,0.00
2096,0.00
2097,0.00
2098,0.00
2102,0.00
2116,0.00
2117,0.00
2123,0.00
2141,0.00
2148,0.00
2153,0.00
2159,0.00
2161,0.00
2170,0.00
2171,0.00
2173,0.00
2174,0.00
2175,0.00
2178,0.00
2183,0.00
2185,0.00
2192,0.00
2193,0.00
2199,0.00
2210,0.00
2211,0.00
2214,0.00
2216,0.00
2218,0.00
2221,0.00
2223,0.00
2234,0.00
2236,0.00
2238,0.00
2248,0.00
2250,0.00
2251,0.00
2254,0.00
2260,0.00
2266,0.00
2270,0.00
2271,0.00
2274,0.00
2286,0.00
2295,0.00
2298,0.00
2307,0.00
2312,0.00
2330,0.00
2332,0.00
2337,0.00
2344,0.00
2346,0.00
2349,0.00
2351,0.00
2356,0.00
2358,0.00
2364,0.00
2370,0.00
2373,0.00
2375,0.00
2377,0.00
2378,0.00
2391,0.00
2392,0.00
2393,0.00
2396,0.00
2397,0.00
2406,0.00
2407,0.00
2415,0.00
2428,0.00
2431,0.00
2447,0.00
2448,0.00
2453,0.00
2457,0.00
2473,0.00
2475,0.00
2477,0.00
2482,0.00
2486,0.00
2489,0.00
2506,0.00
2508,0.00
2509,0.00
2511,0.00
2512,0.00
2517,0.00
2518,0.00
2523,0.00
2533,0.00
2539,0.00
2540,0.00
2541,0.00
2542,0.00
2557,0.00
2571,0.00
2579,0.00
2588,0.00
2591,0.00
2612,0.00
2618,0.00
2628,0.00
2633,0.00
2638,0.00
2641,0.00
2647,0.00
2648,0.00
2657,0.00
2664,0.00
2666,0.00
2672,0.00
2677,0.00
2680,0.00
2688,0.00
2692,0.00
2695,0.00
2697,0.00
2698,0.00
2699,0.00
2704,0.00
2706,0.00
2715,0.00
2717,0.00
2719,0.00
2727,0.00
2729,0.00
2732,0.00
2745,0.00
2747,0.00
2761,0.00
2768,0.00
2770,0.00
2771,0.00
2776,0.00
2778,0.00
2791,0.00
2792,0.00
2794,0.00
2798,0.00
2807,0.00
2815,0.00
2818,0.00
2819,0.00
2820,0.00
2826,0.00
2833,0.00
2838,0.00
2840,0.00
2841,0.00
2843,0.00
2844,0.00
2845,0.00
2846,0.00
2861,0.00
2862,0.00
2865,0.00
2867,0.00
2871,0.00
2884,0.00
2888,0.00
2890,0.00
2892,0.00
2897,0.00
2924,0.00
2925,0.00
2946,0.00
2947,0.00
2949,0.00
2955,0.00
2956,0.00
2962,0.00
2971,0.00
2980,0.00
2988,0.00
2994,0.00
2998,0.00
3001,0.00
3010,0.00
3014,0.00
3026,0.00
3034,0.00
3039,0.00
3040,0.00
3041,0.00
3042,0.00
3043,0.00
3050,0.00
3060,0.00
3064,0.00
3066,0.00
3069,0.00
3070,0.00
3077,0.00
3083,0.00
3092,0.00
3098,0.00
3109,0.00
3115,0.00
3122,0.00
3126,0.00
3129,0.00
3135,0.00
3136,0.00
3138,0.00
3143,0.00
3147,0.00
3160,0.00
3161,0.00
3178,0.00
3179,0.00
3181,0.00
3183,0.00
3201,0.00
3206,0.00
3209,0.00
3212,0.00
3213,0.00
3214,0.00
3215,0.00
3220,0.00
3223,0.00
3225,0.00
3243,0.00
3244,0.00
3253,0.00
3259,0.00
3262,0.00
3265,0.00
3266,0.00
3275,0.00
3277,0.00
3286,0.00
3292,0.00
3295,0.00
3297,0.00
3306,0.00
3313,0.00
3314,0.00
3323,0.00
3331,0.00
3335,0.00
3343,0.00
3348,0.00
3350,0.00
3351,0.00
3354,0.00
3356,0.00
3358,0.00
3365,0.00
3371,0.00
3374,0.00
3375,0.00
3376,0.00
3383,0.00
3393,0.00
3395,0.00
3397,0.00
3407,0.00
3425,0.00
3427,0.00
3428,0.00
3433,0.00
3436,0.00
3439,0.00
3443,0.00
3444,0.00
3470,0.00
3485,0.00
3496,0.00
3497,0.00
3500,0.00
3521,0.00
3523,0.00
3524,0.00
3526,0.00
3536,0.00
3541,0.00
3542,0.00
3543,0.00
3560,0.00
3563,0.00
3564,0.00
3581,0.00
3585,0.00
3587,0.00
3598,0.00
3617,0.00
3623,0.00
3626,0.00
3631,0.00
3632,0.00
3634,0.00
3636,0.00
3639,0.00
3640,0.00
3643,0.00
3653,0.00
3657,0.00
3659,0.00
3664,0.00
3666,0.00
3667,0.00
3671,0.00
3672,0.00
3677,0.00
3681,0.00
3682,0.00
3687,0.00
3690,0.00
3699,0.00
3700,0.00
3708,0.00
3712,0.00
3713,0.00
3720,0.00
3723,0.00
3730,0.00
3731,0.00
3734,0.00
3742,0.00
3746,0.00
3749,0.00
3763,0.00
3767,0.00
3774,0.00
3775,0.00
3781,0.00
3783,0.00
3789,0.00
3791,0.00
3796,0.00
3805,0.00
3821,0.00
3828,0.00
3831,0.00
3836,0.00
3837,0.00
3844,0.00
3849,0.00
3852,0.00
3867,0.00
3870,0.00
3874,0.00
3878,0.00
3880,0.00
3884,0.00
3885,0.00
3889,0.00
3891,0.00
3892,0.00
3907,0.00
3908,0.00
3913,0.00
3919,0.00
3926,0.00
3930,0.00
3932,0.00
3942,0.00
3944,0.00
3953,0.00
3955,0.00
3956,0.00
3960,0.00
3962,0.00
3972,0.00
3974,0.00
3975,0.00
3979,0.00
3986,0.00
3992,0.00
4000,0.00
4006,0.00
4007,0.00
4008,0.00
4017,0.00
4019,0.00
4021,0.00
4026,0.00
4032,0.00
4038,0.00
4049,0.00
4050,0.00
4061,0.00
4065,0.00
4066,0.00
4067,0.00
4087,0.00
4088,0.00
4089,0.00
4092,0.00
4094,0.00
4095,0.00
4096,0.00
4105,0.00
4108,0.00
4114,0.00
4125,0.00
4127,0.00
4135,0.00
4145,0.00
4151,0.00
4153,0.00
4154,0.00
4159,0.00
4170,0.00
4174,0.00
4185,0.00
4186,0.00
4188,0.00
4191,0.00
4200,0.00
4210,0.00
4216,0.00
4219,0.00
4223,0.00
4224,0.00
4231,0.00
4238,0.00
4247,0.00
4254,0.00
4258,0.00
4276,0.00
4278,0.00
4301,0.00
4310,0.00
4311,0.00
4314,0.00
4317,0.00
4321,0.00
4326,0.00
4330,0.00
4336,0.00
4337,0.00
4338,0.00
4339,0.00
4341,0.00
4350,0.00
4353,0.00
4354,0.00
4357,0.00
4359,0.00
4360,0.00
4363,0.00
4366,0.00
4370,0.00
4379,0.00
4384,0.00
4388,0.00
4396,0.00
4401,0.00
4402,0.00
4403,0.00
4411,0.00
4412,0.00
4419,0.00
4421,0.00
4435,0.00
4436,0.00
4439,0.00
4446,0.00
4449,0.00
4453,0.00
4456,0.00
4458,0.00
4459,0.00
4463,0.00
4470,0.00
4473,0.00
4480,0.00
4490,0.00
4495,0.00
4496,0.00
4500,0.00
4503,0.00
4513,0.00
4514,0.00
4525,0.00
4526,0.00
4537,0.00
4539,0.00
4544,0.00
4547,0.00
4548,0.00
4550,0.00
4556,0.00
4571,0.00
4574,0.00
4587,0.00
4588,0.00
4591,0.00
4593,0.00
4594,0.00
4598,0.00
4602,0.00
4616,0.00
4622,0.00
4624,0.00
4625,0.00
4626,0.00
4633,0.00
4634,0.00
4642,0.00
4652,0.00
4657,0.00
4659,0.00
4666,0.00
4683,0.00
4685,0.00
4689,0.00
4693,0.00
4699,0.00
4705,0.00
4713,0.00
4716,0.00
4717,0.00
4718,0.00
4719,0.00
4721,0.00
4723,0.00
4739,0.00
4742,0.00
4744,0.00
4755,0.00
4757,0.00
4772,0.00
4777,0.00
4779,0.00
4791,0.00
4794,0.00
4795,0.00
4802,0.00
4809,0.00
4810,0.00
4811,0.00
4818,0.00
4821,0.00
4822,0.00
4830,0.00
4831,0.00
4836,0.00
4838,0.00
4851,0.00
4853,0.00
4858,0.00
4859,0.00
4862,0.00
4863,0.00
4864,0.00
4873,0.00
4886,0.00
4887,0.00
4892,0.00
4898,0.00
4900,0.00
4922,0.00
4925,0.00
4928,0.00
4933,0.00
4936,0.00
4943,0.00
4950,0.00
4954,0.00
4956,0.00
4957,0.00
4961,0.00
4963,0.00
4966,0.00
4972,0.00
4985,0.00
4987,0.00
5000,0.00
5011,0.00
5012,0.00
5016,0.00
5020,0.00
5021,0.00
5023,0.00
5026,0.00
5052,0.00
5055,0.00
5059,0.00
5060,0.00
5064,0.00
5068,0.00
5069,0.00
5075,0.00
5080,0.00
5081,0.00
5082,0.00
5086,0.00
5088,0.00
5094,0.00
5100,0.00
5104,0.00
5110,0.00
5112,0.00
5118,0.00
5129,0.00
5137,0.00
5146,0.00
5153,0.00
5154,0.00
5159,0.00
5160,0.00
5162,0.00
5165,0.00
5169,0.00
5176,0.00
5180,0.00
5181,0.00
5183,0.00
5185,0.00
5195,0.00
5196,0.00
5198,0.00
5200,0.00
5205,0.00
5208,0.00
5226,0.00
5227,0.00
5229,0.00
5230,0.00
5240,0.00
5244,0.00
5245,0.00
5249,0.00
5255,0.00
5267,0.00
5269,0.00
5272,0.00
5275,0.00
5279,0.00
5280,0.00
5283,0.00
5284,0.00
5290,0.00
5296,0.00
5299,0.00
5303,0.00
5306,0.00
5308,0.00
5313,0.00
5314,0.00
5317,0.00
5318,0.00
5343,0.00
5352,0.00
5355,0.00
5357,0.00
5368,0.00
5372,0.00
5380,0.00
5382,0.00
5384,0.00
5386,0.00
5388,0.00
5389,0.00
5394,0.00
5395,0.00
5404,0.00
5417,0.00
5425,0.00
5427,0.00
5430,0.00
5431,0.00
5432,0.00
5434,0.00
5435,0.00
5439,0.00
5440,0.00
5444,0.00
5447,0.00
5461,0.00
5468,0.00
5469,0.00
5470,0.00
5475,0.00
5476,0.00
5482,0.00
5484,0.00
5485,0.00
5486,0.00
5494,0.00
5499,0.00
5519,0.00
5523,0.00
5528,0.00
5529,0.00
5531,0.00
5537,0.00
5555,0.00
5564,0.00
5565,0.00
5566,0.00
5575,0.00
5578,0.00
5580,0.00
5583,0.00
5603,0.00
5610,0.00
5621,0.00
5625,0.00
5626,0.00
5642,0.00
5656,0.00
5658,0.00
5659,0.00
5662,0.00
5666,0.00
5675,0.00
5676,0.00
5677,0.00
5680,0.00
5684,0.00
5686,0.00
5693,0.00
5694,0.00
5698,0.00
5702,0.00
5718,0.00
5719,0.00
5724,0.00
5725,0.00
5728,0.00
5739,0.00
5744,0.00
5747,0.00
5748,0.00
5749,0.00
5750,0.00
5756,0.00
5772,0.00
5778,0.00
5781,0.00
5782,0.00
5786,0.00
5788,0.00
5795,0.00
5805,0.00
5810,0.00
5816,0.00
5820,0.00
5822,0.00
5823,0.00
5824,0.00
5840,0.00
5845,0.00
5862,0.00
5864,0.00
5868,0.00
5873,0.00
5874,0.00
5891,0.00
5893,0.00
5894,0.00
5902,0.00
5904,0.00
5906,0.00
5911,0.00
5913,0.00
5921,0.00
5927,0.00
5933,0.00
5936,0.00
5938,0.00
5944,0.00
5950,0.00
5951,0.00
5964,0.00
5966,0.00
5976,0.00
5977,0.00
5986,0.00
5991,0.00
5993,0.00
5996,0.00
5997,0.00
6002,0.00
6003,0.00
6013,0.00
6018,0.00
6026,0.00
6032,0.00
6040,0.00
6046,0.00
6047,0.00
6051,0.00
6052,0.00
6071,0.00
6072,0.00
6075,0.00
6080,0.00
6086,0.00
6091,0.00
6100,0.00
6102,0.00
6104,0.00
6112,0.00
6117,0.00
6119,0.00
6120,0.00
6136,0.00
6146,0.00
6150,0.00
6155,0.00
6156,0.00
6159,0.00
6165,0.00
6167,0.00
6170,0.00
6174,0.00
6185,0.00
6188,0.00
6191,0.00
6203,0.00
6208,0.00
6214,0.00
6217,0.00
6219,0.00
6222,0.00
6236,0.00
6244,0.00
6250,0.00
6251,0.00
6260,0.00
6265,0.00
6281,0.00
6301,0.00
6302,0.00
6305,0.00
6307,0.00
6310,0.00
6314,0.00
6315,0.00
6319,0.00
6323,0.00
6325,0.00
6327,0.00
6328,0.00
6331,0.00
6332,0.00
6338,0.00
6346,0.00
6358,0.00
6360,0.00
6365,0.00
6367,0.00
6374,0.00
6376,0.00
6377,0.00
6381,0.00
6387,0.00
6390,0.00
6392,0.00
6393,0.00
6398,0.00
6408,0.00
6421,0.00
6425,0.00
6427,0.00
6431,0.00
6438,0.00
6439,0.00
6444,0.00
6450,0.00
6451,0.00
6456,0.00
6459,0.00
6462,0.00
6469,0.00
6473,0.00
6477,0.00
6480,0.00
6482,0.00
6503,0.00
6505,0.00
6506,0.00
6508,0.00
6514,0.00
6517,0.00
6519,0.00
6520,0.00
6522,0.00
6526,0.00
6544,0.00
6545,0.00
6554,0.00
6556,0.00
6557,0.00
6558,0.00
6559,0.00
6560,0.00
6562,0.00
6586,0.00
6587,0.00
6588,0.00
6596,0.00
6599,0.00
6601,0.00
6605,0.00
6610,0.00
6618,0.00
6621,0.00
6623,0.00
6628,0.00
6629,0.00
6636,0.00
6641,0.00
6642,0.00
6648,0.00
6654,0.00
6656,0.00
6657,0.00
6658,0.00
6663,0.00
6667,0.00
6668,0.00
6672,0.00
6678,0.00
6682,0.00
6686,0.00
6688,0.00
6689,0.00
6695,0.00
6697,0.00
6700,0.00
6701,0.00
6708,0.00
6710,0.00
6712,0.00
6726,0.00
6727,0.00
6729,0.00
6730,0.00
6731,0.00
6732,0.00
6733,0.00
6734,0.00
6743,0.00
6745,0.00
6748,0.00
6753,0.00
6754,0.00
6758,0.00
6766,0.00
6774,0.00
6776,0.00
6780,0.00
6782,0.00
6783,0.00
6784,0.00
6790,0.00
6793,0.00
6801,0.00
6804,0.00
6806,0.00
6808,0.00
6813,0.00
6822,0.00
6824,0.00
6830,0.00
6844,0.00
6851,0.00
6860,0.00
6861,0.00
6865,0.00
6871,0.00
6872,0.00
6877,0.00
6881,0.00
6884,0.00
6886,0.00
6891,0.00
6898,0.00
6899,0.00
6902,0.00
6903,0.00
6911,0.00
6916,0.00
6922,0.00
6929,0.00
6941,0.00
6949,0.00
6951,0.00
6959,0.00
6964,0.00
6965,0.00
6966,0.00
6968,0.00
6969,0.00
6978,0.00
6979,0.00
6980,0.00
6981,0.00
6985,0.00
6988,0.00
6991,0.00
6994,0.00
6996,0.00
7002,0.00
7006,0.00
7015,0.00
7035,0.00
7039,0.00
7040,0.00
7046,0.00
7052,0.00
7053,0.00
7055,0.00
7057,0.00
7059,0.00
7075,0.00
7076,0.00
7079,0.00
7080,0.00
7081,0.00
7083,0.00
7084,0.00
7093,0.00
7097,0.00
7102,0.00
7106,0.00
7109,0.00
7116,0.00
7118,0.00
7124,0.00
7125,0.00
7130,0.00
7135,0.00
7137,0.00
7138,0.00
7140,0.00
7144,0.00
7146,0.00
7150,0.00
7153,0.00
7154,0.00
7158,0.00
7163,0.00
7166,0.00
7172,0.00
7173,0.00
7178,0.00
7180,0.00
7190,0.00
7192,0.00
7193,0.00
7196,0.00
7198,0.00
7200,0.00
7208,0.00
7222,0.00
7228,0.00
7240,0.00
7264,0.00
7267,0.00
7270,0.00
7271,0.00
7276,0.00
7282,0.00
7283,0.00
7287,0.00
7291,0.00
7292,0.00
7298,0.00
7301,0.00
7306,0.00
7313,0.00
7320,0.00
7326,0.00
7332,0.00
7335,0.00
7342,0.00
7344,0.00
7355,0.00
7358,0.00
7370,0.00
7372,0.00
7376,0.00
7385,0.00
7396,0.00
7400,0.00
7404,0.00
7410,0.00
7412,0.00
7413,0.00
7419,0.00
7423,0.00
7426,0.00
7431,0.00
7437,0.00
7447,0.00
7449,0.00
7451,0.00
7453,0.00
7454,0.00
7456,0.00
7457,0.00
7459,0.00
7463,0.00
7469,0.00
7478,0.00
7479,0.00
7480,0.00
7482,0.00
7484,0.00
7486,0.00
7493,0.00
7494,0.00
7497,0.00
7500,0.00
7505,0.00
7506,0.00
7507,0.00
7518,0.00
7522,0.00
7528,0.00
7532,0.00
7534,0.00
7535,0.00
7544,0.00
7545,0.00
7547,0.00
7548,0.00
7550,0.00
7551,0.00
7558,0.00
7565,0.00
7576,0.00
7581,0.00
7584,0.00
7586,0.00
7591,0.00
7595,0.00
7599,0.00
7607,0.00
7615,0.00
7626,0.00
7628,0.00
7634,0.00
7635,0.00
7642,0.00
7643,0.00
7647,0.00
7660,0.00
7665,0.00
7668,0.00
7670,0.00
7674,0.00
7677,0.00
7681,0.00
7683,0.00
7684,0.00
7685,0.00
7686,0.00
7691,0.00
7694,0.00
7702,0.00
7703,0.00
7707,0.00
7736,0.00
7740,0.00
7751,0.00
7760,0.00
7772,0.00
7775,0.00
7789,0.00
7796,0.00
7798,0.00
7808,0.00
7815,0.00
7816,0.00
7822,0.00
7828,0.00
7831,0.00
7834,0.00
7846,0.00
7848,0.00
7851,0.00
7853,0.00
7859,0.00
7864,0.00
7865,0.00
7875,0.00
7877,0.00
7879,0.00
7880,0.00
7881,0.00
7892,0.00
7894,0.00
7896,0.00
7898,0.00
7899,0.00
7900,0.00
7906,0.00
7912,0.00
7915,0.00
7920,0.00
7928,0.00
7942,0.00
7945,0.00
7946,0.00
7951,0.00
7961,0.00
7966,0.00
7967,0.00
7968,0.00
7971,0.00
7973,0.00
7980,0.00
7986,0.00
7990,0.00
7996,0.00
8002,0.00
8017,0.00
8021,0.00
8024,0.00
8035,0.00
8042,0.00
8056,0.00
8059,0.00
8061,0.00
8071,0.00
8075,0.00
8080,0.00
8091,0.00
8093,0.00
8113,0.00
8142,0.00
8148,0.00
8151,0.00
8154,0.00
8155,0.00
8158,0.00
8159,0.00
8160,0.00
8163,0.00
8171,0.00
8174,0.00
8180,0.00
8182,0.00
8187,0.00
8193,0.00
8198,0.00
8200,0.00
8201,0.00
8203,0.00
8206,0.00
8210,0.00
8214,0.00
8215,0.00
8220,0.00
8227,0.00
8237,0.00
8249,0.00
8253,0.00
8255,0.00
8266,0.00
8268,0.00
8271,0.00
8276,0.00
8279,0.00
8280,0.00
8281,0.00
8284,0.00
8285,0.00
8287,0.00
8290,0.00
8297,0.00
8301,0.00
8303,0.00
8318,0.00
8323,0.00
8328,0.00
8331,0.00
8338,0.00
8341,0.00
8360,0.00
8363,0.00
8367,0.00
8369,0.00
8376,0.00
8378,0.00
8379,0.00
8392,0.00
8397,0.00
8401,0.00
8403,0.00
8409,0.00
8413,0.00
8414,0.00
8426,0.00
8432,0.00
8436,0.00
8446,0.00
8447,0.00
8448,0.00
8449,0.00
8454,0.00
8457,0.00
8458,0.00
8470,0.00
8471,0.00
8480,0.00
8482,0.00
8483,0.00
8498,0.00
8507,0.00
8517,0.00
8518,0.00
8519,0.00
8522,0.00
8524,0.00
8525,0.00
8530,0.00
8537,0.00
8544,0.00
8556,0.00
8561,0.00
8564,0.00
8568,0.00
8569,0.00
8576,0.00
8578,0.00
8581,0.00
8582,0.00
8599,0.00
8600,0.00
8602,0.00
8604,0.00
8609,0.00
8615,0.00
8618,0.00
8621,0.00
8623,0.00
8626,0.00
8631,0.00
8646,0.00
8648,0.00
8667,0.00
8671,0.00
8684,0.00
8690,0.00
8692,0.00
8695,0.00
8698,0.00
8701,0.00
8704,0.00
8705,0.00
8709,0.00
8714,0.00
8720,0.00
8741,0.00
8743,0.00
8744,0.00
8745,0.00
8750,0.00
8758,0.00
8759,0.00
8761,0.00
8762,0.00
8766,0.00
8774,0.00
8776,0.00
8784,0.00
8788,0.00
8789,0.00
8791,0.00
8797,0.00
8798,0.00
8799,0.00
8803,0.00
8817,0.00
8819,0.00
8835,0.00
8837,0.00
8838,0.00
8841,0.00
8847,0.00
8848,0.00
8854,0.00
