mid,use_coupon_percentage
8195,0.30
4,0.13
8197,0.07
3819,0.10
8204,0.03
13,0.02
14,0.06
15,0.09
17,0.03
18,0.20
8211,0.05
20,0.06
21,0.06
8216,0.23
25,0.08
8218,0.01
8219,0.20
28,0.04
8223,0.90
32,0.70
8225,0.05
8226,0.18
35,0.02
8228,0.11
8230,0.01
40,0.04
42,0.05
8235,0.06
8236,0.14
8239,0.09
48,0.21
50,0.34
8244,0.28
8245,0.07
8246,0.05
55,0.04
58,0.04
8251,0.02
8252,0.60
61,0.15
8254,0.02
8258,0.04
8259,0.03
69,0.06
8263,0.10
8265,0.07
74,0.13
75,0.23
76,0.02
77,0.03
79,0.00
81,0.05
8274,0.03
83,0.07
84,0.11
8277,0.05
86,0.16
87,0.02
88,0.08
8282,0.04
92,0.02
93,0.05
8286,0.07
96,0.04
8291,0.06
8292,0.18
8209,0.03
105,0.15
106,0.10
8299,0.05
109,0.09
8302,0.25
8304,0.15
8305,0.07
19,0.01
8309,0.04
8310,0.03
120,0.00
8313,0.43
122,0.04
8316,0.06
125,0.03
128,0.17
8321,0.30
130,0.04
132,0.05
133,0.19
134,0.03
8330,0.08
139,0.10
140,0.07
8334,0.10
143,0.02
8336,0.15
8337,0.09
146,0.20
8339,0.28
150,0.04
8217,0.12
152,0.11
8347,0.80
5,0.06
157,0.40
159,0.06
160,0.13
8353,0.11
8354,0.12
8355,0.05
165,0.03
8359,0.24
171,0.14
8364,0.14
173,0.22
8366,0.02
175,0.05
176,0.10
178,0.07
179,0.05
8375,0.04
8377,0.07
187,0.08
8380,0.02
189,0.06
8382,0.06
8384,0.12
8385,0.25
8386,0.11
196,0.21
8389,0.08
8390,0.10
8391,0.02
200,0.17
201,0.08
8394,0.08
8396,0.04
34,0.12
8398,0.29
207,0.07
208,0.04
209,0.18
8402,0.14
211,0.05
212,0.13
8405,0.18
8406,0.21
216,0.30
36,0.50
218,0.13
219,0.17
221,0.44
222,0.11
8415,0.02
8418,0.12
8419,0.20
8421,0.14
8422,0.12
8423,0.33
8424,0.12
8425,0.11
235,0.40
8429,0.06
8431,0.50
240,0.08
8433,0.10
8435,0.70
246,0.14
8439,0.25
248,0.10
8441,0.19
251,0.04
281,0.12
8234,0.02
255,0.05
8451,0.12
8452,0.30
262,0.11
8456,0.07
266,0.07
8461,0.14
8462,0.36
8463,0.90
273,0.50
8466,0.02
8468,0.25
8469,0.01
278,0.08
8473,0.10
8475,0.16
8476,0.10
285,0.25
286,0.04
8479,0.01
288,0.70
289,0.13
2779,0.12
8486,0.23
8487,0.12
296,0.06
8489,0.20
8490,0.18
299,0.06
8493,0.06
8494,0.04
303,0.07
8496,0.12
8497,0.02
307,0.30
8500,0.06
8502,0.38
8504,0.03
8349,0.06
8506,0.18
316,0.20
317,0.50
8510,0.24
8514,0.04
8515,0.20
324,0.44
327,0.08
328,0.12
330,0.24
8523,0.09
334,0.25
8527,0.04
336,0.80
1375,0.14
339,0.22
8533,0.01
342,0.10
343,0.09
8536,0.09
346,0.15
347,0.70
350,0.41
351,0.29
8545,0.06
8546,0.06
355,0.09
357,0.03
359,0.29
8554,0.06
8555,0.02
8557,0.08
8558,0.14
8559,0.02
8560,0.07
8562,0.07
8563,0.03
62,0.12
8566,0.20
375,0.35
8570,0.03
8571,0.43
380,0.08
8573,0.08
382,0.05
8575,0.08
384,0.12
385,0.03
386,0.26
8579,0.08
388,0.09
389,0.31
390,0.70
391,0.05
392,0.70
8585,0.70
8586,0.33
395,0.16
8588,0.70
8589,0.12
398,0.18
399,0.20
400,0.05
8593,0.17
8594,0.01
403,0.06
8597,0.02
406,0.19
407,0.29
408,0.04
409,0.19
410,0.03
411,0.10
8605,0.06
414,0.90
8607,0.06
8608,1.00
8610,0.05
419,0.03
420,0.04
8613,0.12
8614,0.13
423,0.04
8616,0.06
8619,0.05
8620,0.05
431,0.05
433,0.38
434,0.02
435,0.02
437,0.14
8630,0.29
73,0.11
8632,0.02
441,0.10
442,0.89
8636,0.06
8638,0.08
447,0.05
8640,0.04
8641,0.03
450,0.08
451,0.04
453,0.09
456,0.05
457,0.06
8651,0.02
8653,0.07
8654,0.14
463,0.15
8656,0.25
8658,0.09
8660,0.04
8661,0.05
8662,0.05
471,0.05
8664,0.11
8666,0.14
477,0.06
478,0.07
8672,0.25
8673,0.04
8674,0.03
483,0.02
8676,0.07
8678,0.10
8679,0.12
8680,0.07
490,0.14
492,0.04
82,0.80
495,0.03
8688,0.02
497,0.02
500,0.25
8693,0.20
503,0.06
504,0.17
8697,0.23
506,0.07
8699,0.18
508,0.08
8702,0.03
85,0.11
512,0.22
514,0.00
516,0.10
517,0.08
8710,0.55
519,0.35
8712,0.11
8713,0.40
523,0.16
8716,0.12
8721,0.03
8722,0.13
531,0.02
8724,0.01
8728,0.16
8730,0.33
8731,0.40
540,0.05
8733,0.02
8734,0.10
543,0.02
8736,0.10
545,0.08
8739,0.09
550,0.17
553,0.10
8746,0.07
555,0.08
8752,0.31
8753,0.11
564,0.26
94,0.17
567,0.17
8760,0.17
569,0.08
570,0.09
8763,0.20
8764,0.01
574,0.12
576,0.05
8769,0.05
8771,0.88
580,0.25
8773,0.08
582,0.16
8775,0.13
8778,0.13
587,0.05
8780,0.25
589,0.12
592,0.17
8786,0.31
595,0.20
599,0.05
600,0.05
8793,0.08
602,0.14
8795,0.01
604,0.05
605,0.03
607,0.35
8800,0.06
8801,0.60
611,0.12
614,0.14
8807,0.10
616,0.12
8809,0.15
618,0.02
619,0.02
8812,0.10
626,0.03
628,0.11
629,0.02
8822,0.29
632,0.05
8825,0.03
8827,0.10
636,0.12
637,0.08
8830,0.17
8831,0.03
640,0.01
8833,0.25
642,0.23
107,0.36
8836,0.14
646,0.17
647,0.40
648,0.11
649,0.02
650,0.50
8843,0.08
8844,0.01
653,0.22
654,0.20
656,0.09
8849,0.20
8850,0.14
8852,0.07
110,0.08
664,0.15
665,0.03
670,0.16
1477,0.80
672,0.16
673,0.11
674,0.08
675,0.10
113,0.04
680,0.04
683,0.24
685,0.26
686,0.14
687,0.09
33,0.10
8307,0.43
459,0.08
697,0.10
698,0.24
699,0.04
701,0.04
702,0.25
705,0.40
706,0.07
707,0.14
709,0.01
711,0.03
714,0.02
715,0.24
716,0.09
718,0.39
721,0.17
723,0.05
724,0.09
729,0.04
731,0.04
733,0.11
734,0.07
735,0.06
736,0.21
739,0.70
741,0.08
742,0.08
743,0.17
744,0.01
745,0.20
747,0.17
748,0.50
751,0.14
752,0.04
755,0.05
756,0.10
760,0.14
764,0.20
768,0.64
772,0.03
775,0.10
776,0.40
777,0.09
779,0.12
780,0.20
8322,0.17
782,0.08
787,0.25
788,0.18
792,0.03
793,0.30
796,0.09
797,0.20
798,0.10
799,0.03
800,0.04
803,0.14
805,0.05
806,0.16
807,0.09
809,0.05
810,0.20
814,1.00
819,0.11
822,0.11
823,0.54
824,0.05
825,0.03
827,0.18
833,0.03
834,0.28
836,0.03
3067,0.70
840,0.06
8332,0.01
844,0.02
850,0.20
853,0.06
854,0.03
857,0.50
859,0.13
860,0.14
861,0.27
8212,0.24
866,0.20
869,0.01
874,0.05
876,0.07
877,0.01
880,0.13
883,0.05
889,0.11
890,0.14
891,0.80
892,0.04
894,0.12
898,0.02
899,0.80
8342,0.06
902,0.11
904,0.09
909,0.14
913,0.19
914,0.09
915,0.01
922,0.40
923,0.08
924,0.12
926,0.06
928,0.06
929,0.70
931,0.21
934,1.00
937,0.27
938,0.02
939,0.02
941,0.02
943,0.13
944,0.43
945,0.10
947,0.70
951,0.07
952,0.12
8351,0.05
958,0.05
959,0.05
962,0.04
963,0.21
966,0.44
969,0.83
970,0.13
162,0.05
974,0.06
977,0.14
978,0.30
979,0.27
982,0.08
984,0.08
986,0.03
988,0.04
989,0.07
8357,0.09
993,0.70
994,0.19
995,0.14
996,0.16
997,0.02
998,0.60
1001,0.34
1004,0.00
1005,0.03
1007,0.03
1011,0.07
1013,0.04
1015,0.17
1016,0.15
1018,0.29
1022,0.11
1023,0.15
1025,0.17
1026,0.06
1028,0.05
1029,0.70
1031,0.14
1035,0.11
1036,0.03
1037,0.09
1041,0.11
1044,0.17
1050,0.25
1052,0.10
1057,0.05
1061,0.05
1065,0.04
1068,0.06
8370,0.19
1071,0.14
1072,0.08
1073,0.02
1075,0.15
1076,0.14
1080,0.03
1082,0.12
1087,0.04
1089,0.06
1091,0.19
1095,0.15
1096,0.04
183,0.05
1107,0.06
1109,0.07
1112,0.17
1114,0.17
1115,0.02
1118,0.15
1120,0.17
1123,0.19
1125,0.04
1126,0.11
1127,0.09
1131,0.33
1132,0.07
1136,0.07
1137,0.11
190,0.25
1148,0.02
1149,0.10
1153,0.06
1157,0.03
1159,0.03
1160,0.09
1161,0.17
1163,0.03
194,0.02
1168,0.03
1169,0.09
1175,0.01
1177,0.05
1180,0.02
1182,0.07
1183,0.06
1185,0.25
1186,0.05
1187,0.09
1188,0.29
1191,0.04
1193,0.02
1194,0.10
1197,0.18
1200,0.70
8393,0.03
1210,0.33
1213,0.12
1216,0.22
1219,0.17
1221,0.02
1226,0.10
1227,0.17
1235,0.09
1238,0.17
1240,0.31
1242,0.03
1243,0.11
1244,0.06
1245,0.43
1246,0.50
1253,0.42
3315,0.01
1256,0.06
1258,0.10
210,0.08
1264,0.17
1265,0.22
1266,0.05
1268,0.14
1270,0.07
1274,0.05
1275,0.14
1279,0.12
1280,0.20
1281,0.07
1282,0.14
1284,0.10
1286,0.12
1287,0.80
1288,0.14
1290,0.40
1292,0.14
1294,0.70
1296,0.60
1297,0.14
1298,0.09
1300,0.07
1301,0.19
1303,0.12
1307,0.20
1309,0.09
1310,0.04
1315,0.20
1317,0.13
1318,0.40
1320,0.07
1322,0.03
1326,0.40
6591,0.00
1334,0.17
1336,0.04
1338,0.33
1339,0.03
1343,0.03
1344,0.29
1351,0.16
1352,0.01
1353,0.05
1355,0.15
1356,0.24
1360,0.19
1361,0.15
1362,0.03
1363,0.06
1366,0.10
1367,0.02
1370,0.02
229,0.06
1379,0.10
1380,0.30
1382,0.08
1383,0.06
1384,0.12
1386,0.60
1389,0.80
1390,0.39
1391,0.12
1393,0.04
1398,0.14
1403,0.03
1407,0.25
1412,0.07
1413,0.03
1414,0.12
1417,0.01
1418,0.03
1422,0.21
1425,0.08
1427,0.02
1430,0.05
1433,0.08
1434,0.36
239,0.03
1438,0.11
1439,0.07
1440,0.09
1442,0.07
1443,0.10
1444,0.05
1446,0.02
1447,0.03
1448,0.09
1453,0.05
1457,0.18
1459,0.21
1461,0.04
8232,0.10
1464,0.03
1468,0.25
1469,0.04
1472,0.06
1474,0.01
1476,0.06
8438,0.06
2977,0.09
1481,0.21
1483,0.30
1486,0.14
1487,0.07
1489,0.22
1491,0.04
1493,0.31
1494,0.00
1495,0.03
1497,0.05
1498,0.03
1141,0.03
1511,0.17
1513,0.04
1514,0.06
1515,0.09
1520,1.00
1522,0.13
1526,0.09
1528,0.60
1529,0.11
1530,0.05
1531,0.03
1532,0.14
1536,0.12
1541,0.07
1542,0.15
1543,0.14
1544,0.13
1546,0.25
1553,0.05
259,0.05
1560,0.80
1564,0.33
1565,0.21
1568,0.06
1569,0.11
1570,0.01
1627,0.07
1573,0.20
1574,0.01
1576,0.16
1578,0.21
1579,0.02
1581,0.18
1583,0.29
1584,0.70
1585,0.10
1586,0.18
1588,0.08
1589,0.14
1594,0.10
1595,0.11
1597,0.10
1599,0.11
1601,0.17
1604,0.04
1605,0.24
1606,0.02
1607,0.14
1610,0.03
1613,0.06
1614,0.12
269,0.05
1616,0.13
1618,0.22
1620,0.04
1623,0.09
1625,0.30
1626,0.05
271,0.10
1628,0.18
1631,0.16
1636,0.06
1637,0.01
1638,0.06
8465,0.25
1642,0.07
1644,0.22
1645,0.17
1646,0.17
1647,0.06
1648,0.17
1650,0.01
1653,0.05
1654,0.10
1655,0.05
1656,0.01
1660,0.14
1662,0.03
1663,0.03
1672,0.06
1675,0.06
1676,0.06
1680,0.14
1682,0.06
1685,0.05
1686,0.05
1687,0.07
1693,0.37
1697,0.07
1700,0.02
1702,0.67
284,0.12
1708,0.13
1713,0.02
1715,0.10
1717,1.00
1718,0.12
1722,0.18
1723,0.12
1725,0.16
1730,0.29
1731,0.08
1732,0.03
1735,0.03
1736,0.22
1738,0.08
1740,0.17
1742,0.04
1744,0.70
1749,0.10
1750,0.04
1751,0.09
1752,0.40
1754,0.03
1755,0.11
1756,0.07
1757,0.09
1763,0.07
1767,0.02
1771,0.50
1772,0.03
1775,0.02
1776,0.06
1778,0.20
1779,0.08
1784,0.11
1786,0.25
1789,0.25
1791,0.11
1793,0.15
1794,0.01
1795,0.08
1798,0.30
1801,0.15
1803,0.00
1805,0.04
1806,0.26
1807,0.08
1808,0.11
1809,0.08
1810,0.07
1812,0.05
1813,0.11
1818,0.03
1820,1.00
1821,0.06
304,0.23
1827,0.38
1829,0.28
1830,0.13
305,0.02
1837,0.03
1839,0.03
1841,0.16
1842,0.15
1848,0.16
308,0.05
1851,0.06
1852,0.03
1853,0.05
1855,0.47
1860,0.12
1864,0.08
1865,0.17
1866,0.06
1872,0.10
1874,0.70
1876,1.00
1878,0.22
1880,0.12
1881,0.08
1882,0.70
1884,0.03
314,0.01
1886,0.22
1888,0.12
1891,0.03
1892,0.08
1893,0.47
1895,0.14
1896,0.11
8508,0.11
1898,0.33
1905,0.14
3049,0.08
1913,0.02
1914,0.70
1915,0.06
1916,0.03
1921,0.25
1923,0.05
1925,0.22
1926,0.05
1927,0.07
1929,0.08
1931,0.12
1932,0.05
1936,0.05
1939,0.05
1941,0.06
1943,0.02
1944,0.23
1945,0.09
1947,0.04
1948,0.21
1949,0.11
1950,0.06
1951,0.09
1954,0.17
1959,0.01
1962,0.01
1963,0.10
1964,0.06
1965,0.05
1968,0.06
8520,0.89
1971,0.08
1975,0.19
1978,0.05
1984,0.03
1989,0.22
1993,0.19
1997,0.70
1998,0.02
1999,0.06
2002,0.08
2003,0.11
2005,0.05
2007,0.12
2010,1.00
2014,0.08
8796,0.26
2017,0.20
2019,0.04
2020,0.05
2022,0.08
2795,0.09
2025,0.05
2028,0.16
2030,0.50
2035,0.40
2036,0.30
2037,0.25
2046,0.06
2050,0.04
2051,0.05
2053,1.00
2055,0.26
8535,0.02
2062,0.05
2065,0.04
2066,0.70
2067,0.03
2069,0.06
2070,0.26
2071,0.13
2074,0.02
2075,0.06
2080,0.09
2081,0.07
2085,0.02
2087,0.07
2089,0.05
2091,0.13
2092,0.04
2094,0.04
2099,0.15
2100,0.50
2104,0.05
2106,0.13
2107,0.05
2109,0.07
2110,0.19
2112,0.02
2113,0.03
2119,0.19
2120,0.06
2121,0.07
2122,0.25
2125,0.03
2127,0.18
2128,0.01
2130,0.14
8547,0.10
2136,0.47
2138,0.03
2142,0.08
2143,0.10
2144,0.13
2145,0.02
2146,0.03
2150,0.06
2157,0.10
2164,0.27
2166,0.08
2167,0.06
2168,0.10
2169,0.08
2172,0.12
2177,0.18
2180,0.03
2181,0.14
2186,0.06
2187,0.12
2189,0.04
2190,0.08
2195,0.04
2196,0.01
2198,0.00
3097,0.20
2202,0.07
2203,1.00
2206,0.04
2207,0.10
2208,0.44
2213,0.29
2215,0.03
2217,0.15
2219,0.08
2222,0.02
2224,0.03
2225,0.04
2226,0.06
2227,0.07
2230,0.02
2232,0.10
2233,0.05
2235,0.04
2237,0.08
2240,0.06
2241,0.06
2244,0.44
2247,0.08
2252,0.07
2257,0.19
2258,0.05
2259,0.02
2262,0.39
2264,0.20
2267,0.04
2268,0.19
2269,0.30
7205,0.40
2277,0.06
2279,0.04
2281,0.17
2282,0.25
2285,0.04
2287,0.04
2288,0.18
2290,0.17
2296,0.07
2301,0.25
2305,0.04
2306,0.07
2308,0.03
2309,0.02
2310,0.11
2311,0.15
2313,0.07
2314,0.19
2315,0.17
2319,0.21
2320,0.11
2321,0.11
2322,0.16
8580,0.10
2331,0.15
2333,0.04
8261,0.40
2335,0.12
2336,0.02
2338,0.11
2339,0.19
8534,0.30
2342,0.14
2343,0.20
2345,0.24
2347,0.04
2352,0.15
2361,0.11
2363,0.19
2365,0.01
2366,0.06
2368,0.14
2369,0.04
2371,0.04
2372,0.03
2374,0.08
2381,0.12
2382,0.10
397,0.23
2385,0.14
2389,0.01
2390,0.19
2394,0.12
2399,0.12
2400,0.04
2403,0.13
2404,0.21
2408,0.10
2414,0.05
2418,0.17
2420,0.04
2422,0.19
2423,0.01
2429,0.06
2430,0.03
2432,0.03
2433,0.05
2434,0.01
2435,0.01
2436,0.05
2437,0.14
2438,0.02
2440,0.14
2441,0.07
2442,0.03
2445,0.25
2446,0.40
2449,0.05
2450,0.05
2451,0.70
2452,0.04
2454,0.15
8601,0.14
2456,0.02
2458,0.29
2459,0.12
2460,0.07
2461,0.20
2463,0.14
2467,0.05
2469,0.01
2472,0.06
2479,0.04
8606,0.06
2487,0.12
2488,0.19
2490,0.09
2491,0.10
2496,0.03
416,0.25
2498,0.08
2503,0.17
2504,0.06
2505,0.12
2510,0.20
8267,0.06
2519,0.14
2520,0.11
421,0.06
2531,0.17
2532,0.03
422,0.06
2535,0.05
2536,0.01
2543,0.14
2545,0.05
2549,0.06
2550,0.05
2552,0.33
2554,0.14
2556,0.05
2558,0.04
2559,0.10
2560,0.33
2561,0.01
427,0.06
2566,0.13
2567,0.09
2568,0.07
428,0.07
2574,0.05
2576,0.07
2577,0.11
2582,0.07
2583,0.14
2584,0.14
2585,0.05
2586,0.08
2587,0.14
2589,0.18
2592,0.04
2593,0.09
2594,0.06
2595,0.02
2596,0.20
2597,0.70
2598,0.40
2602,0.19
2606,0.33
2609,0.17
2610,0.13
2613,0.04
2614,0.20
2615,0.08
2616,0.10
2617,0.17
2619,0.20
2620,0.11
2621,0.04
2622,0.06
2624,0.11
2625,0.39
2629,0.07
2632,0.05
2634,0.02
2635,0.22
2637,0.60
2640,0.10
2645,0.05
2646,0.07
2652,0.08
8634,0.17
2655,0.08
2656,0.19
2658,0.10
2659,0.04
2660,0.01
2661,0.08
2662,0.18
2665,0.08
2667,0.06
2668,0.05
2669,0.03
2671,0.21
2673,0.00
2675,0.52
2676,0.03
2678,0.09
2679,0.12
2681,0.08
2682,0.11
2685,0.08
2691,0.06
2693,0.06
449,0.17
2696,0.03
2700,0.01
2701,0.11
2702,0.06
2703,0.02
2705,0.12
8643,0.08
2709,0.06
2712,0.01
2714,0.11
2720,0.06
2722,0.07
2723,0.06
2726,0.08
2731,0.10
2733,0.02
2735,0.11
2736,0.17
2737,0.07
2738,0.05
2746,0.40
2748,0.08
2749,0.05
2752,0.70
2754,0.01
2755,0.03
2756,0.11
2757,0.09
2762,0.03
2764,0.02
2765,0.24
461,0.09
2772,0.06
2774,0.02
8655,0.02
2780,0.03
2781,0.20
2783,0.04
2784,0.03
2785,0.10
2786,0.06
1831,0.03
2804,0.06
2810,0.70
2811,0.06
2813,0.10
2823,0.15
2825,0.40
2827,0.06
2828,0.21
2834,0.06
2835,0.13
2837,0.15
2839,0.09
2842,0.03
8278,0.09
2847,0.30
2848,0.31
2851,0.11
2852,0.04
2853,0.08
2854,0.03
2855,0.06
2857,0.09
2858,0.04
2860,0.70
2863,0.02
2868,0.06
2869,0.04
2872,0.11
2873,0.07
2875,0.14
2876,0.11
2877,0.05
2878,0.40
2879,0.60
2882,0.02
2883,0.11
2885,0.07
2887,0.14
2889,0.18
2894,0.14
2899,0.05
2900,0.20
2901,0.06
2902,0.09
2904,0.33
2905,0.18
2908,0.08
2909,0.19
2911,0.25
2912,0.03
2913,0.09
2914,0.09
2919,0.40
2920,0.04
2923,0.11
2926,0.28
2927,0.33
2929,0.02
2930,0.09
2932,0.17
2934,0.05
2938,0.33
2940,0.47
2941,0.12
2942,0.12
2944,0.21
2945,0.14
2950,0.02
2954,0.08
2957,0.14
2961,0.70
2963,0.06
2964,0.14
2966,0.17
2969,0.19
2970,0.03
2972,0.17
2973,0.07
2975,0.03
2976,0.10
496,0.14
2978,0.33
2979,0.06
2981,0.05
2982,0.01
2985,0.50
2987,0.03
2989,0.06
2990,0.02
2993,0.02
2995,0.17
2996,0.25
2999,0.05
3004,0.07
3005,0.05
3007,1.00
3008,0.05
3009,0.20
3013,0.06
3015,0.05
3017,0.08
3018,0.13
3020,0.08
3021,0.10
3022,0.02
3025,0.08
3028,0.19
3031,0.30
3035,0.03
539,0.00
3037,0.14
3038,0.13
3045,0.18
3046,0.10
3047,0.08
8700,0.70
3052,0.17
3053,0.25
3054,0.06
3062,0.03
8703,0.05
3068,0.17
3071,0.19
3072,0.01
3074,0.11
3075,0.06
3076,0.01
3078,0.27
3081,0.30
3082,0.04
8706,0.04
3086,0.80
3089,0.02
3091,0.08
3094,0.02
3095,0.09
3096,0.29
8708,0.20
3099,0.05
3101,0.04
3102,1.00
3103,0.01
3104,0.08
3105,0.38
3106,0.04
3107,0.40
3110,0.07
3111,0.11
3112,0.11
3114,0.31
8711,0.12
3116,0.02
3117,0.01
3120,0.22
3123,0.22
3124,0.12
3127,0.70
3130,0.04
3131,0.07
3133,0.39
3137,0.12
3139,0.12
3140,0.21
3141,0.70
524,0.06
3146,0.06
3152,0.20
3155,0.05
3157,0.11
3158,0.15
3159,0.06
3162,0.24
3163,0.08
3164,0.03
3165,0.18
3167,0.11
3168,0.05
3169,0.40
3170,0.13
3171,0.15
3172,0.25
3173,0.02
3174,0.07
3175,0.08
3182,0.06
3184,0.30
3189,0.21
3191,0.09
3192,0.05
3196,0.20
3198,0.11
3199,0.04
3202,0.04
3203,0.08
3205,0.32
3210,0.10
3211,0.03
3218,0.03
3222,0.03
3229,0.10
3230,0.05
3231,0.07
3232,0.11
3233,0.21
3235,0.03
3236,0.06
3237,0.40
3239,0.26
3240,0.06
3241,0.12
3245,0.05
3248,0.11
3250,0.19
3251,0.07
381,0.12
3256,0.09
3257,0.16
3261,0.07
3263,0.14
3267,0.08
3269,0.07
3273,0.11
3276,0.07
3279,0.21
3281,0.04
3282,0.17
547,0.07
3284,0.09
3287,0.05
3288,0.48
3289,0.06
3290,0.20
3291,0.14
3293,0.09
3298,0.12
3299,0.18
3301,0.04
3304,0.08
3305,0.07
277,0.30
8839,0.26
3310,0.11
3312,0.09
3283,0.31
3316,0.02
3318,0.06
3319,0.06
3322,0.36
554,0.06
3326,0.02
3328,0.17
3330,0.02
3333,0.13
3337,0.17
3338,0.04
3339,0.05
3340,0.17
3342,0.09
3346,0.23
3349,0.05
3352,0.03
3353,0.10
3360,0.20
560,0.25
3362,0.04
3364,0.02
561,0.12
112,0.02
3370,0.24
3372,0.03
3377,0.05
3378,0.12
3379,0.05
3381,0.07
3387,0.02
3388,0.04
3389,0.10
3390,0.90
3391,0.17
3394,0.20
3396,0.04
3398,0.01
3401,0.50
3403,0.15
3405,0.07
3406,0.05
3410,0.13
3411,0.17
3414,0.03
3415,0.12
3417,0.20
3419,0.09
3423,0.11
3424,0.04
3426,0.07
3429,0.20
3431,0.18
3434,0.09
3440,0.30
3441,0.33
3442,0.10
3445,0.13
3447,0.04
3449,0.04
3450,0.04
3453,0.06
3455,0.90
3462,0.05
3465,0.05
3466,0.01
3468,0.08
3472,0.24
3473,0.18
3477,0.12
3479,0.08
3480,0.08
8772,0.08
3482,0.07
3483,0.80
3486,0.08
3488,0.01
3489,0.14
3490,0.07
3492,0.36
3493,0.05
3495,0.02
3499,0.09
3502,0.70
3505,0.03
3507,0.03
3512,0.20
3513,0.11
3516,0.08
3518,0.12
3519,0.05
3522,0.80
3525,0.00
3527,0.06
3529,0.05
3530,0.25
3532,0.06
3533,0.12
3534,0.10
3537,0.08
3539,0.07
3545,0.13
3546,0.11
3547,0.15
3548,0.17
3549,0.06
3550,0.04
3551,0.07
3552,0.02
3553,0.02
3554,0.06
3555,0.03
3557,0.90
3559,0.04
3561,0.02
3562,0.40
3565,0.20
3566,0.23
3567,0.01
3568,0.14
3569,0.22
3570,0.12
3571,0.09
3572,0.07
3573,0.10
3574,0.11
3584,0.12
3589,0.02
3590,0.22
3594,0.22
3597,0.12
3599,0.07
3600,0.25
3602,0.15
3607,0.02
3608,0.25
3609,0.14
3611,0.02
3616,0.10
3620,0.08
3621,0.15
3622,0.27
3625,0.36
3628,0.06
3630,0.05
3635,0.02
3641,0.08
3642,0.20
3644,0.18
3645,0.12
3646,0.09
3647,0.06
3651,0.25
3652,0.30
3654,0.11
3655,0.11
3656,0.25
3660,0.04
3661,0.12
3663,0.22
3665,0.07
3669,0.02
3673,0.07
3674,0.05
3675,0.04
3676,0.40
3679,0.01
3680,0.09
8806,0.10
615,0.03
3692,0.40
3693,0.13
3694,0.10
3695,0.70
8808,0.13
3698,0.08
3702,0.08
617,0.04
3704,0.11
3706,0.01
3707,0.02
3709,0.08
3710,0.07
3711,0.05
3717,0.06
620,0.04
3722,0.09
3724,0.09
3725,0.15
3728,0.93
3729,0.12
3732,0.04
3733,0.21
3740,0.25
3743,0.33
3745,0.40
3747,0.80
3748,0.11
3750,0.08
3752,0.10
3753,1.00
3755,0.07
3757,0.03
3759,0.14
3760,0.04
3762,0.13
3766,0.07
3768,0.07
3770,0.35
3771,0.04
3773,0.06
3777,0.06
3779,0.08
3780,0.14
3784,0.20
3785,0.27
3786,0.11
3787,0.17
3790,0.70
3792,0.00
8824,0.03
3795,0.15
3798,0.14
3801,0.20
3802,0.01
3803,0.01
3807,0.18
3808,0.37
3809,0.03
3810,0.17
3811,0.06
3813,0.06
3814,0.09
3815,0.02
8828,0.11
3367,0.04
3820,0.11
3823,0.09
3824,0.07
3826,0.19
3827,0.05
638,0.17
3833,0.03
3835,0.06
3839,0.11
3840,0.23
3845,0.29
3847,0.07
3848,0.04
3850,0.08
3854,0.11
3855,0.09
3857,0.07
3859,0.09
3861,0.03
3862,0.03
3868,0.03
3871,0.36
3873,0.25
3876,0.01
3877,0.22
129,0.12
3882,0.13
3883,0.20
3886,0.06
3888,0.08
8840,0.06
3890,0.08
3895,0.04
3897,0.05
3898,0.30
3899,0.07
3900,0.70
8842,0.05
3902,0.15
3903,0.01
2016,0.12
651,0.80
3915,0.12
3916,0.16
3917,0.10
3921,0.07
3923,0.02
3924,0.06
8314,0.14
3927,0.04
3928,0.07
3934,0.14
3935,0.29
3936,0.70
3937,0.40
3939,0.08
3941,0.03
3946,0.11
3949,0.36
3951,0.06
3952,0.17
3954,0.01
3958,0.38
3964,0.07
3966,0.80
3969,0.12
3970,0.09
3971,0.07
3977,0.02
3980,0.07
3981,0.06
3982,0.14
3983,0.20
8856,0.01
3987,0.19
3988,0.06
3993,0.05
3996,0.04
3997,0.12
3998,0.11
4002,0.02
4003,0.08
4004,0.06
4009,0.03
4011,0.04
4013,0.03
4014,0.03
4015,0.36
4018,0.11
4024,0.06
4028,0.12
4030,0.13
4033,0.14
4034,0.06
4036,0.07
4037,0.14
4043,0.12
4044,0.07
4045,0.11
4046,0.23
4048,0.64
4053,0.07
4056,0.12
4057,0.01
4058,0.09
4059,0.01
4062,0.04
4069,0.27
4070,0.13
4074,0.07
4075,0.23
4077,0.07
4080,0.70
4083,0.23
4084,0.23
4086,0.70
4099,0.02
4100,0.09
4102,0.09
4103,0.06
4106,0.50
4111,0.50
4112,0.08
4113,0.19
4116,0.02
4117,0.04
4120,0.09
4123,0.06
4124,0.13
4126,0.03
4128,0.03
4130,0.07
4132,0.90
4133,0.36
4134,0.11
4137,0.13
4138,0.04
4139,0.27
4142,0.10
4144,0.12
4146,0.01
4149,0.04
4155,0.03
4157,0.25
4160,0.05
4163,0.03
4164,0.27
4165,0.70
4166,0.05
4167,0.07
4171,0.27
4173,0.09
4178,0.04
4180,0.02
4184,0.19
4190,0.18
4192,0.40
4194,0.01
4195,0.11
4196,0.20
4202,0.18
4204,0.25
4206,0.13
4208,0.10
4209,0.06
4211,0.06
4213,0.30
4220,0.09
4225,0.03
4226,0.40
4227,0.06
4232,0.70
4233,0.02
4234,0.10
4237,0.07
4239,0.10
4240,0.11
4241,0.10
4242,0.18
4248,0.11
4252,0.12
4257,0.09
4260,0.04
4263,0.17
4265,0.13
4266,0.02
4267,0.05
4268,0.08
4270,0.05
4271,0.04
4272,0.15
4273,0.06
4274,0.60
4275,0.21
4277,0.12
4279,0.06
4281,0.10
4282,0.01
4283,0.30
4285,0.11
4287,0.02
4291,0.69
4292,0.11
4294,0.01
4297,0.07
4299,0.14
4300,0.25
4302,0.06
4303,0.12
4305,0.06
4306,0.14
4308,0.06
4309,0.00
4312,0.11
4320,0.08
4322,0.20
4327,0.07
4328,0.11
4331,0.07
4334,0.30
4335,0.23
4342,0.08
4345,0.12
4348,0.23
4351,0.05
4356,0.05
4361,0.29
4364,0.05
4367,0.13
4369,0.04
4372,0.17
4374,0.07
4377,0.10
4381,0.13
4382,0.60
4383,0.15
4386,0.07
4387,0.12
4389,0.04
4393,0.02
4395,0.23
4405,0.09
4407,0.05
4410,0.08
4414,0.17
4417,0.04
4418,0.08
4422,0.07
4426,0.80
4427,0.05
4428,0.06
4429,0.40
4430,0.01
4431,0.16
4433,0.80
4434,0.07
4438,0.04
4440,0.09
4441,0.19
4442,0.10
4447,0.21
4448,0.18
4450,0.38
4451,0.07
4452,0.02
4455,0.40
4457,0.70
4461,0.06
4462,0.23
4464,0.06
4466,0.02
4467,0.09
4468,0.02
4471,0.03
4472,0.09
4477,0.10
4478,0.70
4479,0.30
4484,0.29
4485,0.60
4487,0.01
4489,0.02
4498,0.27
4502,0.10
4504,0.10
4508,0.21
4511,0.04
4512,0.03
4515,0.07
4517,0.01
4519,0.06
4523,0.04
4528,0.04
4529,0.05
4530,0.03
4531,0.17
4533,0.10
4535,0.11
4536,0.09
4538,0.02
4540,0.40
4542,0.09
4543,0.05
4545,0.19
4546,0.03
4551,0.07
4554,0.14
4557,0.17
2334,0.01
4564,0.09
4567,0.03
4568,0.05
4569,0.09
4570,0.14
4573,0.40
4575,0.18
4576,0.17
4577,0.05
4579,0.07
4580,0.04
4581,0.07
4582,0.05
4583,0.05
4584,0.06
4586,0.14
4595,0.16
4597,0.13
4599,0.12
4600,0.01
4601,0.18
4606,0.01
4609,0.15
4610,0.20
4613,0.06
4614,0.25
4615,0.11
4617,0.12
4619,0.90
4621,0.17
4627,0.14
4628,0.09
4629,0.19
4631,0.07
4632,0.12
4636,0.11
4638,0.07
4640,0.17
4643,0.08
4644,0.12
4645,0.14
4646,0.36
4647,0.32
4649,0.04
4651,0.20
4653,0.17
4654,0.03
4655,0.12
4660,0.14
4661,0.04
4663,0.04
4664,0.02
4669,0.60
4672,0.50
4673,0.07
4674,0.33
4675,0.04
4676,0.25
4677,0.13
4679,0.03
4682,0.40
4684,0.12
4687,0.03
4691,0.05
4694,0.13
4696,0.02
4697,0.06
4700,0.17
4701,0.40
4702,0.06
4703,0.70
4704,0.09
4707,0.14
4710,0.07
4714,0.40
4720,0.14
4725,0.25
4726,0.14
4728,0.11
4730,0.12
4732,0.08
4734,0.19
4736,0.04
4746,0.33
4747,0.03
4748,0.07
4749,0.05
4753,0.05
4754,0.30
4759,0.21
4761,0.10
4765,0.01
4768,0.05
4769,0.17
4771,0.00
4775,0.17
4776,0.06
4780,0.38
4782,0.04
4784,0.04
4785,0.02
4786,0.14
4787,0.01
4789,0.06
4790,0.14
4792,0.03
4793,0.08
4796,0.04
4799,0.14
4801,0.04
4805,0.01
4807,0.02
4808,0.09
4812,0.25
4814,0.42
4816,0.25
4820,0.11
4823,0.06
4826,0.14
4827,0.08
4828,0.10
4832,0.42
4833,0.13
4840,0.33
4841,0.07
4842,0.08
4845,0.75
4846,0.40
4847,0.20
4848,0.09
4852,0.13
4855,0.26
4856,0.01
4857,0.11
4860,0.66
4861,0.24
4865,1.00
4866,0.08
4867,0.08
4869,0.03
4872,0.27
4874,0.01
4877,0.17
4882,0.02
4883,0.10
4885,0.18
4888,0.03
4891,0.25
4894,0.12
4895,0.25
4897,0.04
4899,0.11
4901,0.30
4903,0.14
4904,0.02
4905,0.07
4906,0.17
4907,0.22
4908,0.01
4909,0.08
4912,0.03
4919,0.05
4920,0.14
4923,0.30
4924,0.21
4926,0.09
4929,0.03
4930,0.14
4931,0.07
4932,0.03
4934,0.08
4935,0.25
4937,0.02
4938,0.12
4939,0.07
4941,0.04
4942,0.03
4944,0.11
4945,0.02
4946,0.29
4947,0.06
4949,0.70
4951,0.04
4953,0.08
4958,0.27
4960,0.36
4962,0.03
4964,0.02
4965,0.20
4967,0.71
4968,0.01
4970,1.00
4971,0.25
4973,0.02
4974,0.06
4975,0.26
4976,0.17
4978,0.14
4981,0.02
4983,0.06
4984,0.21
4986,0.10
4989,0.03
4992,0.06
4994,0.12
5001,0.20
5003,0.02
5004,0.07
5006,0.11
5009,0.18
5010,0.24
5013,0.04
5015,0.05
5018,0.21
5022,0.10
5025,0.06
5027,0.09
5028,0.07
5029,0.04
5030,0.05
5031,0.12
5032,0.12
5033,0.01
5036,0.08
5038,0.05
5039,0.01
5040,0.04
5041,0.06
5042,0.52
5043,0.06
5044,0.08
5045,0.08
841,0.20
5049,0.70
5050,0.05
5053,0.05
5056,0.17
5057,0.20
5061,0.17
5070,0.05
5074,0.01
5077,0.03
5078,0.08
5079,0.09
5083,0.03
5084,0.10
5089,0.13
5091,0.11
5095,0.11
5096,0.06
5097,0.12
5098,0.12
5099,0.25
5101,0.05
5105,0.70
5106,0.15
5108,0.09
5109,0.09
5111,0.13
5113,0.01
5114,0.20
5116,0.05
5120,0.01
5121,0.25
5122,0.04
5123,0.12
5124,0.02
5127,0.03
5132,0.21
5135,0.27
5136,0.10
5138,0.07
5140,0.08
5142,0.11
5143,0.16
5144,0.40
5147,0.02
5150,0.03
5152,0.08
5155,0.07
5158,0.09
5163,0.10
5172,0.08
5178,0.17
5179,0.01
5182,0.04
5188,0.03
5189,0.06
5192,0.22
5197,0.04
5199,0.06
5202,0.02
5204,0.32
5206,0.26
5207,0.02
5210,0.10
5211,0.03
5212,0.03
5213,0.04
5214,0.03
5217,0.12
5219,0.70
5221,0.09
5223,0.10
5225,0.24
5231,0.09
5232,0.08
5233,0.22
5236,0.09
5237,0.01
5243,0.01
5250,0.07
5253,0.15
5256,0.22
5257,0.03
5259,0.03
5261,0.05
5265,0.08
5266,0.14
5270,0.04
5274,0.22
5276,0.04
5277,0.09
5281,0.05
5288,0.07
5289,0.12
5294,0.14
5297,0.14
5300,0.25
5301,0.11
5310,0.16
5312,0.12
5322,0.70
5327,0.06
5329,0.11
5330,0.03
5331,0.03
5332,0.07
5334,0.07
5337,0.01
5338,0.08
5341,0.12
5344,0.10
5345,0.04
5347,0.02
5348,0.20
5349,0.03
5350,0.07
5351,0.08
5353,0.03
5356,0.12
5358,0.09
5360,0.05
5362,0.24
5363,0.02
5367,0.12
5369,0.80
5370,0.07
5371,0.04
5374,0.31
5376,0.01
5377,0.29
5381,0.13
5383,0.10
5385,0.08
5387,0.01
5393,0.09
5396,0.04
5398,0.07
5401,0.22
5403,0.07
5405,0.13
5406,0.22
901,0.07
5408,0.03
5413,0.05
5414,0.02
5415,0.02
5416,0.20
5418,0.08
5420,0.03
5421,0.13
5423,0.00
5428,0.06
5429,0.06
5433,0.03
5442,0.70
5443,0.05
5455,0.11
5460,0.09
5463,0.03
5464,0.50
5467,0.17
5472,0.03
5473,0.17
5474,0.18
5477,0.17
5478,0.07
5479,0.07
5480,0.15
5481,0.03
5483,0.13
5490,0.05
5500,0.04
5501,0.09
5505,0.10
5506,0.12
5507,0.16
5509,0.14
5512,0.02
5513,0.12
5516,0.13
5518,0.30
5520,0.01
5524,0.06
5527,0.15
5530,0.80
5535,0.13
5536,0.06
5538,0.02
5540,0.20
5542,0.25
5543,0.05
5544,0.06
5545,0.15
8368,0.06
5549,0.05
5550,0.20
5551,0.10
5552,0.02
5556,0.09
5557,0.13
5558,0.04
5559,0.08
5562,0.11
5572,0.06
5574,0.07
5576,0.02
5579,0.40
5581,0.06
5582,0.45
5585,0.06
5586,0.16
5590,0.01
5591,0.06
5595,0.38
5596,0.11
5598,0.09
5599,0.15
5601,0.09
5602,0.03
5604,0.10
5608,0.22
5609,0.01
5614,0.11
5618,0.08
5619,0.16
5627,0.06
5628,0.21
5630,0.08
5632,0.01
5633,0.11
5636,0.11
8371,0.17
5639,0.07
5643,0.06
5644,0.33
5647,0.74
5649,0.16
5650,0.06
5651,0.01
5654,0.28
5664,0.12
5665,0.12
5672,0.01
5673,0.03
5674,0.10
5679,0.17
5681,0.11
5682,0.43
5685,0.17
5687,0.20
5688,0.07
5689,0.13
5691,0.15
5692,0.12
5696,0.06
5697,0.09
5701,0.05
5704,0.09
5706,0.08
5707,0.08
5708,0.07
5709,0.13
5711,0.20
5713,0.12
5715,0.05
5716,0.22
5717,0.05
5722,0.17
5729,0.14
5731,0.06
5734,0.45
5735,0.13
5736,0.12
5737,0.11
5742,0.07
5743,0.04
464,0.09
5752,0.21
5753,0.14
5755,0.02
5757,0.06
5760,0.29
5761,0.70
5762,0.12
5765,0.29
5769,0.07
5770,0.12
5771,0.05
5773,0.32
5774,0.07
5775,0.04
5777,0.03
5783,0.28
5787,0.04
5789,0.06
5791,0.08
5792,0.07
5794,0.38
5796,0.19
5798,0.06
5800,0.03
5801,0.70
5803,0.04
5812,0.50
5813,0.07
5815,0.04
5818,0.04
5819,0.02
5821,0.02
5825,0.08
5826,0.21
5828,0.11
5829,0.01
5831,0.06
973,0.22
5841,0.04
5842,0.08
5843,0.20
5846,0.07
5847,0.06
5848,0.43
5850,0.17
5851,0.25
5854,0.20
5855,0.01
5858,0.06
5859,0.22
5866,0.06
5867,0.04
5870,0.10
5871,0.02
5875,0.15
5876,0.40
5877,0.90
5878,0.05
5881,0.08
5884,0.10
5887,0.18
5888,0.11
5892,0.08
5895,0.07
5896,0.02
5901,0.11
5903,0.17
5907,0.20
5908,0.11
5910,0.10
5915,0.04
5916,0.12
5917,0.04
5919,0.11
5926,0.70
5928,0.10
5930,0.14
5932,0.25
5937,0.12
5939,0.03
5940,0.40
5946,0.07
991,0.07
5953,0.01
5954,0.15
5955,0.13
5956,0.12
5957,0.17
5958,0.38
5960,0.29
5963,0.11
5965,0.01
5968,0.10
5969,0.03
5970,0.15
5971,0.03
5972,0.11
5974,0.03
5978,0.02
7823,0.01
5984,0.09
5985,0.08
5988,0.10
5992,0.12
5995,0.04
5998,0.04
6000,0.08
6005,0.80
6006,0.03
6009,0.35
6010,0.09
6016,0.06
6020,0.14
6021,0.03
6022,0.70
6023,0.10
6024,0.11
6025,0.05
6027,0.08
6028,0.09
6029,0.03
8715,0.70
6031,0.02
6033,0.02
6034,0.29
6036,0.04
6041,0.12
6043,0.06
6044,0.02
6056,0.08
6059,0.06
6060,0.02
6063,0.14
6064,0.70
6066,0.02
6081,0.04
6083,0.07
6084,0.05
6085,0.03
6089,0.10
6090,0.14
6092,0.06
6094,0.86
6095,0.06
6097,0.04
7843,0.00
6101,0.15
6106,0.09
6108,0.20
6110,0.10
6113,0.06
6114,0.30
6121,0.04
6122,0.03
6125,0.17
6127,0.33
6128,0.92
6129,0.07
6131,0.06
6134,0.02
6135,0.37
6137,0.04
6138,0.40
6139,0.30
6142,0.09
6144,0.10
6145,0.06
8388,0.03
6152,0.03
6153,0.09
6154,0.41
6161,0.11
6163,0.02
6164,0.16
6166,0.80
6168,0.08
6169,0.29
6173,0.10
6175,0.04
6176,0.11
6179,0.05
6181,0.25
6182,0.02
6183,0.10
6184,0.13
6186,0.17
6189,0.16
6192,0.08
6193,0.30
6195,0.12
6196,0.04
6198,0.06
6200,0.90
6209,0.27
6210,0.70
6212,0.11
6216,0.20
6218,0.02
6220,0.14
6223,0.07
6224,0.07
6227,0.05
6231,0.28
6233,0.14
6235,0.04
6237,0.09
6238,0.08
6241,0.29
6243,0.73
6252,0.17
6253,0.27
6254,0.07
6255,0.04
6259,0.12
6262,0.20
6263,0.04
6266,0.03
6267,1.00
6270,0.24
6272,0.11
6274,0.08
6276,0.33
6277,0.32
6278,0.07
6279,0.03
6280,0.08
6283,0.08
6284,0.20
6285,0.30
6286,0.12
6287,0.30
6288,0.11
6290,0.01
6296,0.01
6297,0.09
6298,0.07
6299,0.11
6300,0.15
6312,0.11
6316,0.02
6317,0.25
6321,0.02
6322,0.17
6324,0.08
6329,0.01
6333,0.07
6335,0.11
6336,0.03
6339,0.11
6340,0.05
6342,0.24
6347,0.03
6348,0.09
6349,0.14
6350,0.75
6351,0.70
6352,0.18
6354,0.08
6356,0.17
6359,0.08
6361,0.03
6362,0.07
6363,0.60
6364,0.25
6366,0.11
6369,0.06
6371,0.06
6372,0.09
6375,0.13
6378,0.18
6379,0.09
6380,0.06
6382,0.09
6386,0.02
6388,0.13
6389,0.02
6394,0.02
6395,0.14
6401,0.02
6402,0.11
6403,0.16
6404,0.09
6405,0.06
6409,0.21
6410,0.20
6412,0.04
6414,0.34
6416,0.02
6417,0.06
6418,0.04
6422,0.30
6424,0.04
6426,0.07
6429,0.80
6434,0.10
6436,0.25
6437,0.11
6440,0.20
6442,0.04
6445,0.01
6446,0.03
6453,0.05
6454,0.02
6457,0.25
6460,0.27
6461,0.20
6463,0.08
6465,0.12
6466,0.01
6468,0.12
6475,0.13
6476,0.04
6481,0.05
6483,0.20
6484,0.30
6485,0.15
6486,0.01
6487,0.70
6488,0.12
6490,0.04
6491,0.04
6492,0.50
6493,0.17
6494,0.70
6497,0.12
6501,0.09
6502,0.12
6504,0.06
6510,0.03
6511,0.04
6513,0.13
6515,0.13
6518,0.04
6521,0.09
6523,0.20
6524,0.01
6528,0.11
6529,0.28
6530,0.02
6531,0.07
6532,0.11
6533,0.08
6534,0.01
6535,0.13
6536,0.45
6537,0.07
6539,0.17
6540,0.04
6542,0.01
6546,0.13
6549,0.31
6551,0.01
6553,0.03
6555,0.14
6561,0.06
6565,0.06
6566,0.05
6567,0.07
6568,0.07
6570,0.22
6571,0.08
6572,0.04
6573,0.22
6574,0.07
6575,0.12
6576,0.04
6577,0.07
6578,0.15
6579,0.30
6581,0.15
6582,0.09
6583,0.30
3829,0.07
6594,0.39
6595,0.20
6597,0.04
6603,0.04
6604,0.15
6607,0.05
6609,0.06
6611,0.49
6612,0.12
6614,0.06
6615,0.11
6619,0.22
6620,0.17
6622,0.44
6627,0.08
6630,0.18
6631,0.08
6632,0.10
6637,0.25
6638,0.04
6639,0.15
6643,0.04
6644,0.15
6645,0.17
6646,0.62
6647,0.04
6649,0.04
6650,0.07
6651,0.40
6652,0.06
2131,0.08
6662,0.02
6664,0.03
6666,0.16
6669,0.23
6670,0.06
6671,0.02
6676,0.15
6679,0.09
6680,0.04
6681,0.09
6683,0.17
6684,0.05
6693,0.48
6694,0.08
223,0.40
6704,0.70
6706,0.22
6709,0.08
6713,0.21
6717,0.17
2485,0.03
6721,0.13
6723,0.29
6724,0.04
6725,0.02
6735,0.05
6736,0.14
6738,0.03
6739,0.01
6740,0.07
6741,0.09
6742,0.70
6746,0.04
6747,0.14
6749,0.04
6750,0.01
6752,0.10
6755,0.09
6756,0.15
6759,0.07
6760,0.11
6761,0.04
6762,0.03
6763,0.04
6764,0.06
6767,0.06
6768,0.01
6769,0.05
6771,0.14
6772,0.06
6773,0.40
6775,0.17
6777,0.03
6779,0.27
6781,0.25
6787,0.05
6788,0.18
6792,0.08
6794,0.09
6796,0.11
6797,0.02
6799,0.20
6802,0.13
6803,0.07
6805,0.02
8410,0.01
6809,0.06
6810,0.11
6814,0.02
6816,0.38
6817,0.03
6818,0.08
6819,0.20
6823,0.80
6825,0.26
6826,0.07
6827,0.09
6828,0.11
6829,0.02
6832,0.17
6834,0.05
6835,0.30
6836,0.30
6840,0.20
6842,0.14
6843,0.07
6846,0.07
6847,0.33
6848,0.25
6852,0.05
6853,0.21
100,0.23
6856,0.21
6858,0.04
6862,0.11
6863,0.10
6864,0.40
6867,0.80
6868,0.04
6876,0.02
6879,0.08
6880,0.06
6885,0.13
6889,0.05
6892,0.12
6894,0.02
6895,0.70
6896,0.22
6900,0.03
6901,0.06
6905,0.07
6907,0.05
6909,0.07
6913,0.15
6914,0.15
6915,0.01
6917,0.01
6919,0.04
6920,0.70
6921,0.70
6923,0.02
6924,0.25
6926,0.44
6933,0.04
6934,0.08
6935,0.04
6936,0.06
6938,0.06
6940,0.14
6942,0.14
6944,0.14
6946,0.12
6952,0.15
6953,0.07
6954,0.18
6955,0.20
6958,0.25
6961,0.12
6962,0.10
6963,0.07
6967,0.12
6971,0.11
6972,0.33
6974,0.40
505,0.07
6982,0.11
6983,0.05
6984,0.11
6987,0.08
6989,0.22
6993,0.13
6997,0.13
6998,0.08
7001,0.42
7003,0.15
7004,0.09
7005,0.06
7007,0.14
7008,0.11
7009,0.06
7011,0.09
7012,0.01
7013,0.02
7016,0.35
7018,0.11
7019,0.03
7020,0.11
7023,0.02
7024,0.02
7029,0.20
7031,0.20
7034,0.07
7036,0.80
7037,0.70
7042,0.06
7043,0.13
7045,0.07
7047,0.90
7048,0.05
7049,0.67
8269,0.11
7054,0.00
7056,0.70
7060,0.03
7061,1.00
7063,0.03
7064,0.01
7068,0.15
7070,0.14
7072,0.01
7073,0.56
7078,0.06
7086,0.07
7087,0.04
7092,0.30
7094,0.19
7098,0.16
7099,0.03
7101,0.04
7103,0.17
7111,0.38
7113,0.02
7114,0.03
7117,0.04
7119,0.10
7121,0.09
7126,0.12
7129,0.13
7132,0.03
7133,0.11
7136,1.00
7142,0.17
7143,0.00
7147,0.09
7148,0.12
7151,0.10
7161,0.15
7164,0.12
3925,0.05
7169,0.06
7170,0.16
7171,0.10
7174,0.07
7175,0.07
7176,0.01
7177,0.02
7181,0.12
7182,0.08
7183,0.25
7186,0.11
7187,0.90
7191,0.04
7194,0.01
7195,0.05
7203,0.10
7204,0.06
8696,0.10
7206,0.11
7209,0.02
7212,0.08
7213,0.17
7214,0.33
7216,0.21
7221,0.13
7223,0.21
7226,0.21
7229,0.08
7231,0.27
7232,0.04
7233,0.29
7234,0.12
7237,0.06
7241,0.15
7242,0.33
7243,0.05
7244,0.70
7245,0.05
7250,0.09
7251,0.70
7253,0.17
7255,0.10
7259,0.04
7260,0.07
7261,0.05
7263,0.90
7265,0.08
7266,0.08
7268,0.10
7269,0.05
7274,0.04
7275,0.19
7278,0.05
7279,0.41
7285,0.05
7286,0.04
7289,0.25
7290,0.09
7293,0.15
7294,0.04
7297,0.03
7299,0.07
7302,0.35
7303,0.18
7304,0.70
7305,0.12
7307,0.07
7311,0.14
7312,0.12
7314,0.05
7315,0.06
7316,0.03
7317,0.70
7318,0.11
7319,0.06
7321,0.02
7322,0.06
7324,0.27
7328,0.15
7334,0.10
7337,0.08
7338,0.08
7339,0.01
7340,0.40
7346,0.10
7347,0.09
7349,0.11
7353,0.07
7354,0.03
7357,0.12
7361,0.04
7362,0.04
7364,0.12
7365,0.15
7368,0.36
7369,0.05
7373,0.08
7374,0.14
7378,0.12
7379,0.25
7381,0.03
7383,0.12
7384,0.30
7386,0.25
7388,0.14
7392,0.17
7397,0.18
7402,0.20
7403,0.02
7407,0.18
7411,0.01
7414,0.14
7415,0.04
7417,0.02
7418,0.19
7421,0.31
7422,0.41
7424,0.10
7427,0.05
7428,0.07
7432,0.11
7435,0.01
7438,0.32
7439,0.18
7441,0.07
7443,0.21
7445,0.16
7446,0.06
7448,0.04
7452,0.07
7460,0.10
7465,0.05
7467,0.06
7468,0.04
7470,0.02
7471,0.07
7474,0.08
7476,0.09
7483,0.16
7487,0.02
7489,0.06
7490,0.17
7491,0.04
7495,0.03
7499,0.09
7501,0.33
7503,0.11
7508,0.14
7510,0.17
7515,0.06
7516,0.05
7521,0.09
7524,0.11
7527,0.45
7529,1.00
7530,0.08
7533,0.17
7537,0.45
7539,0.04
7540,0.11
7546,0.06
7549,0.12
7553,0.03
7555,0.12
7557,0.04
7560,0.05
7562,0.19
7564,0.01
7566,0.04
7571,0.17
7573,0.11
7575,0.05
7578,0.11
7579,0.03
7580,0.88
7583,0.08
7587,0.07
7588,0.02
7589,0.13
7592,0.10
7597,0.80
7598,0.04
7600,0.09
7601,0.15
7602,0.26
7604,0.06
7605,0.12
7609,0.14
7611,0.26
7612,0.05
7613,0.01
7616,0.08
7617,0.28
7618,0.11
7619,0.17
7621,0.07
7623,0.07
7625,0.06
7629,0.04
7632,0.02
7636,0.02
7644,0.12
7646,0.15
7648,0.09
7650,0.30
7652,0.03
7653,0.15
7656,0.29
7657,0.04
7658,0.07
7659,0.20
7662,0.21
7663,0.03
7666,0.03
7667,0.05
7672,0.03
7673,0.24
7678,0.05
7679,0.14
7688,0.09
7698,0.03
7699,0.03
7701,0.14
7704,0.60
7706,0.04
7708,0.12
7711,0.18
7712,0.40
7714,0.08
7716,0.07
7717,0.07
7718,0.06
7719,0.02
7721,0.04
7722,0.06
7724,0.07
2653,0.15
7731,0.25
7732,0.30
7733,0.03
7734,0.17
7741,0.06
7742,0.27
7744,0.40
7745,0.30
7746,0.09
7747,0.06
7748,0.11
7753,0.08
7754,0.07
8344,0.08
7757,0.04
7758,0.05
7759,0.12
7762,0.15
7766,0.22
7767,0.06
7771,0.07
7773,0.40
7776,0.04
7782,0.04
7785,0.11
7788,0.11
7790,0.10
7792,0.01
7793,0.03
7795,0.05
7797,0.03
7799,0.06
7801,0.05
7803,0.02
7805,0.09
7806,0.30
7810,0.07
7811,0.11
7812,0.02
7818,0.20
7819,0.06
7821,0.07
1897,0.11
7827,0.07
7829,0.07
7830,0.12
7832,0.01
7836,0.80
7838,0.34
7840,0.02
7841,0.04
7842,0.04
163,0.14
7849,0.30
7850,0.04
7852,0.03
7858,0.03
7867,0.03
7868,0.18
7871,0.06
7872,0.15
7876,0.10
7878,0.20
7882,0.05
7883,0.23
7884,0.11
7885,0.18
7886,0.12
7888,0.27
7889,0.03
7890,0.11
7891,0.08
7893,0.08
7895,0.80
7902,0.23
7903,0.17
7904,0.08
7905,0.21
7907,0.05
7908,0.01
7909,0.04
7910,0.25
7913,0.09
7914,0.30
7916,0.80
7917,0.04
7919,0.14
7921,0.09
7922,0.05
7925,0.04
7926,0.22
7927,0.06
7929,0.10
7930,0.04
7932,0.05
7934,0.02
7935,0.80
7939,0.06
7943,0.14
7944,0.06
7949,0.03
7950,0.70
7953,0.24
7958,0.05
7959,0.07
7960,0.06
7963,0.17
7964,0.50
7969,0.40
538,0.12
7972,0.14
7974,0.07
7975,0.08
7977,0.09
7979,0.02
7981,0.25
7982,0.07
7985,0.40
7987,0.05
7988,0.05
7989,0.04
7993,0.10
7995,0.05
7997,0.08
7998,0.03
7999,0.12
8000,0.05
8004,0.04
8005,0.30
8010,0.11
8011,0.02
8012,0.15
8013,0.11
8014,0.12
8020,0.08
8022,0.11
8025,0.08
8027,0.06
8028,0.29
8030,0.09
8031,0.38
8032,0.09
8033,0.12
8036,0.05
8037,0.11
8040,0.04
8041,0.07
8043,0.02
8045,0.13
8046,0.21
8049,0.05
8050,0.05
2707,0.12
8055,0.07
8057,0.11
8058,0.13
8060,0.14
8064,0.02
8066,0.29
8068,0.25
8069,0.06
8070,0.15
8076,1.00
8077,0.02
8078,0.40
8088,0.04
8092,0.07
8095,0.04
8096,0.12
8097,0.15
8098,0.07
8099,0.03
8108,0.16
8109,0.04
8110,0.03
8111,0.03
8112,0.02
8114,0.18
8116,0.20
8117,0.15
8119,0.13
8121,0.14
8122,0.02
8124,0.70
8125,0.10
8126,0.10
8130,0.03
8131,0.08
8135,0.03
8139,0.14
8143,0.10
8144,0.10
8145,0.19
8146,0.02
8147,0.06
8149,0.21
8152,0.80
8205,0.10
8157,0.03
8161,0.02
8162,0.18
8164,0.20
8166,0.09
8167,0.04
8169,0.04
8170,0.10
8172,0.11
8175,0.17
8177,0.05
8179,0.04
8181,0.10
8184,0.06
8186,0.01
8188,0.26
8190,0.22
1,0.00
2,0.00
3,0.00
6,0.00
7,0.00
9,0.00
10,0.00
11,0.00
12,0.00
22,0.00
23,0.00
24,0.00
26,0.00
27,0.00
29,0.00
30,0.00
31,0.00
37,0.00
38,0.00
39,0.00
41,0.00
43,0.00
44,0.00
45,0.00
46,0.00
47,0.00
49,0.00
51,0.00
52,0.00
53,0.00
54,0.00
56,0.00
57,0.00
59,0.00
60,0.00
63,0.00
64,0.00
66,0.00
68,0.00
70,0.00
71,0.00
72,0.00
78,0.00
90,0.00
95,0.00
97,0.00
98,0.00
99,0.00
101,0.00
102,0.00
103,0.00
104,0.00
108,0.00
111,0.00
114,0.00
115,0.00
116,0.00
118,0.00
119,0.00
121,0.00
127,0.00
131,0.00
135,0.00
136,0.00
137,0.00
138,0.00
141,0.00
142,0.00
144,0.00
145,0.00
147,0.00
149,0.00
151,0.00
153,0.00
154,0.00
155,0.00
156,0.00
158,0.00
161,0.00
166,0.00
167,0.00
168,0.00
169,0.00
170,0.00
172,0.00
177,0.00
180,0.00
181,0.00
182,0.00
184,0.00
185,0.00
188,0.00
191,0.00
193,0.00
195,0.00
197,0.00
198,0.00
199,0.00
202,0.00
203,0.00
204,0.00
205,0.00
206,0.00
213,0.00
214,0.00
215,0.00
217,0.00
220,0.00
224,0.00
225,0.00
226,0.00
227,0.00
228,0.00
230,0.00
231,0.00
232,0.00
233,0.00
234,0.00
236,0.00
237,0.00
238,0.00
241,0.00
242,0.00
243,0.00
244,0.00
245,0.00
247,0.00
249,0.00
250,0.00
253,0.00
256,0.00
257,0.00
260,0.00
261,0.00
263,0.00
265,0.00
267,0.00
268,0.00
270,0.00
272,0.00
274,0.00
275,0.00
276,0.00
279,0.00
280,0.00
282,0.00
283,0.00
287,0.00
290,0.00
291,0.00
292,0.00
293,0.00
294,0.00
295,0.00
297,0.00
298,0.00
300,0.00
301,0.00
302,0.00
310,0.00
311,0.00
312,0.00
313,0.00
315,0.00
318,0.00
319,0.00
321,0.00
323,0.00
325,0.00
326,0.00
329,0.00
331,0.00
332,0.00
333,0.00
335,0.00
337,0.00
338,0.00
340,0.00
341,0.00
344,0.00
345,0.00
348,0.00
349,0.00
353,0.00
354,0.00
356,0.00
358,0.00
360,0.00
361,0.00
362,0.00
363,0.00
364,0.00
365,0.00
366,0.00
367,0.00
368,0.00
369,0.00
371,0.00
372,0.00
373,0.00
374,0.00
376,0.00
377,0.00
378,0.00
379,0.00
383,0.00
387,0.00
393,0.00
394,0.00
396,0.00
401,0.00
402,0.00
405,0.00
412,0.00
413,0.00
415,0.00
417,0.00
424,0.00
425,0.00
426,0.00
429,0.00
430,0.00
432,0.00
436,0.00
438,0.00
440,0.00
443,0.00
445,0.00
446,0.00
448,0.00
452,0.00
454,0.00
455,0.00
458,0.00
460,0.00
462,0.00
465,0.00
468,0.00
469,0.00
470,0.00
472,0.00
474,0.00
475,0.00
476,0.00
479,0.00
480,0.00
481,0.00
482,0.00
484,0.00
485,0.00
486,0.00
487,0.00
488,0.00
489,0.00
491,0.00
493,0.00
494,0.00
498,0.00
499,0.00
501,0.00
502,0.00
509,0.00
510,0.00
511,0.00
513,0.00
515,0.00
518,0.00
520,0.00
521,0.00
522,0.00
525,0.00
526,0.00
527,0.00
528,0.00
529,0.00
530,0.00
533,0.00
534,0.00
535,0.00
537,0.00
541,0.00
544,0.00
546,0.00
548,0.00
549,0.00
551,0.00
556,0.00
557,0.00
558,0.00
559,0.00
562,0.00
565,0.00
568,0.00
571,0.00
572,0.00
573,0.00
575,0.00
577,0.00
578,0.00
581,0.00
583,0.00
584,0.00
586,0.00
588,0.00
590,0.00
591,0.00
593,0.00
596,0.00
597,0.00
598,0.00
601,0.00
606,0.00
608,0.00
609,0.00
610,0.00
612,0.00
613,0.00
621,0.00
623,0.00
624,0.00
625,0.00
627,0.00
630,0.00
631,0.00
633,0.00
634,0.00
635,0.00
639,0.00
641,0.00
643,0.00
644,0.00
645,0.00
652,0.00
655,0.00
657,0.00
658,0.00
659,0.00
660,0.00
662,0.00
663,0.00
666,0.00
667,0.00
669,0.00
671,0.00
676,0.00
677,0.00
678,0.00
679,0.00
682,0.00
684,0.00
688,0.00
690,0.00
691,0.00
692,0.00
693,0.00
694,0.00
695,0.00
696,0.00
700,0.00
703,0.00
704,0.00
708,0.00
710,0.00
712,0.00
713,0.00
717,0.00
719,0.00
720,0.00
725,0.00
726,0.00
728,0.00
730,0.00
732,0.00
737,0.00
738,0.00
746,0.00
749,0.00
750,0.00
753,0.00
754,0.00
757,0.00
758,0.00
759,0.00
761,0.00
762,0.00
763,0.00
765,0.00
766,0.00
767,0.00
770,0.00
771,0.00
773,0.00
774,0.00
778,0.00
781,0.00
783,0.00
784,0.00
785,0.00
786,0.00
789,0.00
790,0.00
791,0.00
794,0.00
795,0.00
801,0.00
802,0.00
804,0.00
811,0.00
812,0.00
813,0.00
816,0.00
817,0.00
818,0.00
820,0.00
821,0.00
828,0.00
829,0.00
830,0.00
832,0.00
835,0.00
837,0.00
838,0.00
839,0.00
842,0.00
843,0.00
845,0.00
846,0.00
847,0.00
848,0.00
849,0.00
851,0.00
855,0.00
856,0.00
858,0.00
862,0.00
863,0.00
864,0.00
865,0.00
867,0.00
868,0.00
870,0.00
871,0.00
872,0.00
873,0.00
875,0.00
878,0.00
879,0.00
881,0.00
882,0.00
884,0.00
885,0.00
886,0.00
887,0.00
888,0.00
893,0.00
895,0.00
896,0.00
897,0.00
900,0.00
903,0.00
905,0.00
906,0.00
907,0.00
908,0.00
910,0.00
911,0.00
912,0.00
916,0.00
917,0.00
918,0.00
919,0.00
920,0.00
921,0.00
925,0.00
927,0.00
930,0.00
932,0.00
933,0.00
935,0.00
936,0.00
940,0.00
942,0.00
946,0.00
948,0.00
949,0.00
950,0.00
953,0.00
954,0.00
955,0.00
956,0.00
960,0.00
961,0.00
964,0.00
965,0.00
967,0.00
968,0.00
971,0.00
972,0.00
975,0.00
976,0.00
980,0.00
981,0.00
983,0.00
985,0.00
987,0.00
990,0.00
992,0.00
999,0.00
1000,0.00
1002,0.00
1003,0.00
1008,0.00
1009,0.00
1010,0.00
1012,0.00
1014,0.00
1017,0.00
1019,0.00
1020,0.00
1021,0.00
1024,0.00
1027,0.00
1030,0.00
1032,0.00
1033,0.00
1034,0.00
1039,0.00
1040,0.00
1042,0.00
1043,0.00
1045,0.00
1046,0.00
1047,0.00
1048,0.00
1049,0.00
1051,0.00
1053,0.00
1054,0.00
1055,0.00
1058,0.00
1059,0.00
1060,0.00
1062,0.00
1063,0.00
1064,0.00
1066,0.00
1067,0.00
1069,0.00
1070,0.00
1074,0.00
1077,0.00
1078,0.00
1079,0.00
1081,0.00
1083,0.00
1084,0.00
1085,0.00
1086,0.00
1088,0.00
1090,0.00
1092,0.00
1093,0.00
1094,0.00
1097,0.00
1098,0.00
1099,0.00
1100,0.00
1101,0.00
1102,0.00
1103,0.00
1105,0.00
1106,0.00
1108,0.00
1110,0.00
1111,0.00
1113,0.00
1116,0.00
1117,0.00
1119,0.00
1121,0.00
1122,0.00
1124,0.00
1128,0.00
1129,0.00
1130,0.00
1133,0.00
1134,0.00
1135,0.00
1138,0.00
1139,0.00
1140,0.00
1142,0.00
1143,0.00
1144,0.00
1145,0.00
1147,0.00
1150,0.00
1151,0.00
1152,0.00
1154,0.00
1155,0.00
1158,0.00
1162,0.00
1164,0.00
1165,0.00
1166,0.00
1167,0.00
1170,0.00
1171,0.00
1172,0.00
1173,0.00
1174,0.00
1176,0.00
1178,0.00
1179,0.00
1181,0.00
1184,0.00
1189,0.00
1190,0.00
1192,0.00
1195,0.00
1196,0.00
1198,0.00
1199,0.00
1201,0.00
1202,0.00
1203,0.00
1204,0.00
1205,0.00
1206,0.00
1207,0.00
1208,0.00
1209,0.00
1211,0.00
1212,0.00
1214,0.00
1215,0.00
1217,0.00
1218,0.00
1220,0.00
1222,0.00
1224,0.00
1225,0.00
1228,0.00
1229,0.00
1230,0.00
1231,0.00
1232,0.00
1233,0.00
1236,0.00
1237,0.00
1239,0.00
1241,0.00
1248,0.00
1249,0.00
1250,0.00
1251,0.00
1252,0.00
1254,0.00
1255,0.00
1257,0.00
1259,0.00
1262,0.00
1263,0.00
1267,0.00
1269,0.00
1271,0.00
1272,0.00
1273,0.00
1277,0.00
1283,0.00
1285,0.00
1289,0.00
1291,0.00
1293,0.00
1295,0.00
1299,0.00
1304,0.00
1305,0.00
1306,0.00
1308,0.00
1311,0.00
1312,0.00
1313,0.00
1314,0.00
1316,0.00
1319,0.00
1321,0.00
1324,0.00
1325,0.00
1327,0.00
1328,0.00
1329,0.00
1330,0.00
1331,0.00
1332,0.00
1333,0.00
1337,0.00
1341,0.00
1342,0.00
1345,0.00
1346,0.00
1347,0.00
1348,0.00
1354,0.00
1357,0.00
1358,0.00
1359,0.00
1365,0.00
1368,0.00
1369,0.00
1371,0.00
1372,0.00
1373,0.00
1376,0.00
1377,0.00
1378,0.00
1381,0.00
1385,0.00
1387,0.00
1388,0.00
1392,0.00
1395,0.00
1396,0.00
1397,0.00
1399,0.00
1400,0.00
1401,0.00
1402,0.00
1404,0.00
1405,0.00
1406,0.00
1408,0.00
1409,0.00
1410,0.00
1415,0.00
1416,0.00
1419,0.00
1420,0.00
1421,0.00
1423,0.00
1424,0.00
1426,0.00
1428,0.00
1429,0.00
1431,0.00
1432,0.00
1435,0.00
1436,0.00
1437,0.00
1441,0.00
1445,0.00
1449,0.00
1450,0.00
1451,0.00
1452,0.00
1454,0.00
1456,0.00
1458,0.00
1460,0.00
1462,0.00
1465,0.00
1466,0.00
1470,0.00
1475,0.00
1478,0.00
1479,0.00
1480,0.00
1482,0.00
1484,0.00
1485,0.00
1488,0.00
1490,0.00
1492,0.00
1496,0.00
1499,0.00
1501,0.00
1502,0.00
1503,0.00
1504,0.00
1505,0.00
1506,0.00
1507,0.00
1508,0.00
1509,0.00
1510,0.00
1512,0.00
1516,0.00
1517,0.00
1518,0.00
1519,0.00
1521,0.00
1523,0.00
1524,0.00
1525,0.00
1527,0.00
1533,0.00
1534,0.00
1538,0.00
1539,0.00
1540,0.00
1548,0.00
1549,0.00
1550,0.00
1551,0.00
1552,0.00
1554,0.00
1555,0.00
1556,0.00
1558,0.00
1559,0.00
1561,0.00
1562,0.00
1563,0.00
1566,0.00
1571,0.00
1572,0.00
1575,0.00
1577,0.00
1580,0.00
1582,0.00
1587,0.00
1590,0.00
1591,0.00
1592,0.00
1593,0.00
1598,0.00
1600,0.00
1602,0.00
1603,0.00
1608,0.00
1611,0.00
1612,0.00
1615,0.00
1617,0.00
1621,0.00
1622,0.00
1624,0.00
1629,0.00
1630,0.00
1632,0.00
1633,0.00
1634,0.00
1635,0.00
1640,0.00
1641,0.00
1643,0.00
1649,0.00
1651,0.00
1652,0.00
1657,0.00
1658,0.00
1659,0.00
1661,0.00
1664,0.00
1665,0.00
1666,0.00
1667,0.00
1668,0.00
1669,0.00
1670,0.00
1671,0.00
1673,0.00
1677,0.00
1678,0.00
1679,0.00
1681,0.00
1683,0.00
1684,0.00
1689,0.00
1690,0.00
1691,0.00
1692,0.00
1694,0.00
1695,0.00
1698,0.00
1699,0.00
1701,0.00
1703,0.00
1705,0.00
1706,0.00
1707,0.00
1709,0.00
1710,0.00
1711,0.00
1712,0.00
1714,0.00
1719,0.00
1720,0.00
1721,0.00
1724,0.00
1726,0.00
1727,0.00
1728,0.00
1729,0.00
1733,0.00
1734,0.00
1737,0.00
1739,0.00
1741,0.00
1743,0.00
1745,0.00
1746,0.00
1747,0.00
1748,0.00
1758,0.00
1759,0.00
1760,0.00
1761,0.00
1762,0.00
1764,0.00
1765,0.00
1766,0.00
1768,0.00
1769,0.00
1770,0.00
1773,0.00
1774,0.00
1777,0.00
1780,0.00
1782,0.00
1783,0.00
1785,0.00
1787,0.00
1788,0.00
1790,0.00
1792,0.00
1796,0.00
1797,0.00
1799,0.00
1800,0.00
1802,0.00
1804,0.00
1811,0.00
1814,0.00
1815,0.00
1816,0.00
1817,0.00
1819,0.00
1822,0.00
1823,0.00
1824,0.00
1825,0.00
1826,0.00
1828,0.00
1832,0.00
1833,0.00
1834,0.00
1835,0.00
1836,0.00
1838,0.00
1843,0.00
1844,0.00
1845,0.00
1846,0.00
1847,0.00
1849,0.00
1850,0.00
1854,0.00
1857,0.00
1858,0.00
1859,0.00
1861,0.00
1862,0.00
1863,0.00
1867,0.00
1869,0.00
1870,0.00
1871,0.00
1873,0.00
1879,0.00
1883,0.00
1885,0.00
1887,0.00
1889,0.00
1890,0.00
1894,0.00
1899,0.00
1900,0.00
1901,0.00
1902,0.00
1903,0.00
1906,0.00
1907,0.00
1909,0.00
1910,0.00
1911,0.00
1912,0.00
1918,0.00
1919,0.00
1920,0.00
1922,0.00
1924,0.00
1928,0.00
1930,0.00
1933,0.00
1934,0.00
1935,0.00
1937,0.00
1938,0.00
1940,0.00
1942,0.00
1946,0.00
1952,0.00
1953,0.00
1955,0.00
1956,0.00
1957,0.00
1958,0.00
1961,0.00
1967,0.00
1969,0.00
1970,0.00
1972,0.00
1973,0.00
1974,0.00
1976,0.00
1977,0.00
1979,0.00
1980,0.00
1982,0.00
1983,0.00
1985,0.00
1986,0.00
1987,0.00
1988,0.00
1990,0.00
1991,0.00
1995,0.00
2000,0.00
2004,0.00
2006,0.00
2008,0.00
2009,0.00
2011,0.00
2012,0.00
2013,0.00
2015,0.00
2018,0.00
2021,0.00
2023,0.00
2024,0.00
2026,0.00
2027,0.00
2029,0.00
2031,0.00
2032,0.00
2033,0.00
2034,0.00
2038,0.00
2039,0.00
2040,0.00
2041,0.00
2042,0.00
2043,0.00
2044,0.00
2045,0.00
2047,0.00
2048,0.00
2049,0.00
2052,0.00
2054,0.00
2056,0.00
2057,0.00
2058,0.00
2059,0.00
2061,0.00
2063,0.00
2064,0.00
2072,0.00
2073,0.00
2076,0.00
2077,0.00
2078,0.00
2079,0.00
2082,0.00
2083,0.00
2086,0.00
2088,0.00
2090,0.00
2093,0.00
2095,0.00
2096,0.00
2097,0.00
2098,0.00
2101,0.00
2102,0.00
2108,0.00
2111,0.00
2114,0.00
2116,0.00
2117,0.00
2118,0.00
2123,0.00
2126,0.00
2129,0.00
2132,0.00
2133,0.00
2134,0.00
2135,0.00
2137,0.00
2139,0.00
2140,0.00
2141,0.00
2147,0.00
2149,0.00
2151,0.00
2152,0.00
2153,0.00
2155,0.00
2156,0.00
2158,0.00
2159,0.00
2160,0.00
2161,0.00
2162,0.00
2163,0.00
2165,0.00
2170,0.00
2171,0.00
2173,0.00
2174,0.00
2175,0.00
2176,0.00
2178,0.00
2183,0.00
2184,0.00
2185,0.00
2188,0.00
2191,0.00
2192,0.00
2193,0.00
2194,0.00
2197,0.00
2199,0.00
2200,0.00
2201,0.00
2204,0.00
2205,0.00
2209,0.00
2210,0.00
2211,0.00
2212,0.00
2214,0.00
2216,0.00
2218,0.00
2220,0.00
2221,0.00
2223,0.00
2228,0.00
2229,0.00
2231,0.00
2234,0.00
2236,0.00
2238,0.00
2242,0.00
2243,0.00
2246,0.00
2248,0.00
2249,0.00
2250,0.00
2251,0.00
2253,0.00
2254,0.00
2256,0.00
2260,0.00
2261,0.00
2263,0.00
2265,0.00
2266,0.00
2270,0.00
2271,0.00
2272,0.00
2273,0.00
2274,0.00
2275,0.00
2276,0.00
2280,0.00
2283,0.00
2284,0.00
2286,0.00
2289,0.00
2291,0.00
2292,0.00
2294,0.00
2295,0.00
2297,0.00
2298,0.00
2299,0.00
2300,0.00
2303,0.00
2304,0.00
2307,0.00
2312,0.00
2316,0.00
2317,0.00
2318,0.00
2323,0.00
2324,0.00
2325,0.00
2326,0.00
2327,0.00
2328,0.00
2329,0.00
2330,0.00
2332,0.00
2337,0.00
2340,0.00
2341,0.00
2344,0.00
2346,0.00
2348,0.00
2349,0.00
2350,0.00
2351,0.00
2353,0.00
2354,0.00
2355,0.00
2356,0.00
2357,0.00
2358,0.00
2360,0.00
2362,0.00
2364,0.00
2367,0.00
2375,0.00
2376,0.00
2377,0.00
2378,0.00
2379,0.00
2380,0.00
2383,0.00
2384,0.00
2386,0.00
2387,0.00
2388,0.00
2391,0.00
2392,0.00
2393,0.00
2395,0.00
2396,0.00
2397,0.00
2398,0.00
2402,0.00
2405,0.00
2406,0.00
2407,0.00
2409,0.00
2410,0.00
2411,0.00
2412,0.00
2413,0.00
2415,0.00
2416,0.00
2417,0.00
2421,0.00
2424,0.00
2425,0.00
2426,0.00
2427,0.00
2431,0.00
2439,0.00
2443,0.00
2444,0.00
2447,0.00
2448,0.00
2453,0.00
2455,0.00
2457,0.00
2464,0.00
2466,0.00
2468,0.00
2470,0.00
2471,0.00
2473,0.00
2474,0.00
2475,0.00
2476,0.00
2477,0.00
2478,0.00
2480,0.00
2481,0.00
2482,0.00
2483,0.00
2484,0.00
2486,0.00
2489,0.00
2492,0.00
2493,0.00
2494,0.00
2495,0.00
2497,0.00
2499,0.00
2500,0.00
2501,0.00
2502,0.00
2506,0.00
2507,0.00
2508,0.00
2509,0.00
2511,0.00
2512,0.00
2514,0.00
2515,0.00
2516,0.00
2517,0.00
2521,0.00
2523,0.00
2524,0.00
2525,0.00
2526,0.00
2527,0.00
2528,0.00
2529,0.00
2530,0.00
2533,0.00
2534,0.00
2537,0.00
2538,0.00
2539,0.00
2540,0.00
2541,0.00
2542,0.00
2544,0.00
2546,0.00
2548,0.00
2551,0.00
2553,0.00
2555,0.00
2562,0.00
2564,0.00
2570,0.00
2572,0.00
2573,0.00
2578,0.00
2579,0.00
2580,0.00
2581,0.00
2588,0.00
2590,0.00
2591,0.00
2599,0.00
2600,0.00
2601,0.00
2603,0.00
2604,0.00
2607,0.00
2608,0.00
2611,0.00
2612,0.00
2618,0.00
2623,0.00
2626,0.00
2627,0.00
2628,0.00
2630,0.00
2631,0.00
2633,0.00
2636,0.00
2638,0.00
2639,0.00
2641,0.00
2642,0.00
2643,0.00
2647,0.00
2648,0.00
2649,0.00
2651,0.00
2654,0.00
2657,0.00
2663,0.00
2664,0.00
2666,0.00
2670,0.00
2672,0.00
2674,0.00
2677,0.00
2680,0.00
2683,0.00
2684,0.00
2686,0.00
2687,0.00
2688,0.00
2689,0.00
2690,0.00
2692,0.00
2694,0.00
2695,0.00
2697,0.00
2698,0.00
2699,0.00
2704,0.00
2706,0.00
2708,0.00
2710,0.00
2711,0.00
2713,0.00
2715,0.00
2716,0.00
2717,0.00
2718,0.00
2719,0.00
2721,0.00
2727,0.00
2728,0.00
2729,0.00
2730,0.00
2732,0.00
2734,0.00
2739,0.00
2740,0.00
2741,0.00
2742,0.00
2743,0.00
2747,0.00
2750,0.00
2751,0.00
2753,0.00
2758,0.00
2760,0.00
2761,0.00
2763,0.00
2766,0.00
2767,0.00
2768,0.00
2769,0.00
2770,0.00
2771,0.00
2773,0.00
2775,0.00
2776,0.00
2777,0.00
2778,0.00
2782,0.00
2787,0.00
2788,0.00
2790,0.00
2791,0.00
2792,0.00
2794,0.00
2796,0.00
2797,0.00
2798,0.00
2799,0.00
2800,0.00
2801,0.00
2802,0.00
2803,0.00
2806,0.00
2807,0.00
2808,0.00
2809,0.00
2812,0.00
2814,0.00
2815,0.00
2816,0.00
2817,0.00
2819,0.00
2820,0.00
2821,0.00
2824,0.00
2826,0.00
2829,0.00
2830,0.00
2831,0.00
2832,0.00
2833,0.00
2836,0.00
2838,0.00
2840,0.00
2841,0.00
2844,0.00
2845,0.00
2846,0.00
2849,0.00
2850,0.00
2856,0.00
2859,0.00
2861,0.00
2862,0.00
2864,0.00
2865,0.00
2866,0.00
2867,0.00
2870,0.00
2871,0.00
2874,0.00
2880,0.00
2881,0.00
2884,0.00
2886,0.00
2888,0.00
2890,0.00
2891,0.00
2892,0.00
2893,0.00
2895,0.00
2896,0.00
2897,0.00
2903,0.00
2907,0.00
2915,0.00
2916,0.00
2917,0.00
2918,0.00
2921,0.00
2922,0.00
2924,0.00
2925,0.00
2928,0.00
2931,0.00
2933,0.00
2935,0.00
2936,0.00
2937,0.00
2943,0.00
2946,0.00
2947,0.00
2948,0.00
2949,0.00
2951,0.00
2952,0.00
2953,0.00
2955,0.00
2956,0.00
2958,0.00
2959,0.00
2960,0.00
2962,0.00
2965,0.00
2967,0.00
2968,0.00
2971,0.00
2974,0.00
2980,0.00
2983,0.00
2984,0.00
2986,0.00
2988,0.00
2991,0.00
2992,0.00
2994,0.00
2997,0.00
2998,0.00
3000,0.00
3001,0.00
3002,0.00
3006,0.00
3010,0.00
3011,0.00
3012,0.00
3014,0.00
3016,0.00
3019,0.00
3024,0.00
3026,0.00
3027,0.00
3029,0.00
3030,0.00
3032,0.00
3033,0.00
3034,0.00
3036,0.00
3039,0.00
3040,0.00
3041,0.00
3042,0.00
3043,0.00
3044,0.00
3048,0.00
3050,0.00
3051,0.00
3055,0.00
3056,0.00
3057,0.00
3058,0.00
3059,0.00
3060,0.00
3061,0.00
3063,0.00
3064,0.00
3065,0.00
3066,0.00
3069,0.00
3070,0.00
3077,0.00
3083,0.00
3084,0.00
3087,0.00
3088,0.00
3090,0.00
3092,0.00
3093,0.00
3098,0.00
3100,0.00
3108,0.00
3109,0.00
3113,0.00
3115,0.00
3118,0.00
3119,0.00
3121,0.00
3122,0.00
3125,0.00
3126,0.00
3128,0.00
3129,0.00
3132,0.00
3134,0.00
3135,0.00
3136,0.00
3138,0.00
3142,0.00
3143,0.00
3144,0.00
3145,0.00
3147,0.00
3148,0.00
3149,0.00
3150,0.00
3151,0.00
3153,0.00
3154,0.00
3156,0.00
3160,0.00
3161,0.00
3166,0.00
3176,0.00
3177,0.00
3178,0.00
3179,0.00
3180,0.00
3181,0.00
3183,0.00
3186,0.00
3187,0.00
3190,0.00
3193,0.00
3194,0.00
3197,0.00
3200,0.00
3206,0.00
3207,0.00
3208,0.00
3209,0.00
3212,0.00
3213,0.00
3214,0.00
3216,0.00
3217,0.00
3219,0.00
3220,0.00
3221,0.00
3223,0.00
3224,0.00
3225,0.00
3227,0.00
3228,0.00
3234,0.00
3238,0.00
3243,0.00
3244,0.00
3246,0.00
3247,0.00
3249,0.00
3252,0.00
3253,0.00
3254,0.00
3255,0.00
3258,0.00
3259,0.00
3260,0.00
3262,0.00
3264,0.00
3265,0.00
3266,0.00
3271,0.00
3272,0.00
3274,0.00
3275,0.00
3277,0.00
3278,0.00
3280,0.00
3285,0.00
3286,0.00
3292,0.00
3294,0.00
3295,0.00
3297,0.00
3300,0.00
3302,0.00
3303,0.00
3306,0.00
3307,0.00
3309,0.00
3311,0.00
3313,0.00
3314,0.00
3320,0.00
3321,0.00
3323,0.00
3324,0.00
3327,0.00
3329,0.00
3331,0.00
3332,0.00
3334,0.00
3335,0.00
3336,0.00
3341,0.00
3343,0.00
3345,0.00
3347,0.00
3348,0.00
3351,0.00
3354,0.00
3355,0.00
3356,0.00
3357,0.00
3359,0.00
3361,0.00
3363,0.00
3365,0.00
3366,0.00
3368,0.00
3369,0.00
3371,0.00
3373,0.00
3374,0.00
3376,0.00
3380,0.00
3383,0.00
3384,0.00
3385,0.00
3386,0.00
3392,0.00
3393,0.00
3395,0.00
3397,0.00
3399,0.00
3402,0.00
3404,0.00
3407,0.00
3408,0.00
3409,0.00
3412,0.00
3413,0.00
3416,0.00
3418,0.00
3420,0.00
3421,0.00
3422,0.00
3425,0.00
3427,0.00
3428,0.00
3430,0.00
3433,0.00
3435,0.00
3436,0.00
3437,0.00
3439,0.00
3443,0.00
3444,0.00
3446,0.00
3448,0.00
3451,0.00
3452,0.00
3454,0.00
3456,0.00
3457,0.00
3458,0.00
3459,0.00
3461,0.00
3463,0.00
3464,0.00
3467,0.00
3469,0.00
3470,0.00
3471,0.00
3474,0.00
3475,0.00
3476,0.00
3478,0.00
3481,0.00
3484,0.00
3485,0.00
3487,0.00
3491,0.00
3494,0.00
3496,0.00
3497,0.00
3498,0.00
3500,0.00
3501,0.00
3503,0.00
3504,0.00
3506,0.00
3508,0.00
3510,0.00
3514,0.00
3520,0.00
3521,0.00
3523,0.00
3524,0.00
3526,0.00
3528,0.00
3535,0.00
3536,0.00
3538,0.00
3540,0.00
3541,0.00
3542,0.00
3543,0.00
3544,0.00
3556,0.00
3558,0.00
3560,0.00
3563,0.00
3564,0.00
3575,0.00
3576,0.00
3577,0.00
3578,0.00
3579,0.00
3581,0.00
3582,0.00
3583,0.00
3585,0.00
3587,0.00
3591,0.00
3593,0.00
3595,0.00
3596,0.00
3598,0.00
3603,0.00
3604,0.00
3606,0.00
3610,0.00
3612,0.00
3613,0.00
3614,0.00
3615,0.00
3617,0.00
3618,0.00
3619,0.00
3623,0.00
3624,0.00
3626,0.00
3629,0.00
3631,0.00
3632,0.00
3634,0.00
3636,0.00
3637,0.00
3638,0.00
3639,0.00
3640,0.00
3643,0.00
3648,0.00
3649,0.00
3650,0.00
3653,0.00
3657,0.00
3658,0.00
3659,0.00
3662,0.00
3664,0.00
3666,0.00
3667,0.00
3668,0.00
3670,0.00
3671,0.00
3672,0.00
3677,0.00
3678,0.00
3681,0.00
3682,0.00
3683,0.00
3685,0.00
3686,0.00
3687,0.00
3688,0.00
3690,0.00
3691,0.00
3696,0.00
3697,0.00
3699,0.00
3700,0.00
3701,0.00
3703,0.00
3705,0.00
3708,0.00
3712,0.00
3713,0.00
3714,0.00
3715,0.00
3719,0.00
3720,0.00
3723,0.00
3726,0.00
3727,0.00
3731,0.00
3734,0.00
3735,0.00
3736,0.00
3737,0.00
3738,0.00
3739,0.00
3742,0.00
3744,0.00
3746,0.00
3749,0.00
3751,0.00
3754,0.00
3756,0.00
3758,0.00
3761,0.00
3763,0.00
3764,0.00
3765,0.00
3767,0.00
3769,0.00
3772,0.00
3775,0.00
3776,0.00
3778,0.00
3781,0.00
3782,0.00
3783,0.00
3788,0.00
3789,0.00
3793,0.00
3794,0.00
3796,0.00
3799,0.00
3800,0.00
3804,0.00
3805,0.00
3806,0.00
3817,0.00
3818,0.00
3821,0.00
3822,0.00
3825,0.00
3828,0.00
3830,0.00
3831,0.00
3832,0.00
3834,0.00
3836,0.00
3837,0.00
3838,0.00
3841,0.00
3842,0.00
3843,0.00
3844,0.00
3846,0.00
3849,0.00
3851,0.00
3852,0.00
3853,0.00
3856,0.00
3865,0.00
3866,0.00
3867,0.00
3869,0.00
3870,0.00
3872,0.00
3874,0.00
3875,0.00
3878,0.00
3880,0.00
3881,0.00
3884,0.00
3885,0.00
3887,0.00
3891,0.00
3892,0.00
3894,0.00
3896,0.00
3901,0.00
3904,0.00
3905,0.00
3906,0.00
3907,0.00
3908,0.00
3909,0.00
3910,0.00
3911,0.00
3914,0.00
3918,0.00
3919,0.00
3920,0.00
3922,0.00
3926,0.00
3929,0.00
3930,0.00
3931,0.00
3932,0.00
3933,0.00
3938,0.00
3940,0.00
3942,0.00
3943,0.00
3944,0.00
3945,0.00
3947,0.00
3948,0.00
3950,0.00
3953,0.00
3955,0.00
3956,0.00
3957,0.00
3959,0.00
3960,0.00
3961,0.00
3962,0.00
3963,0.00
3965,0.00
3967,0.00
3972,0.00
3973,0.00
3975,0.00
3978,0.00
3979,0.00
3984,0.00
3985,0.00
3986,0.00
3989,0.00
3990,0.00
3991,0.00
3992,0.00
3995,0.00
4000,0.00
4001,0.00
4005,0.00
4006,0.00
4007,0.00
4008,0.00
4010,0.00
4012,0.00
4016,0.00
4017,0.00
4019,0.00
4020,0.00
4021,0.00
4023,0.00
4025,0.00
4026,0.00
4027,0.00
4029,0.00
4031,0.00
4032,0.00
4035,0.00
4038,0.00
4039,0.00
4040,0.00
4042,0.00
4047,0.00
4049,0.00
4050,0.00
4051,0.00
4052,0.00
4054,0.00
4061,0.00
4063,0.00
4064,0.00
4065,0.00
4066,0.00
4067,0.00
4068,0.00
4072,0.00
4073,0.00
4078,0.00
4079,0.00
4081,0.00
4082,0.00
4087,0.00
4088,0.00
4089,0.00
4090,0.00
4091,0.00
4092,0.00
4094,0.00
4095,0.00
4096,0.00
4097,0.00
4098,0.00
4104,0.00
4105,0.00
4107,0.00
4108,0.00
4109,0.00
4110,0.00
4114,0.00
4115,0.00
4119,0.00
4121,0.00
4122,0.00
4125,0.00
4127,0.00
4129,0.00
4131,0.00
4135,0.00
4136,0.00
4140,0.00
4141,0.00
4143,0.00
4145,0.00
4147,0.00
4150,0.00
4151,0.00
4152,0.00
4153,0.00
4154,0.00
4156,0.00
4158,0.00
4159,0.00
4161,0.00
4162,0.00
4168,0.00
4169,0.00
4170,0.00
4172,0.00
4174,0.00
4175,0.00
4176,0.00
4177,0.00
4179,0.00
4181,0.00
4182,0.00
4183,0.00
4185,0.00
4186,0.00
4187,0.00
4188,0.00
4189,0.00
4191,0.00
4193,0.00
4197,0.00
4198,0.00
4201,0.00
4203,0.00
4205,0.00
4207,0.00
4210,0.00
4212,0.00
4214,0.00
4215,0.00
4216,0.00
4217,0.00
4218,0.00
4219,0.00
4221,0.00
4222,0.00
4224,0.00
4228,0.00
4229,0.00
4230,0.00
4231,0.00
4235,0.00
4236,0.00
4238,0.00
4243,0.00
4244,0.00
4245,0.00
4247,0.00
4249,0.00
4250,0.00
4251,0.00
4253,0.00
4254,0.00
4255,0.00
4256,0.00
4258,0.00
4259,0.00
4261,0.00
4262,0.00
4264,0.00
4269,0.00
4276,0.00
4278,0.00
4280,0.00
4286,0.00
4289,0.00
4290,0.00
4293,0.00
4296,0.00
4298,0.00
4301,0.00
4304,0.00
4310,0.00
4311,0.00
4313,0.00
4314,0.00
4315,0.00
4316,0.00
4317,0.00
4318,0.00
4319,0.00
4321,0.00
4323,0.00
4324,0.00
4325,0.00
4326,0.00
4329,0.00
4330,0.00
4332,0.00
4333,0.00
4337,0.00
4338,0.00
4339,0.00
4341,0.00
4343,0.00
4344,0.00
4346,0.00
4347,0.00
4350,0.00
4352,0.00
4353,0.00
4354,0.00
4355,0.00
4357,0.00
4358,0.00
4359,0.00
4360,0.00
4362,0.00
4365,0.00
4366,0.00
4368,0.00
4370,0.00
4371,0.00
4373,0.00
4375,0.00
4376,0.00
4378,0.00
4379,0.00
4384,0.00
4385,0.00
4388,0.00
4390,0.00
4391,0.00
4392,0.00
4394,0.00
4396,0.00
4397,0.00
4398,0.00
4399,0.00
4400,0.00
4401,0.00
4402,0.00
4403,0.00
4404,0.00
4406,0.00
4409,0.00
4411,0.00
4412,0.00
4413,0.00
4415,0.00
4416,0.00
4419,0.00
4420,0.00
4421,0.00
4423,0.00
4424,0.00
4425,0.00
4432,0.00
4435,0.00
4436,0.00
4437,0.00
4439,0.00
4445,0.00
4446,0.00
4449,0.00
4453,0.00
4454,0.00
4456,0.00
4458,0.00
4459,0.00
4460,0.00
4463,0.00
4465,0.00
4469,0.00
4470,0.00
4473,0.00
4474,0.00
4480,0.00
4481,0.00
4482,0.00
4483,0.00
4486,0.00
4488,0.00
4490,0.00
4492,0.00
4494,0.00
4495,0.00
4496,0.00
4497,0.00
4499,0.00
4500,0.00
4501,0.00
4503,0.00
4505,0.00
4506,0.00
4507,0.00
4509,0.00
4510,0.00
4513,0.00
4514,0.00
4518,0.00
4520,0.00
4521,0.00
4522,0.00
4524,0.00
4525,0.00
4526,0.00
4527,0.00
4532,0.00
4534,0.00
4537,0.00
4539,0.00
4541,0.00
4544,0.00
4547,0.00
4548,0.00
4550,0.00
4552,0.00
4553,0.00
4556,0.00
4558,0.00
4559,0.00
4560,0.00
4561,0.00
4562,0.00
4565,0.00
4566,0.00
4571,0.00
4572,0.00
4574,0.00
4578,0.00
4585,0.00
4587,0.00
4588,0.00
4589,0.00
4591,0.00
4592,0.00
4593,0.00
4594,0.00
4596,0.00
4598,0.00
4602,0.00
4604,0.00
4605,0.00
4607,0.00
4608,0.00
4611,0.00
4616,0.00
4618,0.00
4620,0.00
4622,0.00
4623,0.00
4624,0.00
4625,0.00
4626,0.00
4630,0.00
4633,0.00
4634,0.00
4635,0.00
4637,0.00
4639,0.00
4641,0.00
4642,0.00
4648,0.00
4650,0.00
4652,0.00
4656,0.00
4658,0.00
4659,0.00
4662,0.00
4665,0.00
4666,0.00
4668,0.00
4670,0.00
4671,0.00
4678,0.00
4680,0.00
4681,0.00
4686,0.00
4688,0.00
4689,0.00
4690,0.00
4692,0.00
4693,0.00
4695,0.00
4698,0.00
4699,0.00
4705,0.00
4706,0.00
4708,0.00
4709,0.00
4711,0.00
4712,0.00
4713,0.00
4715,0.00
4716,0.00
4717,0.00
4718,0.00
4719,0.00
4722,0.00
4723,0.00
4724,0.00
4727,0.00
4729,0.00
4731,0.00
4733,0.00
4735,0.00
4737,0.00
4738,0.00
4739,0.00
4740,0.00
4742,0.00
4743,0.00
4744,0.00
4745,0.00
4750,0.00
4751,0.00
4752,0.00
4755,0.00
4756,0.00
4757,0.00
4758,0.00
4760,0.00
4763,0.00
4764,0.00
4766,0.00
4770,0.00
4772,0.00
4773,0.00
4774,0.00
4777,0.00
4778,0.00
4779,0.00
4781,0.00
4783,0.00
4788,0.00
4791,0.00
4794,0.00
4795,0.00
4797,0.00
4798,0.00
4800,0.00
4802,0.00
4803,0.00
4804,0.00
4806,0.00
4809,0.00
4810,0.00
4811,0.00
4813,0.00
4815,0.00
4817,0.00
4818,0.00
4819,0.00
4821,0.00
4822,0.00
4825,0.00
4829,0.00
4830,0.00
4831,0.00
4835,0.00
4836,0.00
4837,0.00
4838,0.00
4839,0.00
4843,0.00
4844,0.00
4849,0.00
4850,0.00
4851,0.00
4853,0.00
4854,0.00
4858,0.00
4859,0.00
4862,0.00
4863,0.00
4864,0.00
4868,0.00
4870,0.00
4871,0.00
4873,0.00
4875,0.00
4876,0.00
4878,0.00
4879,0.00
4880,0.00
4881,0.00
4884,0.00
4886,0.00
4887,0.00
4889,0.00
4890,0.00
4892,0.00
4896,0.00
4898,0.00
4900,0.00
4902,0.00
4910,0.00
4911,0.00
4913,0.00
4914,0.00
4915,0.00
4916,0.00
4917,0.00
4918,0.00
4921,0.00
4922,0.00
4925,0.00
4927,0.00
4928,0.00
4933,0.00
4936,0.00
4943,0.00
4948,0.00
4950,0.00
4952,0.00
4954,0.00
4955,0.00
4956,0.00
4957,0.00
4961,0.00
4963,0.00
4966,0.00
4969,0.00
4972,0.00
4980,0.00
4982,0.00
4985,0.00
4988,0.00
4990,0.00
4991,0.00
4993,0.00
4995,0.00
4996,0.00
4997,0.00
4998,0.00
5000,0.00
5002,0.00
5005,0.00
5007,0.00
5008,0.00
5011,0.00
5012,0.00
5014,0.00
5016,0.00
5017,0.00
5019,0.00
5020,0.00
5021,0.00
5023,0.00
5024,0.00
5026,0.00
5035,0.00
5046,0.00
5047,0.00
5051,0.00
5052,0.00
5054,0.00
5055,0.00
5058,0.00
5059,0.00
5060,0.00
5064,0.00
5065,0.00
5066,0.00
5067,0.00
5068,0.00
5069,0.00
5071,0.00
5072,0.00
5073,0.00
5075,0.00
5076,0.00
5080,0.00
5081,0.00
5082,0.00
5085,0.00
5086,0.00
5088,0.00
5090,0.00
5092,0.00
5093,0.00
5094,0.00
5100,0.00
5102,0.00
5103,0.00
5104,0.00
5107,0.00
5110,0.00
5112,0.00
5115,0.00
5117,0.00
5118,0.00
5119,0.00
5125,0.00
5126,0.00
5128,0.00
5129,0.00
5130,0.00
5131,0.00
5133,0.00
5134,0.00
5137,0.00
5139,0.00
5141,0.00
5145,0.00
5146,0.00
5148,0.00
5149,0.00
5151,0.00
5153,0.00
5156,0.00
5157,0.00
5159,0.00
5160,0.00
5161,0.00
5162,0.00
5164,0.00
5165,0.00
5166,0.00
5167,0.00
5168,0.00
5169,0.00
5170,0.00
5171,0.00
5173,0.00
5175,0.00
5176,0.00
5177,0.00
5180,0.00
5181,0.00
5183,0.00
5184,0.00
5185,0.00
5186,0.00
5187,0.00
5190,0.00
5191,0.00
5194,0.00
5195,0.00
5196,0.00
5198,0.00
5200,0.00
5201,0.00
5203,0.00
5205,0.00
5208,0.00
5209,0.00
5215,0.00
5216,0.00
5218,0.00
5220,0.00
5222,0.00
5224,0.00
5226,0.00
5227,0.00
5228,0.00
5229,0.00
5230,0.00
5234,0.00
5235,0.00
5238,0.00
5239,0.00
5240,0.00
5242,0.00
5244,0.00
5245,0.00
5246,0.00
5248,0.00
5249,0.00
5251,0.00
5252,0.00
5254,0.00
5255,0.00
5258,0.00
5260,0.00
5262,0.00
5263,0.00
5264,0.00
5267,0.00
5268,0.00
5269,0.00
5271,0.00
5272,0.00
5275,0.00
5278,0.00
5279,0.00
5280,0.00
5282,0.00
5283,0.00
5284,0.00
5285,0.00
5286,0.00
5287,0.00
5290,0.00
5291,0.00
5292,0.00
5293,0.00
5295,0.00
5296,0.00
5298,0.00
5299,0.00
5302,0.00
5304,0.00
5305,0.00
5307,0.00
5308,0.00
5309,0.00
5311,0.00
5313,0.00
5314,0.00
5316,0.00
5317,0.00
5318,0.00
5319,0.00
5320,0.00
5321,0.00
5323,0.00
5324,0.00
5328,0.00
5333,0.00
5335,0.00
5336,0.00
5339,0.00
5340,0.00
5342,0.00
5343,0.00
5346,0.00
5352,0.00
5354,0.00
5355,0.00
5357,0.00
5359,0.00
5364,0.00
5365,0.00
5368,0.00
5372,0.00
5375,0.00
5378,0.00
5380,0.00
5382,0.00
5384,0.00
5386,0.00
5388,0.00
5389,0.00
5390,0.00
5391,0.00
5392,0.00
5394,0.00
5395,0.00
5397,0.00
5399,0.00
5400,0.00
5402,0.00
5404,0.00
5407,0.00
5409,0.00
5411,0.00
5412,0.00
5417,0.00
5419,0.00
5422,0.00
5424,0.00
5425,0.00
5426,0.00
5427,0.00
5430,0.00
5431,0.00
5432,0.00
5434,0.00
5435,0.00
5436,0.00
5437,0.00
5438,0.00
5439,0.00
5440,0.00
5441,0.00
5444,0.00
5445,0.00
5446,0.00
5447,0.00
5448,0.00
5449,0.00
5450,0.00
5451,0.00
5453,0.00
5454,0.00
5456,0.00
5457,0.00
5458,0.00
5459,0.00
5461,0.00
5462,0.00
5465,0.00
5466,0.00
5469,0.00
5470,0.00
5471,0.00
5475,0.00
5476,0.00
5482,0.00
5484,0.00
5485,0.00
5486,0.00
5487,0.00
5488,0.00
5489,0.00
5492,0.00
5493,0.00
5494,0.00
5495,0.00
5496,0.00
5497,0.00
5498,0.00
5499,0.00
5502,0.00
5503,0.00
5504,0.00
5508,0.00
5510,0.00
5511,0.00
5514,0.00
5515,0.00
5517,0.00
5519,0.00
5521,0.00
5523,0.00
5525,0.00
5526,0.00
5528,0.00
5529,0.00
5531,0.00
5532,0.00
5533,0.00
5534,0.00
5537,0.00
5539,0.00
5541,0.00
5546,0.00
5547,0.00
5548,0.00
5553,0.00
5554,0.00
5555,0.00
5560,0.00
5561,0.00
5564,0.00
5565,0.00
5566,0.00
5567,0.00
5568,0.00
5569,0.00
5571,0.00
5573,0.00
5575,0.00
5577,0.00
5578,0.00
5580,0.00
5583,0.00
5584,0.00
5588,0.00
5589,0.00
5592,0.00
5597,0.00
5600,0.00
5603,0.00
5605,0.00
5606,0.00
5607,0.00
5610,0.00
5611,0.00
5612,0.00
5613,0.00
5615,0.00
5616,0.00
5617,0.00
5620,0.00
5621,0.00
5622,0.00
5623,0.00
5624,0.00
5625,0.00
5626,0.00
5629,0.00
5631,0.00
5634,0.00
5635,0.00
5637,0.00
5638,0.00
5640,0.00
5641,0.00
5642,0.00
5645,0.00
5646,0.00
5648,0.00
5652,0.00
5653,0.00
5656,0.00
5657,0.00
5658,0.00
5659,0.00
5661,0.00
5662,0.00
5663,0.00
5666,0.00
5667,0.00
5670,0.00
5671,0.00
5675,0.00
5676,0.00
5677,0.00
5678,0.00
5680,0.00
5686,0.00
5690,0.00
5693,0.00
5694,0.00
5695,0.00
5698,0.00
5699,0.00
5700,0.00
5702,0.00
5703,0.00
5705,0.00
5710,0.00
5714,0.00
5718,0.00
5719,0.00
5720,0.00
5721,0.00
5723,0.00
5724,0.00
5727,0.00
5728,0.00
5730,0.00
5732,0.00
5733,0.00
5738,0.00
5739,0.00
5740,0.00
5741,0.00
5744,0.00
5745,0.00
5746,0.00
5747,0.00
5748,0.00
5749,0.00
5750,0.00
5754,0.00
5756,0.00
5758,0.00
5759,0.00
5763,0.00
5764,0.00
5766,0.00
5768,0.00
5776,0.00
5778,0.00
5780,0.00
5781,0.00
5782,0.00
5784,0.00
5785,0.00
5786,0.00
5788,0.00
5790,0.00
5793,0.00
5795,0.00
5799,0.00
5802,0.00
5804,0.00
5805,0.00
5806,0.00
5807,0.00
5808,0.00
5809,0.00
5810,0.00
5811,0.00
5816,0.00
5820,0.00
5822,0.00
5823,0.00
5824,0.00
5827,0.00
5830,0.00
5833,0.00
5834,0.00
5835,0.00
5836,0.00
5837,0.00
5838,0.00
5839,0.00
5840,0.00
5844,0.00
5845,0.00
5849,0.00
5852,0.00
5853,0.00
5856,0.00
5857,0.00
5861,0.00
5862,0.00
5863,0.00
5864,0.00
5865,0.00
5868,0.00
5872,0.00
5873,0.00
5874,0.00
5879,0.00
5882,0.00
5883,0.00
5885,0.00
5886,0.00
5889,0.00
5890,0.00
5891,0.00
5893,0.00
5894,0.00
5897,0.00
5898,0.00
5900,0.00
5902,0.00
5905,0.00
5906,0.00
5909,0.00
5911,0.00
5912,0.00
5913,0.00
5914,0.00
5918,0.00
5921,0.00
5922,0.00
5923,0.00
5925,0.00
5927,0.00
5929,0.00
5931,0.00
5933,0.00
5934,0.00
5935,0.00
5936,0.00
5938,0.00
5941,0.00
5942,0.00
5943,0.00
5944,0.00
5945,0.00
5947,0.00
5948,0.00
5949,0.00
5950,0.00
5951,0.00
5952,0.00
5959,0.00
5961,0.00
5962,0.00
5964,0.00
5966,0.00
5967,0.00
5973,0.00
5975,0.00
5976,0.00
5977,0.00
5979,0.00
5980,0.00
5981,0.00
5982,0.00
5986,0.00
5987,0.00
5989,0.00
5990,0.00
5993,0.00
5996,0.00
5997,0.00
5999,0.00
6001,0.00
6002,0.00
6003,0.00
6004,0.00
6008,0.00
6011,0.00
6013,0.00
6014,0.00
6015,0.00
6017,0.00
6018,0.00
6019,0.00
6026,0.00
6032,0.00
6035,0.00
6037,0.00
6038,0.00
6039,0.00
6040,0.00
6042,0.00
6045,0.00
6046,0.00
6047,0.00
6048,0.00
6050,0.00
6051,0.00
6052,0.00
6053,0.00
6054,0.00
6057,0.00
6062,0.00
6067,0.00
6069,0.00
6070,0.00
6071,0.00
6072,0.00
6074,0.00
6075,0.00
6077,0.00
6078,0.00
6079,0.00
6080,0.00
6086,0.00
6087,0.00
6088,0.00
6091,0.00
6093,0.00
6096,0.00
6098,0.00
6099,0.00
6100,0.00
6102,0.00
6104,0.00
6105,0.00
6107,0.00
6109,0.00
6111,0.00
6112,0.00
6115,0.00
6116,0.00
6117,0.00
6118,0.00
6119,0.00
6120,0.00
6123,0.00
6124,0.00
6126,0.00
6130,0.00
6136,0.00
6141,0.00
6143,0.00
6146,0.00
6147,0.00
6148,0.00
6149,0.00
6150,0.00
6151,0.00
6155,0.00
6156,0.00
6157,0.00
6158,0.00
6159,0.00
6160,0.00
6162,0.00
6165,0.00
6167,0.00
6170,0.00
6171,0.00
6172,0.00
6174,0.00
6177,0.00
6180,0.00
6185,0.00
6187,0.00
6188,0.00
6190,0.00
6191,0.00
6194,0.00
6197,0.00
6201,0.00
6203,0.00
6207,0.00
6211,0.00
6213,0.00
6214,0.00
6215,0.00
6217,0.00
6219,0.00
6221,0.00
6222,0.00
6225,0.00
6226,0.00
6228,0.00
6229,0.00
6230,0.00
6232,0.00
6234,0.00
6236,0.00
6239,0.00
6240,0.00
6242,0.00
6244,0.00
6245,0.00
6246,0.00
6247,0.00
6248,0.00
6249,0.00
6250,0.00
6251,0.00
6256,0.00
6257,0.00
6258,0.00
6261,0.00
6264,0.00
6265,0.00
6268,0.00
6269,0.00
6271,0.00
6273,0.00
6275,0.00
6281,0.00
6282,0.00
6289,0.00
6291,0.00
6292,0.00
6293,0.00
6295,0.00
6301,0.00
6302,0.00
6303,0.00
6304,0.00
6305,0.00
6307,0.00
6308,0.00
6309,0.00
6310,0.00
6311,0.00
6313,0.00
6314,0.00
6315,0.00
6318,0.00
6319,0.00
6320,0.00
6323,0.00
6326,0.00
6327,0.00
6328,0.00
6330,0.00
6331,0.00
6332,0.00
6334,0.00
6338,0.00
6341,0.00
6344,0.00
6345,0.00
6346,0.00
6353,0.00
6355,0.00
6357,0.00
6358,0.00
6360,0.00
6365,0.00
6367,0.00
6370,0.00
6373,0.00
6374,0.00
6376,0.00
6377,0.00
6381,0.00
6384,0.00
6387,0.00
6390,0.00
6391,0.00
6393,0.00
6396,0.00
6397,0.00
6398,0.00
6400,0.00
6406,0.00
6407,0.00
6408,0.00
6411,0.00
6413,0.00
6415,0.00
6419,0.00
6420,0.00
6421,0.00
6425,0.00
6427,0.00
6428,0.00
6430,0.00
6431,0.00
6432,0.00
6433,0.00
6438,0.00
6439,0.00
6441,0.00
6443,0.00
6444,0.00
6447,0.00
6449,0.00
6450,0.00
6451,0.00
6452,0.00
6455,0.00
6456,0.00
6459,0.00
6462,0.00
6464,0.00
6467,0.00
6469,0.00
6470,0.00
6472,0.00
6473,0.00
6474,0.00
6477,0.00
6478,0.00
6479,0.00
6480,0.00
6482,0.00
6489,0.00
6495,0.00
6496,0.00
6498,0.00
6499,0.00
6500,0.00
6503,0.00
6505,0.00
6506,0.00
6507,0.00
6508,0.00
6509,0.00
6514,0.00
6516,0.00
6517,0.00
6519,0.00
6520,0.00
6522,0.00
6525,0.00
6526,0.00
6538,0.00
6541,0.00
6543,0.00
6544,0.00
6545,0.00
6547,0.00
6548,0.00
6552,0.00
6554,0.00
6556,0.00
6557,0.00
6558,0.00
6559,0.00
6560,0.00
6562,0.00
6563,0.00
6564,0.00
6569,0.00
6580,0.00
6584,0.00
6585,0.00
6586,0.00
6587,0.00
6588,0.00
6589,0.00
6590,0.00
6592,0.00
6593,0.00
6596,0.00
6598,0.00
6599,0.00
6600,0.00
6601,0.00
6605,0.00
6606,0.00
6608,0.00
6610,0.00
6613,0.00
6616,0.00
6617,0.00
6618,0.00
6621,0.00
6624,0.00
6625,0.00
6626,0.00
6628,0.00
6629,0.00
6633,0.00
6634,0.00
6635,0.00
6636,0.00
6640,0.00
6641,0.00
6642,0.00
6648,0.00
6654,0.00
6655,0.00
6656,0.00
6657,0.00
6658,0.00
6659,0.00
6660,0.00
6661,0.00
6663,0.00
6665,0.00
6667,0.00
6668,0.00
6672,0.00
6673,0.00
6674,0.00
6678,0.00
6682,0.00
6685,0.00
6686,0.00
6687,0.00
6688,0.00
6692,0.00
6695,0.00
6696,0.00
6697,0.00
6698,0.00
6700,0.00
6701,0.00
6702,0.00
6705,0.00
6707,0.00
6710,0.00
6711,0.00
6712,0.00
6714,0.00
6716,0.00
6718,0.00
6719,0.00
6720,0.00
6722,0.00
6726,0.00
6727,0.00
6728,0.00
6729,0.00
6730,0.00
6731,0.00
6732,0.00
6733,0.00
6734,0.00
6737,0.00
6743,0.00
6744,0.00
6745,0.00
6748,0.00
6751,0.00
6753,0.00
6754,0.00
6757,0.00
6758,0.00
6765,0.00
6766,0.00
6770,0.00
6774,0.00
6776,0.00
6778,0.00
6780,0.00
6782,0.00
6783,0.00
6784,0.00
6785,0.00
6786,0.00
6789,0.00
6790,0.00
6791,0.00
6793,0.00
6795,0.00
6798,0.00
6800,0.00
6801,0.00
6804,0.00
6806,0.00
6807,0.00
6808,0.00
6811,0.00
6812,0.00
6813,0.00
6815,0.00
6820,0.00
6821,0.00
6822,0.00
6824,0.00
6830,0.00
6831,0.00
6833,0.00
6837,0.00
6838,0.00
6839,0.00
6841,0.00
6844,0.00
6845,0.00
6850,0.00
6851,0.00
6854,0.00
6855,0.00
6857,0.00
6860,0.00
6861,0.00
6865,0.00
6866,0.00
6869,0.00
6870,0.00
6871,0.00
6872,0.00
6873,0.00
6874,0.00
6875,0.00
6877,0.00
6878,0.00
6881,0.00
6882,0.00
6883,0.00
6884,0.00
6887,0.00
6888,0.00
6890,0.00
6891,0.00
6893,0.00
6897,0.00
6898,0.00
6899,0.00
6902,0.00
6903,0.00
6904,0.00
6906,0.00
6908,0.00
6910,0.00
6911,0.00
6912,0.00
6916,0.00
6918,0.00
6922,0.00
6925,0.00
6927,0.00
6928,0.00
6929,0.00
6930,0.00
6931,0.00
6932,0.00
6937,0.00
6939,0.00
6941,0.00
6943,0.00
6945,0.00
6947,0.00
6948,0.00
6949,0.00
6950,0.00
6951,0.00
6957,0.00
6959,0.00
6960,0.00
6964,0.00
6965,0.00
6966,0.00
6968,0.00
6969,0.00
6973,0.00
6975,0.00
6976,0.00
6977,0.00
6978,0.00
6979,0.00
6980,0.00
6981,0.00
6985,0.00
6986,0.00
6988,0.00
6990,0.00
6991,0.00
6992,0.00
6994,0.00
6995,0.00
6996,0.00
6999,0.00
7000,0.00
7002,0.00
7006,0.00
7010,0.00
7014,0.00
7015,0.00
7017,0.00
7022,0.00
7026,0.00
7027,0.00
7028,0.00
7030,0.00
7032,0.00
7033,0.00
7035,0.00
7038,0.00
7039,0.00
7040,0.00
7044,0.00
7046,0.00
7050,0.00
7051,0.00
7052,0.00
7053,0.00
7055,0.00
7057,0.00
7059,0.00
7062,0.00
7065,0.00
7066,0.00
7067,0.00
7069,0.00
7071,0.00
7074,0.00
7075,0.00
7076,0.00
7079,0.00
7080,0.00
7081,0.00
7082,0.00
7083,0.00
7084,0.00
7088,0.00
7089,0.00
7091,0.00
7093,0.00
7096,0.00
7097,0.00
7100,0.00
7102,0.00
7104,0.00
7105,0.00
7106,0.00
7107,0.00
7108,0.00
7109,0.00
7110,0.00
7112,0.00
7115,0.00
7116,0.00
7118,0.00
7120,0.00
7122,0.00
7123,0.00
7124,0.00
7125,0.00
7127,0.00
7130,0.00
7131,0.00
7134,0.00
7135,0.00
7137,0.00
7138,0.00
7139,0.00
7140,0.00
7144,0.00
7145,0.00
7146,0.00
7149,0.00
7150,0.00
7152,0.00
7153,0.00
7154,0.00
7155,0.00
7156,0.00
7157,0.00
7158,0.00
7159,0.00
7160,0.00
7162,0.00
7163,0.00
7166,0.00
7167,0.00
7168,0.00
7172,0.00
7173,0.00
7178,0.00
7179,0.00
7180,0.00
7184,0.00
7185,0.00
7188,0.00
7189,0.00
7190,0.00
7192,0.00
7193,0.00
7196,0.00
7197,0.00
7198,0.00
7199,0.00
7200,0.00
7201,0.00
7202,0.00
7208,0.00
7210,0.00
7215,0.00
7217,0.00
7219,0.00
7220,0.00
7222,0.00
7224,0.00
7225,0.00
7227,0.00
7228,0.00
7230,0.00
7235,0.00
7236,0.00
7238,0.00
7239,0.00
7240,0.00
7246,0.00
7248,0.00
7249,0.00
7252,0.00
7254,0.00
7256,0.00
7257,0.00
7258,0.00
7262,0.00
7264,0.00
7267,0.00
7270,0.00
7271,0.00
7272,0.00
7276,0.00
7277,0.00
7280,0.00
7281,0.00
7283,0.00
7284,0.00
7287,0.00
7288,0.00
7291,0.00
7292,0.00
7295,0.00
7296,0.00
7298,0.00
7300,0.00
7301,0.00
7306,0.00
7309,0.00
7310,0.00
7313,0.00
7323,0.00
7326,0.00
7327,0.00
7329,0.00
7330,0.00
7331,0.00
7332,0.00
7333,0.00
7335,0.00
7336,0.00
7341,0.00
7342,0.00
7343,0.00
7344,0.00
7345,0.00
7348,0.00
7351,0.00
7352,0.00
7355,0.00
7356,0.00
7358,0.00
7359,0.00
7360,0.00
7366,0.00
7367,0.00
7370,0.00
7371,0.00
7372,0.00
7375,0.00
7376,0.00
7377,0.00
7380,0.00
7382,0.00
7387,0.00
7389,0.00
7390,0.00
7391,0.00
7393,0.00
7394,0.00
7396,0.00
7398,0.00
7399,0.00
7400,0.00
7401,0.00
7404,0.00
7406,0.00
7408,0.00
7409,0.00
7410,0.00
7412,0.00
7413,0.00
7416,0.00
7423,0.00
7425,0.00
7426,0.00
7429,0.00
7430,0.00
7431,0.00
7433,0.00
7434,0.00
7436,0.00
7437,0.00
7440,0.00
7442,0.00
7444,0.00
7447,0.00
7449,0.00
7450,0.00
7451,0.00
7453,0.00
7454,0.00
7455,0.00
7456,0.00
7457,0.00
7458,0.00
7459,0.00
7461,0.00
7462,0.00
7463,0.00
7464,0.00
7466,0.00
7469,0.00
7472,0.00
7473,0.00
7475,0.00
7478,0.00
7479,0.00
7480,0.00
7481,0.00
7482,0.00
7484,0.00
7485,0.00
7486,0.00
7488,0.00
7492,0.00
7493,0.00
7494,0.00
7496,0.00
7497,0.00
7498,0.00
7500,0.00
7502,0.00
7504,0.00
7505,0.00
7506,0.00
7507,0.00
7509,0.00
7511,0.00
7512,0.00
7513,0.00
7517,0.00
7518,0.00
7519,0.00
7520,0.00
7522,0.00
7523,0.00
7525,0.00
7526,0.00
7528,0.00
7531,0.00
7532,0.00
7534,0.00
7535,0.00
7536,0.00
7538,0.00
7541,0.00
7542,0.00
7543,0.00
7544,0.00
7545,0.00
7547,0.00
7548,0.00
7550,0.00
7551,0.00
7554,0.00
7556,0.00
7558,0.00
7561,0.00
7563,0.00
7565,0.00
7567,0.00
7570,0.00
7574,0.00
7576,0.00
7577,0.00
7581,0.00
7584,0.00
7585,0.00
7586,0.00
7590,0.00
7591,0.00
7593,0.00
7594,0.00
7595,0.00
7596,0.00
7599,0.00
7606,0.00
7607,0.00
7608,0.00
7610,0.00
7614,0.00
7615,0.00
7620,0.00
7622,0.00
7624,0.00
7626,0.00
7627,0.00
7628,0.00
7630,0.00
7631,0.00
7633,0.00
7634,0.00
7637,0.00
7639,0.00
7640,0.00
7641,0.00
7642,0.00
7643,0.00
7645,0.00
7647,0.00
7649,0.00
7651,0.00
7655,0.00
7660,0.00
7664,0.00
7665,0.00
7668,0.00
7670,0.00
7671,0.00
7674,0.00
7675,0.00
7676,0.00
7677,0.00
7680,0.00
7681,0.00
7682,0.00
7684,0.00
7685,0.00
7686,0.00
7687,0.00
7689,0.00
7690,0.00
7691,0.00
7692,0.00
7693,0.00
7694,0.00
7695,0.00
7696,0.00
7697,0.00
7700,0.00
7702,0.00
7703,0.00
7705,0.00
7707,0.00
7709,0.00
7710,0.00
7715,0.00
7720,0.00
7723,0.00
7725,0.00
7726,0.00
7727,0.00
7728,0.00
7729,0.00
7730,0.00
7735,0.00
7736,0.00
7737,0.00
7738,0.00
7740,0.00
7743,0.00
7749,0.00
7750,0.00
7751,0.00
7755,0.00
7756,0.00
7760,0.00
7761,0.00
7763,0.00
7764,0.00
7765,0.00
7768,0.00
7770,0.00
7772,0.00
7774,0.00
7775,0.00
7777,0.00
7778,0.00
7779,0.00
7781,0.00
7783,0.00
7786,0.00
7787,0.00
7789,0.00
7791,0.00
7796,0.00
7798,0.00
7800,0.00
7802,0.00
7804,0.00
7807,0.00
7808,0.00
7809,0.00
7813,0.00
7814,0.00
7815,0.00
7816,0.00
7817,0.00
7822,0.00
7824,0.00
7825,0.00
7826,0.00
7828,0.00
7831,0.00
7833,0.00
7834,0.00
7835,0.00
7837,0.00
7839,0.00
7845,0.00
7846,0.00
7847,0.00
7848,0.00
7851,0.00
7853,0.00
7854,0.00
7855,0.00
7856,0.00
7857,0.00
7859,0.00
7860,0.00
7861,0.00
7862,0.00
7863,0.00
7864,0.00
7865,0.00
7870,0.00
7873,0.00
7875,0.00
7877,0.00
7879,0.00
7880,0.00
7881,0.00
7887,0.00
7892,0.00
7894,0.00
7896,0.00
7898,0.00
7899,0.00
7900,0.00
7901,0.00
7906,0.00
7911,0.00
7912,0.00
7915,0.00
7918,0.00
7920,0.00
7923,0.00
7924,0.00
7928,0.00
7931,0.00
7933,0.00
7936,0.00
7937,0.00
7938,0.00
7940,0.00
7942,0.00
7945,0.00
7946,0.00
7947,0.00
7951,0.00
7952,0.00
7954,0.00
7956,0.00
7961,0.00
7962,0.00
7965,0.00
7966,0.00
7967,0.00
7968,0.00
7970,0.00
7971,0.00
7973,0.00
7978,0.00
7984,0.00
7986,0.00
7990,0.00
7991,0.00
7994,0.00
7996,0.00
8001,0.00
8002,0.00
8006,0.00
8007,0.00
8008,0.00
8009,0.00
8015,0.00
8016,0.00
8017,0.00
8018,0.00
8019,0.00
8021,0.00
8023,0.00
8024,0.00
8026,0.00
8029,0.00
8034,0.00
8035,0.00
8038,0.00
8039,0.00
8042,0.00
8044,0.00
8047,0.00
8048,0.00
8051,0.00
8052,0.00
8053,0.00
8054,0.00
8056,0.00
8059,0.00
8061,0.00
8062,0.00
8063,0.00
8065,0.00
8067,0.00
8071,0.00
8072,0.00
8073,0.00
8074,0.00
8075,0.00
8079,0.00
8080,0.00
8081,0.00
8082,0.00
8083,0.00
8084,0.00
8085,0.00
8086,0.00
8087,0.00
8089,0.00
8090,0.00
8091,0.00
8093,0.00
8094,0.00
8100,0.00
8102,0.00
8103,0.00
8104,0.00
8105,0.00
8106,0.00
8113,0.00
8115,0.00
8118,0.00
8123,0.00
8128,0.00
8129,0.00
8132,0.00
8133,0.00
8134,0.00
8136,0.00
8137,0.00
8140,0.00
8141,0.00
8142,0.00
8148,0.00
8150,0.00
8153,0.00
8154,0.00
8155,0.00
8156,0.00
8160,0.00
8163,0.00
8165,0.00
8168,0.00
8171,0.00
8174,0.00
8176,0.00
8178,0.00
8180,0.00
8182,0.00
8183,0.00
8185,0.00
8187,0.00
8189,0.00
8191,0.00
8192,0.00
8193,0.00
8194,0.00
8196,0.00
8198,0.00
8200,0.00
8201,0.00
8202,0.00
8203,0.00
8206,0.00
8207,0.00
8208,0.00
8210,0.00
8214,0.00
8215,0.00
8220,0.00
8221,0.00
8222,0.00
8224,0.00
8227,0.00
8229,0.00
8233,0.00
8237,0.00
8238,0.00
8240,0.00
8241,0.00
8242,0.00
8243,0.00
8247,0.00
8248,0.00
8249,0.00
8253,0.00
8255,0.00
8256,0.00
8257,0.00
8260,0.00
8262,0.00
8266,0.00
8268,0.00
8270,0.00
8271,0.00
8273,0.00
8276,0.00
8279,0.00
8281,0.00
8283,0.00
8284,0.00
8285,0.00
8288,0.00
8289,0.00
8290,0.00
8293,0.00
8294,0.00
8296,0.00
8297,0.00
8300,0.00
8301,0.00
8303,0.00
8306,0.00
8308,0.00
8311,0.00
8315,0.00
8317,0.00
8318,0.00
8319,0.00
8323,0.00
8324,0.00
8325,0.00
8326,0.00
8327,0.00
8328,0.00
8329,0.00
8331,0.00
8333,0.00
8335,0.00
8338,0.00
8340,0.00
8341,0.00
8343,0.00
8346,0.00
8348,0.00
8350,0.00
8352,0.00
8356,0.00
8358,0.00
8360,0.00
8361,0.00
8362,0.00
8363,0.00
8367,0.00
8369,0.00
8372,0.00
8373,0.00
8374,0.00
8376,0.00
8378,0.00
8379,0.00
8381,0.00
8383,0.00
8387,0.00
8392,0.00
8395,0.00
8397,0.00
8399,0.00
8400,0.00
8401,0.00
8403,0.00
8404,0.00
8407,0.00
8408,0.00
8409,0.00
8411,0.00
8412,0.00
8413,0.00
8414,0.00
8420,0.00
8426,0.00
8427,0.00
8428,0.00
8430,0.00
8432,0.00
8434,0.00
8436,0.00
8437,0.00
8440,0.00
8442,0.00
8443,0.00
8444,0.00
8445,0.00
8447,0.00
8448,0.00
8449,0.00
8453,0.00
8454,0.00
8455,0.00
8457,0.00
8458,0.00
8459,0.00
8460,0.00
8464,0.00
8467,0.00
8470,0.00
8471,0.00
8472,0.00
8474,0.00
8478,0.00
8480,0.00
8481,0.00
8482,0.00
8483,0.00
8484,0.00
8492,0.00
8495,0.00
8498,0.00
8499,0.00
8501,0.00
8503,0.00
8505,0.00
8507,0.00
8513,0.00
8516,0.00
8517,0.00
8518,0.00
8519,0.00
8521,0.00
8522,0.00
8524,0.00
8525,0.00
8528,0.00
8531,0.00
8532,0.00
8537,0.00
8538,0.00
8539,0.00
8540,0.00
8541,0.00
8542,0.00
8548,0.00
8549,0.00
8550,0.00
8551,0.00
8552,0.00
8553,0.00
8556,0.00
8561,0.00
8564,0.00
8565,0.00
8567,0.00
8568,0.00
8572,0.00
8574,0.00
8576,0.00
8577,0.00
8578,0.00
8581,0.00
8583,0.00
8584,0.00
8587,0.00
8591,0.00
8595,0.00
8596,0.00
8598,0.00
8599,0.00
8600,0.00
8602,0.00
8603,0.00
8604,0.00
8609,0.00
8611,0.00
8612,0.00
8615,0.00
8617,0.00
8618,0.00
8621,0.00
8622,0.00
8623,0.00
8624,0.00
8625,0.00
8626,0.00
8627,0.00
8628,0.00
8631,0.00
8633,0.00
8635,0.00
8637,0.00
8639,0.00
8642,0.00
8646,0.00
8647,0.00
8648,0.00
8649,0.00
8650,0.00
8652,0.00
8657,0.00
8659,0.00
8663,0.00
8665,0.00
8667,0.00
8668,0.00
8669,0.00
8671,0.00
8677,0.00
8681,0.00
8682,0.00
8683,0.00
8684,0.00
8685,0.00
8686,0.00
8687,0.00
8689,0.00
8690,0.00
8691,0.00
8692,0.00
8694,0.00
8695,0.00
8698,0.00
8701,0.00
8704,0.00
8705,0.00
8707,0.00
8709,0.00
8714,0.00
8717,0.00
8718,0.00
8719,0.00
8720,0.00
8725,0.00
8727,0.00
8729,0.00
8732,0.00
8735,0.00
8737,0.00
8738,0.00
8740,0.00
8741,0.00
8742,0.00
8743,0.00
8744,0.00
8745,0.00
8747,0.00
8748,0.00
8751,0.00
8754,0.00
8756,0.00
8757,0.00
8758,0.00
8759,0.00
8761,0.00
8762,0.00
8765,0.00
8766,0.00
8767,0.00
8768,0.00
8770,0.00
8774,0.00
8776,0.00
8779,0.00
8781,0.00
8782,0.00
8784,0.00
8785,0.00
8787,0.00
8788,0.00
8789,0.00
8790,0.00
8791,0.00
8792,0.00
8794,0.00
8797,0.00
8798,0.00
8799,0.00
8802,0.00
8803,0.00
8804,0.00
8805,0.00
8810,0.00
8811,0.00
8814,0.00
8815,0.00
8816,0.00
8817,0.00
8818,0.00
8819,0.00
8820,0.00
8821,0.00
8826,0.00
8829,0.00
8832,0.00
8834,0.00
8835,0.00
8837,0.00
8838,0.00
8841,0.00
8845,0.00
8846,0.00
8847,0.00
8848,0.00
8851,0.00
8853,0.00
8854,0.00
8855,0.00
