mid,x1
1,12.00
2,2.00
3,8.00
4,29.00
5,48.00
6,55.00
7,3.00
9,6.00
11,4.00
12,5.00
13,41.00
14,15.00
15,105.00
17,50.00
18,9.00
19,76.00
20,119.00
21,15.00
22,14.00
23,19.00
24,4.00
25,194.00
26,10.00
27,17.00
28,24.00
29,4.00
30,7.00
31,47.00
33,9.00
34,7.00
35,85.00
36,3.00
37,22.00
38,7.00
39,34.00
40,136.00
41,5.00
42,1188.00
43,3.00
44,20.00
45,15.00
46,2.00
47,19.00
48,28.00
49,5.00
50,20.00
51,2.00
52,7.00
53,16.00
54,9.00
55,35.00
56,6.00
57,25.00
58,2467.00
59,1.00
60,23.00
61,9.00
62,6.00
63,12.00
64,11.00
66,15.00
68,27.00
69,30.00
70,1.00
71,2.00
72,67.00
73,7.00
74,76.00
75,94.00
76,212.00
77,36.00
78,3.00
79,299.00
81,30.00
83,26.00
84,8.00
85,35.00
86,29.00
87,86.00
88,30.00
90,3.00
92,111.00
93,58.00
94,14.00
95,4.00
96,411.00
97,7.00
98,16.00
99,6.00
100,8.00
101,10.00
102,4.00
103,4.00
104,21.00
105,31.00
106,9.00
107,7.00
108,2.00
109,33.00
110,28.00
111,7.00
112,55.00
113,91.00
114,2.00
115,2.00
116,4.00
118,8.00
119,11.00
120,202.00
121,9.00
122,181.00
125,483.00
127,2.00
128,5.00
129,1763.00
130,21.00
131,12.00
132,54.00
133,35.00
134,27.00
135,4.00
136,7.00
137,3.00
138,8.00
139,8.00
140,23.00
141,4.00
142,5.00
143,46.00
144,2.00
145,11.00
146,10.00
147,24.00
149,35.00
150,145.00
151,2.00
152,7.00
153,9.00
154,21.00
155,12.00
156,8.00
157,6.00
158,1.00
159,12.00
160,11.00
161,1.00
162,15.00
163,6.00
165,137.00
166,17.00
167,9.00
168,5.00
169,8.00
170,6.00
171,1779.00
172,14.00
173,101.00
175,232.00
176,27.00
177,7.00
178,74.00
179,58.00
180,5.00
181,15.00
182,5.00
183,38.00
184,9.00
185,3.00
187,205.00
188,7.00
189,14.00
190,2.00
191,5.00
193,4.00
194,107.00
195,25.00
196,8.00
197,7.00
198,8.00
199,16.00
200,55.00
201,38.00
202,28.00
203,43.00
204,17.00
205,15.00
206,11.00
207,59.00
208,336.00
209,756.00
210,9.00
211,59.00
212,415.00
213,1.00
214,20.00
215,5.00
216,2.00
217,12.00
218,188.00
219,37.00
220,25.00
221,4.00
222,22.00
223,1.00
224,28.00
225,6.00
226,8.00
227,6.00
228,12.00
229,27.00
230,31.00
231,10.00
232,3.00
233,61.00
234,2.00
235,1.00
236,5.00
237,6.00
238,14.00
239,34.00
240,9.00
241,5.00
242,18.00
243,7.00
244,1.00
245,18.00
246,91.00
247,5.00
248,6.00
249,6.00
250,36.00
251,48.00
253,5.00
255,17.00
256,13.00
257,4.00
259,18.00
261,27.00
262,119.00
263,4.00
265,2.00
266,23.00
267,2.00
268,5.00
269,17.00
270,25.00
271,7.00
272,9.00
273,4.00
274,2.00
275,17.00
276,10.00
277,1.00
278,11.00
279,20.00
280,2.00
281,62.00
282,7.00
283,15.00
284,18.00
285,5.00
286,232.00
287,3.00
289,17.00
290,16.00
291,11.00
292,6.00
293,7.00
294,1.00
295,31.00
296,12.00
297,19.00
298,40.00
299,16.00
300,14.00
301,14.00
302,26.00
303,146.00
304,35.00
305,38.00
307,2.00
308,16.00
310,2.00
311,6.00
312,2.00
313,1.00
314,160.00
315,4.00
316,3.00
317,13.00
318,4.00
319,7.00
321,11.00
323,3.00
324,5.00
325,5.00
326,23.00
327,9.00
328,26.00
329,50.00
330,13.00
331,7.00
332,7.00
333,5.00
334,6.00
335,6.00
337,17.00
338,8.00
339,5.00
340,2.00
341,5.00
342,170.00
343,43.00
344,8.00
345,12.00
346,16.00
348,6.00
349,7.00
350,9.00
351,59.00
353,9.00
354,10.00
355,15.00
356,7.00
357,33.00
358,9.00
359,4.00
360,5.00
361,2.00
362,33.00
363,10.00
364,13.00
365,12.00
366,1.00
367,4.00
368,16.00
369,4.00
371,21.00
372,115.00
373,53.00
374,8.00
375,24.00
376,1.00
377,11.00
378,11.00
379,23.00
380,1752.00
381,11.00
382,249.00
383,4.00
384,33.00
385,29.00
386,22.00
387,5.00
388,236.00
389,10.00
391,280.00
393,10.00
394,17.00
395,23.00
396,12.00
397,81.00
398,142.00
399,7.00
400,35.00
401,2.00
402,5.00
403,17.00
405,3.00
406,27.00
407,5.00
408,24.00
409,13.00
410,49.00
411,54.00
412,43.00
413,7.00
415,6.00
416,10.00
417,4.00
419,29.00
420,41.00
421,13.00
422,12.00
423,60.00
424,12.00
425,22.00
426,10.00
427,16.00
428,12.00
429,3.00
430,8.00
431,33.00
432,4.00
433,5.00
434,43.00
435,54.00
436,20.00
437,5.00
438,9.00
440,11.00
441,109.00
443,6.00
445,22.00
446,3.00
447,37.00
448,1.00
449,18.00
450,9740.00
451,210.00
452,7.00
453,9.00
454,11.00
455,13.00
456,44.00
457,84.00
458,3.00
459,9.00
460,32.00
461,30.00
462,11.00
463,42.00
464,38.00
465,16.00
468,4.00
469,17.00
470,3.00
471,17.00
472,2.00
474,9.00
475,3.00
476,9.00
477,122.00
478,63.00
479,2.00
480,17.00
481,9.00
482,6.00
483,37.00
484,3.00
485,2.00
486,2.00
487,30.00
488,21.00
489,6.00
490,17.00
491,8.00
492,46.00
493,12.00
494,10.00
495,61.00
496,22.00
497,41.00
498,6.00
499,7.00
500,5.00
501,5.00
502,16.00
503,183.00
504,8.00
505,11.00
506,11.00
508,132.00
509,9.00
510,3.00
511,2.00
512,99.00
513,2.00
514,476.00
515,2.00
516,7.00
517,1190.00
518,22.00
519,17.00
520,4.00
521,29.00
522,7.00
523,15.00
524,48.00
525,3.00
526,3.00
527,15.00
528,1.00
529,7.00
530,22.00
531,73.00
533,4.00
534,5.00
535,13.00
537,5.00
538,6.00
539,374.00
540,17.00
541,20.00
543,46.00
544,11.00
545,22.00
546,2.00
547,174.00
548,3.00
549,23.00
550,10.00
551,3.00
553,8.00
554,27.00
555,53.00
556,9.00
557,13.00
558,7.00
559,2.00
560,6.00
561,31.00
562,12.00
564,20.00
565,8.00
567,8.00
568,3.00
569,11.00
570,10.00
571,8.00
572,2.00
573,26.00
574,53.00
575,12.00
576,201.00
577,21.00
578,4.00
580,4.00
581,12.00
582,66.00
583,2.00
584,8.00
586,1.00
587,36.00
588,4.00
589,19.00
590,8.00
591,14.00
592,26.00
593,23.00
595,4.00
596,4.00
597,9.00
598,20.00
599,113.00
600,71.00
601,30.00
602,11.00
604,35.00
605,86.00
606,4.00
607,11.00
608,3.00
609,9.00
610,6.00
611,802.00
612,4.00
613,9.00
614,5.00
615,26.00
616,6.00
617,20.00
618,162.00
619,51.00
620,45.00
621,48.00
623,2.00
624,19.00
625,6.00
626,28.00
627,6.00
628,12.00
629,572.00
630,2.00
631,1.00
632,39.00
633,1.00
634,9.00
635,7.00
636,6.00
637,10.00
638,27.00
639,11.00
640,67.00
641,6.00
642,496.00
643,77.00
644,1.00
645,6.00
646,15.00
647,1.00
648,22.00
649,104.00
650,4.00
652,3.00
653,5.00
654,3.00
655,3.00
656,53.00
657,1.00
658,13.00
659,16.00
660,13.00
662,21.00
663,41.00
664,36.00
665,85.00
666,3.00
667,16.00
669,5.00
670,55.00
671,8.00
672,51.00
673,5.00
674,63.00
675,24.00
676,3.00
677,65.00
678,2.00
679,1.00
680,230.00
682,7.00
683,13.00
684,8.00
685,132.00
686,6.00
687,10.00
688,6.00
690,11.00
691,9.00
692,4.00
693,14.00
694,2.00
695,3.00
696,1.00
697,6.00
698,58.00
699,37.00
700,17.00
701,21.00
702,3.00
703,3.00
704,10.00
705,3.00
706,12.00
707,27.00
708,7.00
709,67.00
710,2.00
711,67.00
712,10.00
713,4.00
714,39.00
715,19.00
716,10.00
717,1.00
718,13.00
719,19.00
720,2.00
721,5.00
723,62.00
724,72.00
725,3.00
726,3.00
728,4.00
729,79.00
730,7.00
731,18.00
732,1.00
733,7.00
734,62.00
735,16.00
736,13.00
737,3.00
738,2.00
741,169.00
742,262.00
743,9.00
744,347.00
745,8.00
746,14.00
747,9.00
748,3.00
749,6.00
750,24.00
751,6.00
752,20.00
753,2.00
754,6.00
755,76.00
756,15.00
757,12.00
758,4.00
759,10.00
760,13764.00
761,5.00
762,3.00
763,10.00
764,8.00
765,9.00
766,9.00
767,28.00
768,27.00
770,33.00
771,23.00
772,728.00
773,10.00
774,13.00
775,597.00
776,2.00
777,52.00
778,1.00
779,74.00
780,14.00
781,3.00
782,11.00
783,1.00
784,10.00
785,7.00
786,116.00
787,3.00
788,12.00
789,7.00
790,2.00
791,15.00
792,71.00
793,1.00
794,24.00
795,36.00
796,134.00
797,3370.00
798,30.00
799,35.00
800,96.00
801,7.00
802,6.00
803,21.00
804,31.00
805,32.00
806,177.00
807,7.00
809,52.00
810,3.00
811,33.00
812,5.00
813,4.00
816,10.00
817,1.00
818,4.00
819,33.00
820,2.00
821,4.00
822,72.00
823,6.00
824,16.00
825,34.00
827,8.00
828,3.00
829,1.00
830,4.00
832,7.00
833,106.00
834,12.00
835,7.00
836,25.00
837,4.00
838,5.00
839,14.00
840,29.00
841,6.00
842,3.00
843,1.00
844,52.00
845,6.00
846,3.00
847,5.00
848,9.00
849,19.00
850,14.00
851,1.00
853,14.00
854,27.00
855,5.00
856,8.00
857,6.00
858,4.00
859,15.00
860,16.00
861,9.00
862,7.00
863,3.00
864,7.00
865,23.00
866,8.00
867,6.00
868,3.00
869,104.00
870,2.00
871,44.00
872,5.00
873,1.00
874,86.00
875,1.00
876,108.00
877,443.00
878,3.00
879,8.00
880,12.00
881,9.00
882,25.00
883,31.00
884,5.00
885,16.00
886,1.00
887,6.00
888,25.00
889,64.00
890,6.00
891,1.00
892,351.00
893,10.00
894,15.00
895,10.00
896,1.00
897,2.00
898,60.00
900,25.00
901,13.00
902,16.00
903,2.00
904,329.00
905,7.00
906,2.00
907,8.00
908,5.00
909,5.00
910,5.00
911,24.00
912,12.00
913,131.00
914,10.00
915,148.00
916,2.00
917,3.00
918,6.00
919,12.00
920,3.00
921,33.00
922,1.00
923,10.00
924,341.00
925,5.00
926,16.00
927,24.00
928,14.00
930,17.00
931,134.00
932,7.00
933,3.00
935,8.00
936,19.00
937,7.00
938,36.00
939,280.00
940,1.00
941,53.00
942,7.00
943,10.00
944,4.00
945,18.00
946,14.00
948,24.00
949,49.00
950,5.00
951,24.00
952,11.00
953,15.00
954,1.00
955,5.00
956,17.00
958,160.00
959,19.00
960,20.00
961,68.00
962,20.00
963,40.00
964,7.00
965,8.00
966,4.00
967,4.00
968,7.00
970,663.00
971,19.00
972,10.00
973,6.00
974,167.00
975,12.00
976,3.00
977,6.00
979,16.00
980,6.00
981,2.00
982,9.00
983,48.00
984,582.00
985,4.00
986,197.00
987,4.00
988,20.00
989,44.00
990,12.00
991,13.00
992,9.00
994,27.00
995,11.00
996,120.00
997,57.00
999,3.00
1000,4.00
1001,22.00
1002,10.00
1003,5.00
1004,371.00
1005,27.00
1007,28.00
1008,11.00
1009,6.00
1010,10.00
1011,85.00
1012,1.00
1013,81.00
1014,2.00
1015,30.00
1016,10.00
1017,11.00
1018,9.00
1019,11.00
1020,3.00
1021,5.00
1022,6.00
1023,67.00
1024,13.00
1025,8.00
1026,16.00
1027,12.00
1028,37.00
1030,26.00
1031,5.00
1032,5.00
1033,4.00
1034,21.00
1035,8.00
1036,68.00
1037,74.00
1039,6.00
1040,12.00
1041,2836.00
1042,14.00
1043,34.00
1044,18.00
1045,6.00
1046,15.00
1047,2.00
1048,2.00
1049,6.00
1050,3.00
1051,27.00
1052,41.00
1053,7.00
1054,1.00
1055,1.00
1057,34.00
1058,24.00
1059,14.00
1060,32.00
1061,56.00
1062,10.00
1063,1.00
1064,16.00
1065,19.00
1066,5.00
1068,28.00
1069,2.00
1070,10.00
1071,6.00
1072,598.00
1073,163.00
1074,9.00
1075,11.00
1076,5.00
1077,15.00
1078,2.00
1079,4.00
1080,4212.00
1081,23.00
1082,7.00
1083,72.00
1084,4.00
1085,12.00
1086,3.00
1087,18.00
1088,7.00
1089,15.00
1090,2.00
1091,25.00
1092,15.00
1093,15.00
1094,7.00
1095,15.00
1096,19.00
1097,5.00
1098,6.00
1099,12.00
1100,7.00
1101,6.00
1102,2.00
1103,8.00
1105,15.00
1106,6.00
1107,15.00
1108,6.00
1109,12.00
1110,19.00
1111,41.00
1112,5.00
1113,9.00
1114,5.00
1115,47.00
1116,2.00
1117,4.00
1118,12.00
1119,1.00
1120,4.00
1121,4.00
1122,11.00
1123,11.00
1124,10.00
1125,2920.00
1126,15.00
1127,52.00
1128,1.00
1129,7.00
1130,5.00
1131,8.00
1132,24.00
1133,5.00
1134,65.00
1135,10.00
1136,34.00
1137,15.00
1138,6.00
1139,4.00
1140,8.00
1141,37.00
1142,18.00
1143,43.00
1144,8.00
1145,17.00
1147,8.00
1148,120.00
1149,15.00
1150,1.00
1151,9.00
1152,9.00
1153,12.00
1154,7.00
1155,13.00
1157,165.00
1158,7.00
1159,59.00
1160,47.00
1161,4.00
1162,18.00
1163,56.00
1164,1.00
1165,23.00
1166,6.00
1167,5.00
1168,31.00
1169,3430.00
1170,2.00
1171,3.00
1172,18.00
1173,7.00
1174,6.00
1175,87.00
1176,1.00
1177,35.00
1178,13.00
1179,4.00
1180,52.00
1181,17.00
1182,155.00
1183,16.00
1184,12.00
1185,18.00
1186,17.00
1187,28.00
1188,22.00
1189,7.00
1190,2.00
1191,38.00
1192,20.00
1193,125.00
1194,90.00
1195,14.00
1196,5.00
1197,13.00
1198,5.00
1199,6.00
1201,23.00
1202,2.00
1203,18.00
1204,11.00
1205,3.00
1206,4.00
1207,7.00
1208,74.00
1209,2.00
1210,4.00
1211,8.00
1212,8.00
1213,26.00
1214,69.00
1215,45.00
1216,41.00
1217,3.00
1218,44.00
1219,29.00
1220,2.00
1221,116.00
1222,1.00
1224,4.00
1225,9.00
1226,17.00
1227,5.00
1228,9.00
1229,1.00
1230,13.00
1231,5.00
1232,2.00
1233,18.00
1235,19.00
1236,4.00
1237,2.00
1238,5.00
1239,8.00
1240,8.00
1241,3.00
1242,26.00
1243,45.00
1244,361.00
1245,4.00
1248,2.00
1249,3.00
1250,1.00
1251,13.00
1252,10.00
1253,42.00
1254,7.00
1255,11.00
1256,41.00
1257,106.00
1258,7.00
1259,2.00
1262,2.00
1263,1.00
1264,47.00
1265,6.00
1266,54.00
1267,15.00
1268,6.00
1269,5.00
1270,33.00
1271,20.00
1272,10.00
1273,10.00
1274,18.00
1275,6.00
1277,8.00
1279,18.00
1280,4.00
1281,11.00
1282,89.00
1283,1.00
1284,20.00
1285,5.00
1286,18.00
1288,28.00
1289,3.00
1290,3.00
1291,19.00
1292,11.00
1293,5.00
1295,7.00
1296,1.00
1297,16.00
1298,45.00
1299,18.00
1300,181.00
1301,23.00
1303,6.00
1304,8.00
1305,45.00
1306,5.00
1307,6.00
1308,24.00
1309,23.00
1310,47.00
1311,5.00
1312,16.00
1313,18.00
1314,41.00
1315,4.00
1316,17.00
1317,23.00
1318,1.00
1319,14.00
1320,139.00
1321,2.00
1322,28.00
1324,11.00
1325,1.00
1326,1.00
1327,3.00
1328,10.00
1329,13.00
1330,3.00
1331,6.00
1332,14.00
1333,10.00
1334,4.00
1336,318.00
1337,30.00
1338,10.00
1339,31.00
1341,5.00
1342,72.00
1343,29.00
1344,5.00
1345,47.00
1346,10.00
1347,23.00
1348,11.00
1351,19.00
1352,125.00
1353,20.00
1354,10.00
1355,10.00
1356,9.00
1357,10.00
1358,14.00
1359,9.00
1360,172.00
1361,55.00
1362,27.00
1363,14.00
1365,8.00
1366,8.00
1367,46.00
1368,26.00
1369,3.00
1370,58.00
1371,2.00
1372,9.00
1373,5.00
1375,6.00
1376,3.00
1377,31.00
1378,8.00
1379,5845.00
1380,6.00
1381,7.00
1382,16.00
1383,15.00
1384,6.00
1385,7.00
1386,1.00
1387,2.00
1388,6.00
1390,30.00
1391,21.00
1392,5.00
1393,26.00
1395,2.00
1396,5.00
1397,27.00
1398,82.00
1399,4.00
1400,13.00
1401,8.00
1402,1.00
1403,150.00
1404,7.00
1405,6.00
1406,31.00
1407,4.00
1408,9.00
1409,7.00
1410,2.00
1412,78.00
1413,28.00
1414,6.00
1415,21.00
1416,3.00
1417,63.00
1418,96.00
1419,7.00
1420,8.00
1421,10.00
1422,18.00
1423,12.00
1424,1.00
1425,9.00
1426,3.00
1427,45.00
1428,12.00
1429,5.00
1430,33.00
1431,7.00
1432,16.00
1433,7451.00
1434,40.00
1435,52.00
1436,22.00
1437,2.00
1438,6.00
1439,13.00
1440,397.00
1441,6.00
1442,10.00
1443,68.00
1444,18.00
1445,13.00
1446,48.00
1447,33.00
1448,67.00
1449,18.00
1450,23.00
1451,11.00
1452,79.00
1453,17.00
1454,62.00
1456,1.00
1457,7.00
1458,7.00
1459,9.00
1460,6.00
1461,21.00
1462,7.00
1464,48.00
1465,7.00
1466,5.00
1468,11.00
1469,11593.00
1470,7.00
1472,50.00
1474,101.00
1475,3.00
1476,28.00
1478,9.00
1479,9.00
1481,21.00
1482,14.00
1483,2.00
1484,1.00
1485,5.00
1486,6.00
1487,22.00
1488,4.00
1489,6.00
1490,21.00
1491,92.00
1492,23.00
1493,9.00
1494,517.00
1495,255.00
1496,12.00
1497,34.00
1498,75.00
1499,7.00
1501,4.00
1502,7.00
1503,5.00
1504,8.00
1505,4.00
1506,10.00
1507,10.00
1508,20.00
1509,14.00
1510,18.00
1511,5.00
1512,6.00
1513,45.00
1514,29.00
1515,30.00
1516,25.00
1517,1.00
1518,1.00
1519,2.00
1521,19.00
1522,17.00
1523,3.00
1524,1.00
1525,13.00
1526,116.00
1527,6.00
1529,28.00
1530,116.00
1531,27.00
1532,5.00
1533,1.00
1534,7.00
1536,6.00
1538,4.00
1539,21.00
1540,138.00
1541,40.00
1542,8.00
1543,6.00
1544,53.00
1546,5.00
1548,8.00
1549,8.00
1550,1.00
1551,8.00
1552,2.00
1553,31.00
1554,74.00
1555,7.00
1556,4.00
1558,3.00
1559,10.00
1561,9.00
1562,7.00
1563,11.00
1564,4.00
1565,8.00
1566,27.00
1568,27.00
1569,814.00
1570,70.00
1571,134.00
1572,8.00
1573,4.00
1574,65.00
1575,5.00
1576,53.00
1577,5.00
1578,20.00
1579,49.00
1580,291.00
1581,14.00
1582,11.00
1583,13.00
1585,448.00
1586,8.00
1587,9.00
1588,80.00
1589,4.00
1590,2.00
1591,15.00
1592,12.00
1593,2.00
1594,8.00
1595,7.00
1597,36.00
1598,209.00
1599,16.00
1600,2.00
1601,76.00
1602,7.00
1603,3.00
1604,21.00
1605,11.00
1606,31.00
1607,11.00
1608,9.00
1610,25.00
1611,2.00
1612,7.00
1613,44.00
1614,491.00
1615,21.00
1616,58.00
1617,6.00
1618,4.00
1620,106.00
1621,16.00
1622,1.00
1623,284.00
1624,6.00
1625,7.00
1626,34.00
1627,47.00
1628,9.00
1629,4.00
1630,5.00
1631,79.00
1632,3.00
1633,8.00
1634,7.00
1635,29.00
1636,26.00
1637,192.00
1638,44.00
1640,33.00
1641,15.00
1642,11.00
1643,10.00
1644,83.00
1645,4.00
1646,56.00
1647,12.00
1648,44.00
1649,20.00
1650,59.00
1651,18.00
1652,3.00
1653,75.00
1654,129.00
1655,35.00
1656,448.00
1657,1.00
1658,7.00
1659,8.00
1660,5.00
1661,12.00
1662,30.00
1663,136.00
1664,4.00
1665,4.00
1666,3.00
1667,4.00
1668,9.00
1669,1.00
1670,13.00
1671,9.00
1672,22.00
1673,11.00
1675,46.00
1676,26.00
1677,5.00
1678,2.00
1679,25.00
1680,11.00
1681,1.00
1682,16.00
1683,4.00
1684,8.00
1685,19.00
1686,17.00
1687,21.00
1690,2.00
1691,12.00
1692,13.00
1693,16.00
1694,9.00
1695,6.00
1697,22.00
1698,6.00
1699,4.00
1700,52.00
1701,8.00
1702,3.00
1703,7.00
1705,7.00
1706,23.00
1707,7.00
1708,43.00
1709,7.00
1710,29.00
1711,5.00
1712,5.00
1713,98.00
1714,19.00
1715,1128.00
1718,18.00
1719,10.00
1720,4.00
1721,4.00
1722,9.00
1723,6.00
1724,13.00
1725,39.00
1726,1.00
1727,1.00
1728,4.00
1729,18.00
1730,10.00
1731,20.00
1732,796.00
1733,5.00
1734,5.00
1735,290.00
1736,16.00
1737,9.00
1738,20.00
1739,12.00
1740,4.00
1741,21.00
1742,70.00
1743,8.00
1745,4.00
1746,7.00
1747,23.00
1748,16.00
1749,153.00
1750,41.00
1751,19.00
1752,3.00
1754,184.00
1755,13.00
1756,12.00
1757,9.00
1758,9.00
1759,15.00
1760,10.00
1761,17.00
1762,26.00
1763,13.00
1764,37.00
1765,90.00
1766,5.00
1767,47.00
1768,51.00
1769,27.00
1770,10.00
1771,2.00
1772,131.00
1773,5.00
1774,37.00
1775,396.00
1776,77.00
1777,4.00
1778,40.00
1779,8.00
1780,10.00
1782,7.00
1783,1.00
1784,16.00
1785,24.00
1786,2.00
1787,3.00
1788,5.00
1789,3.00
1790,5.00
1791,33.00
1792,6.00
1793,116.00
1794,122.00
1795,10.00
1796,5.00
1797,4.00
1798,6.00
1799,19.00
1800,60.00
1801,10.00
1802,13.00
1803,608.00
1804,42.00
1805,42.00
1806,17.00
1807,83.00
1808,14.00
1809,32.00
1810,111.00
1811,34.00
1812,182.00
1813,7.00
1814,24.00
1815,80.00
1816,26.00
1817,1.00
1818,29.00
1819,7.00
1821,15.00
1822,20.00
1823,7.00
1824,2.00
1825,1.00
1826,14.00
1827,6.00
1828,15.00
1829,127.00
1830,77.00
1831,62.00
1832,21.00
1833,5.00
1834,2.00
1835,10.00
1836,2.00
1837,45.00
1838,8.00
1839,396.00
1841,28.00
1842,8.00
1843,13.00
1844,13.00
1845,5.00
1846,1.00
1847,5.00
1848,44.00
1849,12.00
1850,33.00
1851,52.00
1852,32.00
1853,167.00
1854,2.00
1855,5.00
1857,1.00
1858,5.00
1859,47.00
1860,233.00
1861,11.00
1862,11.00
1863,1.00
1864,11.00
1865,59.00
1866,27.00
1867,16.00
1869,6.00
1870,4.00
1871,13.00
1872,50.00
1873,29.00
1878,7.00
1879,32.00
1880,10.00
1881,20.00
1883,19.00
1884,62.00
1885,1.00
1886,7.00
1887,7.00
1888,32.00
1889,2.00
1890,8.00
1891,57.00
1892,310.00
1893,32.00
1894,9.00
1895,3.00
1896,46.00
1897,14.00
1898,33.00
1899,2.00
1900,62.00
1901,7.00
1902,47.00
1903,17.00
1905,183.00
1906,6.00
1907,15.00
1909,30.00
1910,6.00
1911,8.00
1912,9.00
1913,92.00
1915,67.00
1916,84.00
1918,7.00
1919,6.00
1920,7.00
1921,3.00
1922,15.00
1923,159.00
1924,1.00
1925,7.00
1926,20.00
1927,23.00
1928,5.00
1929,11.00
1930,13.00
1931,11.00
1932,31.00
1933,1.00
1934,8.00
1935,9.00
1936,127.00
1937,7.00
1938,50.00
1939,16.00
1940,21.00
1941,5143.00
1942,137.00
1943,81.00
1944,27.00
1945,4366.00
1946,6.00
1947,19.00
1948,22.00
1949,7.00
1950,113.00
1951,71.00
1952,22.00
1953,6.00
1954,4.00
1955,10.00
1956,17.00
1957,11.00
1958,16.00
1959,76.00
1961,1.00
1962,536.00
1963,9.00
1964,11.00
1965,13.00
1967,11.00
1968,151.00
1969,12.00
1970,6.00
1971,11.00
1972,2.00
1973,57.00
1974,10.00
1975,11.00
1976,1.00
1977,1.00
1978,19.00
1979,85.00
1980,1.00
1982,132.00
1983,11.00
1984,28.00
1985,28.00
1986,9.00
1987,7.00
1988,8.00
1989,6.00
1990,1.00
1991,4.00
1993,37.00
1995,50.00
1998,41.00
1999,14.00
2000,5.00
2002,28.00
2003,8.00
2004,38.00
2005,18.00
2006,9.00
2007,44.00
2008,8.00
2009,6.00
2011,3.00
2012,4.00
2013,10.00
2014,9.00
2015,26.00
2016,13.00
2017,4.00
2018,4.00
2019,47.00
2020,237.00
2021,3.00
2022,338.00
2023,10.00
2024,4.00
2025,18.00
2026,8.00
2027,2.00
2028,13.00
2029,10.00
2030,2.00
2031,12.00
2032,27.00
2033,11.00
2034,9.00
2035,3.00
2036,224.00
2037,3.00
2038,7.00
2039,2.00
2040,7.00
2041,20.00
2042,37.00
2043,1.00
2044,14.00
2045,6.00
2046,92.00
2047,1.00
2048,6.00
2049,12.00
2050,1532.00
2051,31.00
2052,1.00
2054,14.00
2055,14.00
2056,6.00
2057,24.00
2058,27.00
2059,4.00
2061,3.00
2062,52.00
2063,7.00
2064,3.00
2065,22.00
2067,59.00
2069,72.00
2070,60.00
2071,18.00
2072,42.00
2073,3.00
2074,34.00
2075,39.00
2076,5.00
2077,5.00
2078,11.00
2079,16.00
2080,331.00
2081,22.00
2082,9.00
2083,16.00
2085,82.00
2086,8.00
2087,12.00
2088,5.00
2089,27.00
2090,1.00
2091,11.00
2092,20.00
2093,16.00
2094,42.00
2095,4.00
2096,8.00
2097,6.00
2098,3.00
2099,6792.00
2100,4.00
2101,5.00
2102,15.00
2104,125.00
2106,172.00
2107,243.00
2108,7.00
2109,24.00
2110,13.00
2111,9.00
2112,43.00
2113,34.00
2114,22.00
2116,9.00
2117,1.00
2118,2.00
2119,28.00
2120,13.00
2121,13.00
2122,5.00
2123,10.00
2125,24.00
2126,4.00
2127,13.00
2128,123.00
2129,4.00
2130,21.00
2131,10.00
2132,12.00
2133,4.00
2134,26.00
2135,46.00
2136,14.00
2137,12.00
2138,31.00
2139,15.00
2140,16.00
2141,18.00
2142,24.00
2143,15.00
2144,18.00
2145,46.00
2146,1446.00
2147,20.00
2149,8.00
2150,15.00
2151,2.00
2152,15.00
2153,23.00
2155,9.00
2156,5.00
2157,16.00
2158,2.00
2159,9.00
2161,6.00
2162,51.00
2163,7.00
2164,33.00
2165,44.00
2166,31.00
2167,165.00
2168,24.00
2169,94.00
2170,14.00
2171,2.00
2172,8.00
2173,22.00
2174,4.00
2175,2.00
2176,12.00
2177,29.00
2178,11.00
2180,26.00
2181,6.00
2183,13.00
2184,3.00
2185,4.00
2186,45.00
2187,20.00
2188,3.00
2189,44.00
2190,10.00
2191,2.00
2192,12.00
2193,11.00
2194,43.00
2195,43.00
2196,92.00
2197,5.00
2198,603.00
2199,50.00
2200,3.00
2201,15.00
2202,130.00
2204,5.00
2205,3.00
2206,59.00
2207,8.00
2208,4.00
2209,8.00
2210,10.00
2211,15.00
2212,11.00
2213,4.00
2214,5.00
2215,62.00
2216,9.00
2217,9.00
2218,6.00
2219,50.00
2220,4.00
2221,2.00
2222,38.00
2223,4.00
2224,64.00
2225,132.00
2226,42.00
2227,49.00
2228,14.00
2229,1.00
2230,41.00
2231,2.00
2232,32.00
2233,118.00
2234,12.00
2235,19.00
2236,6.00
2237,19.00
2238,2.00
2240,54.00
2241,165.00
2242,6.00
2243,52.00
2244,4.00
2246,22.00
2247,155.00
2249,9.00
2250,9.00
2251,52.00
2252,10.00
2253,23.00
2254,2.00
2256,21.00
2257,25.00
2258,16.00
2259,40.00
2260,1.00
2261,2.00
2262,14.00
2263,1.00
2264,19.00
2265,12.00
2266,5.00
2267,22.00
2268,21.00
2269,38.00
2270,5.00
2271,29.00
2272,3.00
2273,2.00
2274,3.00
2275,7.00
2276,13.00
2277,364.00
2279,133.00
2280,12.00
2281,11.00
2282,9.00
2283,4.00
2284,7.00
2285,195.00
2286,19.00
2287,41.00
2288,95.00
2289,5.00
2290,5.00
2291,9.00
2292,6.00
2294,3.00
2295,19.00
2296,84.00
2297,7.00
2298,13.00
2299,6.00
2300,8.00
2301,3.00
2303,5.00
2304,21.00
2305,47.00
2306,88.00
2307,9.00
2308,72.00
2309,54.00
2310,8.00
2311,10.00
2312,11.00
2313,11.00
2314,48.00
2315,5.00
2316,4.00
2317,19.00
2318,3.00
2319,71.00
2320,61.00
2321,7.00
2322,30.00
2323,11.00
2324,9.00
2325,8.00
2326,15.00
2327,16.00
2328,35.00
2329,3.00
2330,37.00
2331,21.00
2332,17.00
2333,149.00
2334,236.00
2335,7.00
2336,43.00
2337,20.00
2338,37.00
2339,94.00
2340,4.00
2341,4.00
2342,658.00
2343,4.00
2344,1.00
2345,286.00
2346,10.00
2347,22.00
2348,4.00
2349,1.00
2350,9.00
2351,4.00
2352,36.00
2353,12.00
2354,10.00
2355,9.00
2356,8.00
2357,1.00
2358,21.00
2360,63.00
2361,152.00
2362,2.00
2363,12.00
2364,10.00
2365,354.00
2366,13.00
2367,19.00
2368,36.00
2369,37.00
2371,39.00
2372,46.00
2374,11.00
2375,3.00
2376,31.00
2377,8.00
2378,22.00
2379,28.00
2380,6.00
2381,7.00
2382,31.00
2383,3.00
2384,44.00
2385,5.00
2386,12.00
2387,2.00
2388,23.00
2389,66.00
2390,18.00
2391,45.00
2392,3.00
2393,5.00
2394,7.00
2395,2.00
2396,21.00
2397,89.00
2398,5.00
2399,49.00
2400,43.00
2402,1.00
2403,36.00
2404,55.00
2405,6.00
2406,9.00
2407,56.00
2408,113.00
2409,2.00
2410,2.00
2411,10.00
2412,10.00
2413,8.00
2414,17.00
2415,9.00
2416,15.00
2417,1.00
2418,5.00
2420,71.00
2421,2.00
2422,96.00
2423,263.00
2424,1.00
2425,19.00
2426,2.00
2427,15.00
2429,12.00
2430,32.00
2431,6.00
2432,35.00
2433,679.00
2434,341.00
2435,90.00
2436,9024.00
2437,16.00
2438,338.00
2439,12.00
2440,38.00
2441,148.00
2442,77.00
2443,4.00
2444,10.00
2445,8.00
2446,1.00
2447,9.00
2448,1.00
2449,19.00
2450,30.00
2452,26.00
2453,63.00
2454,384.00
2455,2.00
2456,43.00
2457,8.00
2458,5.00
2459,5.00
2460,12.00
2461,291.00
2463,86.00
2464,12.00
2466,12.00
2467,18.00
2468,6.00
2469,121.00
2470,3.00
2471,4.00
2472,15.00
2473,20.00
2474,1.00
2475,18.00
2476,1.00
2477,65.00
2478,29.00
2479,120.00
2480,65.00
2481,12.00
2482,9.00
2483,4.00
2484,2.00
2485,25.00
2486,12.00
2487,50.00
2488,12.00
2489,11.00
2490,38.00
2491,44.00
2492,31.00
2493,97.00
2494,4.00
2496,33.00
2497,13.00
2498,11.00
2499,4.00
2500,4.00
2501,2.00
2502,11.00
2503,31.00
2504,336.00
2505,14.00
2506,2.00
2507,3.00
2508,50.00
2509,10.00
2510,4.00
2511,32.00
2512,8.00
2514,2.00
2515,11.00
2516,18.00
2517,10.00
2519,52.00
2520,67.00
2521,2.00
2523,5.00
2524,5.00
2525,2.00
2526,15.00
2527,15.00
2528,6.00
2529,20.00
2530,4.00
2531,5.00
2532,68.00
2533,4.00
2534,17.00
2535,18.00
2536,107.00
2537,8.00
2538,27.00
2539,5.00
2540,229.00
2541,2.00
2542,12.00
2543,6.00
2544,6.00
2545,16.00
2546,9.00
2548,2.00
2549,229.00
2550,52.00
2551,10.00
2552,4.00
2553,16.00
2554,13.00
2555,3.00
2556,17.00
2558,112.00
2559,83.00
2560,4.00
2561,68.00
2562,12.00
2564,5.00
2566,10.00
2567,37.00
2568,36.00
2570,6.00
2572,20.00
2573,4.00
2574,109.00
2576,24.00
2577,8.00
2578,4.00
2579,5.00
2580,41.00
2581,8.00
2582,24.00
2583,5.00
2584,5.00
2585,17.00
2586,21.00
2587,6.00
2588,9.00
2589,8.00
2590,12.00
2591,44.00
2592,167.00
2593,91.00
2594,13.00
2595,43.00
2596,5.00
2599,7.00
2600,9.00
2601,26.00
2602,13.00
2603,42.00
2604,2.00
2606,18.00
2607,21.00
2608,15.00
2609,34.00
2610,691.00
2611,10.00
2612,5.00
2613,42.00
2614,4.00
2615,76.00
2616,30.00
2617,5.00
2618,39.00
2619,119.00
2620,13.00
2621,20.00
2622,1309.00
2623,53.00
2624,6.00
2625,18.00
2626,15.00
2627,6.00
2628,11.00
2629,12.00
2630,4.00
2631,97.00
2632,13.00
2633,11.00
2634,280.00
2635,104.00
2636,1.00
2637,2.00
2638,1.00
2639,7.00
2640,6.00
2641,8.00
2642,5.00
2643,6.00
2645,189.00
2646,11.00
2647,4.00
2648,17.00
2649,2.00
2651,15.00
2652,45.00
2653,11.00
2654,6.00
2655,127.00
2656,11.00
2657,2.00
2658,16.00
2659,21.00
2660,129.00
2661,195.00
2662,30.00
2663,43.00
2664,22.00
2665,9.00
2666,66.00
2667,274.00
2668,57.00
2669,76.00
2670,25.00
2671,10.00
2672,16.00
2673,353.00
2674,17.00
2675,21.00
2676,285.00
2677,2.00
2678,58.00
2679,6.00
2680,4.00
2681,20.00
2682,5.00
2683,10.00
2684,19.00
2685,22.00
2686,1.00
2687,5.00
2688,15.00
2689,5.00
2690,81.00
2691,521.00
2692,31.00
2693,93.00
2694,1.00
2695,8.00
2696,28.00
2697,2.00
2698,20.00
2699,23.00
2700,61.00
2701,16.00
2702,29.00
2703,132.00
2704,4.00
2705,24.00
2706,12.00
2707,11.00
2708,8.00
2709,1575.00
2710,7.00
2711,83.00
2712,127.00
2713,2.00
2714,216.00
2715,6.00
2716,24.00
2717,10.00
2718,16.00
2719,9.00
2720,13.00
2721,7.00
2722,38.00
2723,29.00
2726,28.00
2727,32.00
2728,14.00
2729,35.00
2730,3.00
2731,426.00
2733,91.00
2734,51.00
2735,13.00
2736,37.00
2737,25.00
2738,103.00
2739,6.00
2741,3.00
2742,38.00
2743,1.00
2746,1.00
2747,1.00
2748,9.00
2749,92.00
2750,10.00
2751,12.00
2753,7.00
2754,61.00
2755,31.00
2756,38.00
2757,10.00
2758,4.00
2760,11.00
2761,15.00
2762,228.00
2763,6.00
2764,43.00
2765,310.00
2766,10.00
2767,1.00
2768,13.00
2769,19.00
2770,2.00
2771,11.00
2772,15.00
2773,15.00
2774,48.00
2775,6.00
2776,5.00
2777,2.00
2778,1.00
2779,6.00
2780,27.00
2781,7.00
2782,2.00
2783,138.00
2784,32.00
2785,6.00
2786,815.00
2787,10.00
2788,12.00
2790,15.00
2791,5.00
2792,15.00
2794,12.00
2795,9.00
2796,14.00
2797,5.00
2798,10.00
2799,15.00
2800,10.00
2801,16.00
2802,21.00
2803,31.00
2804,327.00
2806,4.00
2807,23.00
2808,21.00
2809,21.00
2811,15.00
2812,7.00
2813,1096.00
2814,10.00
2815,14.00
2816,10.00
2817,3.00
2819,9.00
2820,1.00
2821,64.00
2823,29.00
2824,3.00
2825,1.00
2826,4.00
2827,14.00
2828,9.00
2829,4.00
2830,8.00
2831,2.00
2832,3.00
2833,4.00
2834,26.00
2835,127.00
2836,38.00
2837,12.00
2838,24.00
2839,9.00
2840,2.00
2841,9.00
2842,30.00
2844,25.00
2845,10.00
2846,19.00
2847,5.00
2848,88.00
2849,5.00
2850,4.00
2851,8.00
2852,227.00
2853,12.00
2854,368.00
2855,44.00
2856,8.00
2857,56.00
2858,19.00
2859,9.00
2861,1.00
2862,22.00
2863,56.00
2864,4.00
2865,13.00
2866,4.00
2867,3.00
2868,15.00
2869,122.00
2870,3.00
2871,20.00
2872,37.00
2873,23.00
2874,7.00
2875,6.00
2876,32.00
2877,29.00
2878,1.00
2879,1.00
2880,3.00
2881,4.00
2882,43.00
2883,47.00
2884,5.00
2885,25.00
2886,4.00
2887,5.00
2888,5.00
2889,126.00
2890,11.00
2891,56.00
2892,5.00
2893,4.00
2894,12.00
2895,7.00
2896,57.00
2897,5.00
2899,94.00
2900,4.00
2901,24.00
2902,39.00
2903,4.00
2904,4.00
2905,8.00
2907,3.00
2908,20.00
2909,14.00
2911,6.00
2912,58.00
2913,50.00
2914,243.00
2915,11.00
2916,21.00
2917,4.00
2918,24.00
2919,2.00
2920,21.00
2921,13.00
2922,1.00
2923,147.00
2924,10.00
2925,4.00
2926,9.00
2927,4.00
2928,10.00
2929,49.00
2930,117.00
2931,3.00
2932,39.00
2933,3.00
2934,27078.00
2935,1.00
2937,7.00
2938,3.00
2940,8.00
2941,307.00
2942,5.00
2943,1.00
2944,42.00
2945,6.00
2946,2.00
2947,4.00
2948,9.00
2949,2.00
2950,41.00
2951,15.00
2952,4.00
2953,15.00
2954,21.00
2955,3.00
2956,16.00
2957,18.00
2958,14.00
2959,6.00
2960,15.00
2962,4.00
2963,153.00
2964,5.00
2965,17.00
2966,3.00
2967,41.00
2968,6.00
2969,28.00
2970,4276.00
2971,3.00
2972,2.00
2973,186.00
2974,24.00
2975,110.00
2976,610.00
2977,30.00
2978,5.00
2979,41.00
2980,13.00
2981,49.00
2982,70.00
2983,7.00
2984,4.00
2985,3.00
2986,14.00
2987,151.00
2988,81.00
2989,16.00
2990,38.00
2991,9.00
2992,7.00
2993,43.00
2994,18.00
2995,360.00
2996,4.00
2997,4.00
2998,10.00
2999,38.00
3000,8.00
3001,9.00
3002,1.00
3004,14.00
3005,17.00
3006,15.00
3008,17.00
3009,21.00
3010,6.00
3011,21.00
3012,14.00
3013,45.00
3014,3.00
3015,18.00
3016,7.00
3017,18.00
3018,11.00
3019,2.00
3020,10.00
3021,8.00
3022,397.00
3024,3.00
3025,152.00
3026,10.00
3027,6.00
3028,62.00
3029,61.00
3030,13.00
3031,2.00
3032,22.00
3033,514.00
3034,10.00
3035,197.00
3036,14.00
3037,20.00
3038,95.00
3039,2.00
3040,14.00
3041,21.00
3042,3.00
3043,32.00
3044,2.00
3045,21.00
3046,261.00
3047,11.00
3048,1.00
3049,10.00
3050,15.00
3051,2.00
3052,8.00
3053,2.00
3054,12.00
3055,13.00
3056,2.00
3057,11.00
3058,3.00
3059,12.00
3060,1.00
3061,3.00
3062,32.00
3063,19.00
3064,24.00
3065,24.00
3066,2.00
3068,7.00
3069,1.00
3071,9.00
3072,182.00
3074,14.00
3075,91.00
3076,737.00
3077,3.00
3078,6.00
3081,2.00
3082,23.00
3083,5.00
3084,5.00
3087,9.00
3088,21.00
3089,45.00
3090,5.00
3091,21.00
3092,15.00
3093,4.00
3094,45.00
3095,9.00
3096,79.00
3097,4.00
3098,11.00
3099,14.00
3100,9.00
3101,410.00
3103,100.00
3104,40.00
3105,6.00
3106,20.00
3107,1.00
3108,8.00
3109,50.00
3110,11.00
3111,14.00
3112,263.00
3113,25.00
3114,66.00
3115,5.00
3116,54.00
3117,310.00
3118,15.00
3119,3.00
3120,7.00
3121,11.00
3122,2.00
3123,126.00
3124,6.00
3125,11.00
3126,2.00
3128,36.00
3129,1.00
3130,68.00
3131,13.00
3132,9.00
3133,10.00
3134,14.00
3135,10.00
3136,59.00
3137,14.00
3138,63.00
3139,82.00
3140,21.00
3142,2.00
3143,3.00
3144,2.00
3145,18.00
3146,27.00
3147,6.00
3148,1.00
3149,20.00
3150,2.00
3151,33.00
3152,3.00
3153,17.00
3154,8.00
3155,82.00
3156,3.00
3157,7.00
3158,43.00
3159,15.00
3160,19.00
3161,14.00
3162,17.00
3163,11.00
3164,58.00
3165,42.00
3166,4.00
3167,7.00
3168,54.00
3170,72.00
3171,129.00
3172,29.00
3173,475.00
3174,12.00
3175,66.00
3176,61.00
3177,2.00
3178,31.00
3179,5.00
3180,11.00
3181,9.00
3182,228.00
3183,1.00
3184,2.00
3186,12.00
3187,5.00
3189,9.00
3190,9.00
3191,40.00
3192,50.00
3193,48.00
3194,14.00
3196,3.00
3197,8.00
3198,6.00
3199,40.00
3200,4.00
3202,25.00
3203,19.00
3205,12.00
3206,9.00
3207,12.00
3208,4.00
3209,7.00
3210,77.00
3211,28.00
3212,4.00
3213,1.00
3214,41.00
3216,21.00
3217,4.00
3218,219.00
3219,1.00
3220,3.00
3221,1.00
3222,32.00
3223,19.00
3224,23.00
3225,6.00
3227,7.00
3228,29.00
3229,9.00
3230,34.00
3231,274.00
3232,603.00
3233,17.00
3234,4.00
3235,30.00
3236,28.00
3237,1.00
3238,7.00
3239,22.00
3240,27.00
3241,180.00
3243,1.00
3244,11.00
3245,48.00
3246,4.00
3247,7.00
3248,25.00
3249,9.00
3250,10.00
3251,1438.00
3252,15.00
3253,21.00
3254,9.00
3255,8.00
3256,9.00
3257,83.00
3258,3.00
3259,13.00
3260,12.00
3261,13.00
3262,386.00
3263,4.00
3264,44.00
3265,3.00
3266,13.00
3267,63.00
3269,34.00
3271,5.00
3272,10.00
3273,16.00
3274,4.00
3275,9.00
3276,24.00
3277,9.00
3278,6.00
3279,10.00
3280,4.00
3281,21.00
3282,9.00
3283,949.00
3284,4390.00
3285,3.00
3286,12.00
3287,18.00
3288,10.00
3289,31.00
3290,11.00
3291,68.00
3292,18.00
3293,1631.00
3294,5.00
3295,1.00
3297,10.00
3298,171.00
3299,31.00
3300,4.00
3301,22.00
3302,43.00
3303,10.00
3304,11.00
3305,57.00
3306,1.00
3307,24.00
3309,5.00
3310,22.00
3311,26.00
3312,35.00
3313,24.00
3314,3.00
3315,86.00
3316,48.00
3318,73.00
3319,13.00
3320,6.00
3321,2.00
3322,8.00
3323,11.00
3324,4.00
3326,49.00
3327,7.00
3328,14.00
3329,18.00
3330,108.00
3331,15.00
3332,6.00
3333,13.00
3334,13.00
3335,21.00
3336,6.00
3337,52.00
3338,171.00
3339,14.00
3340,4.00
3341,5.00
3342,157.00
3343,28.00
3345,11.00
3346,15.00
3347,12.00
3348,19.00
3349,32.00
3351,3.00
3352,29.00
3353,92.00
3354,24.00
3355,1.00
3356,3.00
3357,4.00
3359,1.00
3360,113.00
3361,8.00
3362,439.00
3363,1.00
3364,44.00
3365,18.00
3366,1.00
3367,90.00
3368,11.00
3369,10.00
3370,10.00
3371,5.00
3372,30.00
3373,9.00
3374,1.00
3376,55.00
3377,16.00
3378,13.00
3379,57.00
3380,14.00
3381,17394.00
3383,25.00
3384,7.00
3385,18.00
3386,70.00
3387,37.00
3388,36.00
3389,58.00
3391,4.00
3392,8.00
3393,5.00
3394,408.00
3395,10.00
3396,22.00
3397,9.00
3398,72.00
3399,13.00
3401,3.00
3402,2.00
3403,745.00
3404,4.00
3405,11.00
3406,181.00
3407,1.00
3408,23.00
3409,7.00
3410,12.00
3411,4.00
3412,4.00
3413,3.00
3414,25.00
3415,7.00
3416,21.00
3417,3.00
3418,30.00
3419,16.00
3420,3.00
3422,10.00
3423,16.00
3424,45.00
3425,18.00
3426,34.00
3427,7.00
3428,21.00
3429,6.00
3430,5.00
3431,57.00
3433,3.00
3434,29.00
3435,8.00
3436,8.00
3437,5.00
3439,19.00
3440,2.00
3441,18.00
3442,43.00
3443,19.00
3444,15.00
3445,10.00
3446,5.00
3447,227.00
3448,17.00
3449,209.00
3450,24.00
3451,3.00
3452,2.00
3453,31.00
3454,3.00
3456,6.00
3457,5.00
3458,5.00
3459,3.00
3461,1.00
3462,37.00
3463,12.00
3464,16.00
3465,17.00
3466,74.00
3467,5.00
3468,49.00
3469,17.00
3470,13.00
3471,1.00
3472,60.00
3473,12.00
3474,9.00
3475,5.00
3476,63.00
3477,37.00
3478,1.00
3479,85.00
3480,37.00
3481,19.00
3482,37.00
3484,8.00
3485,81.00
3486,9.00
3487,4.00
3488,210.00
3489,101.00
3490,34.00
3491,1.00
3492,9.00
3493,207.00
3494,7.00
3495,215.00
3496,10.00
3497,15.00
3498,5.00
3499,103.00
3500,26.00
3501,1.00
3503,4.00
3504,1.00
3505,54.00
3506,3.00
3507,51.00
3510,2.00
3512,23.00
3513,47.00
3514,5.00
3516,11.00
3518,244.00
3519,36.00
3520,34.00
3521,8.00
3523,19.00
3524,2.00
3525,234.00
3526,150.00
3527,535.00
3528,22.00
3529,36.00
3530,8.00
3532,19307.00
3533,368.00
3534,15.00
3535,11.00
3536,16.00
3537,17.00
3538,8.00
3539,30.00
3540,5.00
3541,29.00
3542,2.00
3543,2.00
3544,2.00
3545,64.00
3546,536.00
3547,8.00
3548,4.00
3549,27.00
3550,291.00
3551,38.00
3552,49.00
3553,51.00
3554,41.00
3555,89.00
3556,8.00
3558,1.00
3559,128.00
3560,143.00
3561,224.00
3563,20.00
3564,24.00
3565,9.00
3566,9.00
3567,83.00
3568,66.00
3569,13.00
3570,259.00
3571,9.00
3572,10.00
3573,26.00
3574,7.00
3575,21.00
3576,3.00
3577,9.00
3578,284.00
3579,19.00
3581,10.00
3582,7.00
3583,14.00
3584,20.00
3585,16.00
3587,3.00
3589,79.00
3590,6.00
3591,6.00
3593,28.00
3594,6.00
3595,6.00
3596,193.00
3597,519.00
3598,5.00
3599,367.00
3600,6.00
3602,15.00
3603,15.00
3604,7.00
3606,7.00
3607,49.00
3608,9.00
3609,6.00
3610,5.00
3611,200.00
3612,3.00
3613,12.00
3614,7.00
3615,14.00
3616,32.00
3617,6.00
3618,5.00
3619,140.00
3620,10.00
3621,4290.00
3622,15.00
3623,2.00
3624,10.00
3625,89.00
3626,102.00
3628,233.00
3629,16.00
3630,220.00
3631,21.00
3632,19.00
3634,78.00
3635,37.00
3636,16.00
3637,4.00
3638,2.00
3639,13.00
3640,4.00
3641,271.00
3642,4.00
3643,25.00
3644,23.00
3645,20.00
3646,45.00
3647,15.00
3648,28.00
3649,2.00
3650,2.00
3651,11.00
3652,2.00
3653,4.00
3654,9.00
3655,111.00
3656,70.00
3657,8.00
3658,39.00
3659,1.00
3660,47.00
3661,11.00
3662,2.00
3663,22.00
3664,12.00
3665,20.00
3666,41.00
3667,12.00
3668,5.00
3669,117.00
3670,23.00
3671,4.00
3672,8.00
3673,437.00
3674,45.00
3675,20.00
3676,1.00
3677,11.00
3678,4.00
3679,242.00
3680,19.00
3681,3.00
3683,6.00
3685,8.00
3686,7.00
3687,4.00
3688,1.00
3690,32.00
3691,9.00
3693,11.00
3694,9.00
3696,16.00
3697,6.00
3698,21.00
3699,2.00
3700,10.00
3701,22.00
3702,10.00
3703,7.00
3704,7.00
3705,17.00
3706,345.00
3707,41.00
3708,3.00
3709,50.00
3710,4421.00
3711,18.00
3712,7.00
3713,8.00
3714,3.00
3715,4.00
3717,90.00
3719,14.00
3720,1.00
3722,350.00
3723,13.00
3724,8.00
3725,21.00
3726,13.00
3727,28.00
3728,1.00
3729,19.00
3731,19.00
3732,120.00
3733,9.00
3734,11.00
3735,1.00
3736,3.00
3737,6.00
3738,14.00
3739,8.00
3740,8.00
3742,7.00
3743,8.00
3744,6.00
3745,2.00
3746,15.00
3748,14.00
3749,8.00
3750,60.00
3751,5.00
3752,17.00
3754,3.00
3755,44.00
3756,19.00
3757,28.00
3758,18.00
3759,6.00
3760,20.00
3761,5.00
3762,98.00
3763,20.00
3764,7.00
3765,62.00
3766,132.00
3767,12.00
3768,36.00
3769,2.00
3770,171.00
3771,24.00
3772,6.00
3773,133.00
3775,10.00
3776,2.00
3777,91.00
3778,5.00
3779,29.00
3780,9.00
3781,15.00
3782,3.00
3783,10.00
3784,4.00
3785,15.00
3786,3466.00
3787,5.00
3788,12.00
3789,4.00
3792,898.00
3793,2.00
3794,4.00
3795,18.00
3796,7.00
3798,9.00
3799,5.00
3800,2.00
3801,7.00
3802,78.00
3803,77.00
3804,10.00
3805,7.00
3806,4.00
3807,415.00
3808,8.00
3809,105.00
3810,62.00
3811,60.00
3813,95.00
3814,19.00
3815,40.00
3817,3.00
3818,1.00
3819,8.00
3820,8.00
3821,1.00
3822,5.00
3823,36.00
3824,12.00
3825,3.00
3826,18.00
3827,38.00
3828,6.00
3829,9.00
3830,7.00
3831,5.00
3832,2.00
3833,26.00
3834,3.00
3835,14.00
3836,23.00
3837,3.00
3838,2.00
3839,6.00
3840,27.00
3841,4.00
3842,14.00
3843,16.00
3844,4.00
3845,4.00
3846,11.00
3847,465.00
3848,37.00
3849,50.00
3850,11.00
3851,24.00
3852,11.00
3853,4.00
3854,16.00
3855,25.00
3856,3.00
3857,56.00
3859,8.00
3861,35.00
3862,54.00
3865,2.00
3866,1.00
3867,6.00
3868,53.00
3869,1.00
3870,3.00
3871,45.00
3872,101.00
3873,1.00
3874,9.00
3875,9.00
3876,1018.00
3877,41.00
3878,1.00
3880,1.00
3881,17.00
3882,36.00
3883,3.00
3884,13.00
3885,2.00
3886,55.00
3887,1.00
3888,55.00
3890,19.00
3891,97.00
3892,50.00
3894,2.00
3895,24.00
3896,12.00
3897,109.00
3898,52.00
3899,168.00
3901,1.00
3902,9.00
3903,64.00
3904,1.00
3905,1.00
3906,2.00
3907,4.00
3908,10.00
3909,46.00
3910,8.00
3911,10.00
3914,14.00
3915,7.00
3916,51.00
3917,79.00
3918,26.00
3919,22.00
3920,1.00
3921,25.00
3922,27.00
3923,41.00
3924,9.00
3925,35.00
3926,13.00
3927,64.00
3928,79.00
3929,1.00
3930,10.00
3931,12.00
3932,4.00
3933,4.00
3934,6.00
3935,5.00
3938,11.00
3939,1786.00
3940,6.00
3941,193.00
3942,3.00
3943,8.00
3944,3.00
3945,7.00
3946,7.00
3947,1.00
3948,5.00
3949,7.00
3950,9.00
3951,107.00
3952,66.00
3953,9.00
3954,70.00
3955,8.00
3956,25.00
3957,1.00
3958,92.00
3959,18.00
3960,13.00
3961,40.00
3962,11.00
3963,8.00
3964,13.00
3965,6.00
3967,27.00
3969,14.00
3970,8.00
3971,104.00
3972,9.00
3973,5.00
3975,35.00
3977,36.00
3978,9.00
3979,34.00
3980,53.00
3981,14.00
3982,16.00
3983,3.00
3984,4.00
3985,1.00
3986,18.00
3987,50.00
3988,15.00
3989,3.00
3990,3.00
3991,8.00
3992,13.00
3993,19.00
3995,1.00
3996,19.00
3997,79.00
3998,22.00
4000,5.00
4001,4.00
4002,146.00
4003,32.00
4004,32.00
4005,3.00
4006,27.00
4007,2.00
4008,20.00
4009,31.00
4010,11.00
4011,56.00
4012,5.00
4013,34.00
4014,51.00
4015,6.00
4016,1.00
4017,25.00
4018,70.00
4019,1.00
4020,11.00
4021,2.00
4023,14.00
4024,14.00
4025,7.00
4026,27.00
4027,17.00
4028,4.00
4029,3.00
4030,55.00
4031,5.00
4032,8.00
4033,12.00
4034,12.00
4035,5.00
4036,25.00
4037,12.00
4038,12.00
4039,6.00
4040,3.00
4042,12.00
4043,1213.00
4044,33.00
4045,6.00
4046,9.00
4047,8.00
4049,8.00
4050,3.00
4051,3.00
4052,8.00
4053,46.00
4054,16.00
4056,12.00
4057,135.00
4058,10.00
4059,81.00
4061,13.00
4062,18.00
4063,3.00
4064,2.00
4065,6.00
4066,12.00
4067,19.00
4068,25.00
4069,6.00
4070,631.00
4072,8.00
4073,5.00
4074,42.00
4075,7.00
4077,21.00
4078,12.00
4079,6.00
4081,14.00
4082,2.00
4083,875.00
4084,24.00
4087,13.00
4088,3.00
4089,14.00
4090,7.00
4091,4.00
4092,5.00
4094,16.00
4095,6.00
4096,15.00
4098,2.00
4099,168.00
4100,42.00
4102,65.00
4103,15.00
4104,16.00
4105,8.00
4106,2.00
4107,7.00
4108,8.00
4109,7.00
4110,9.00
4111,2.00
4112,11.00
4113,20.00
4114,32.00
4115,2.00
4116,352.00
4117,62.00
4119,5.00
4120,37.00
4121,18.00
4122,5.00
4123,56.00
4124,19.00
4126,28.00
4127,2.00
4128,82.00
4129,18.00
4130,229.00
4131,9.00
4133,6.00
4134,8.00
4135,7.00
4136,2.00
4137,26.00
4138,18.00
4139,7.00
4140,33.00
4141,15.00
4142,8656.00
4143,17.00
4144,5.00
4145,1.00
4146,153.00
4147,12.00
4149,48.00
4150,7.00
4151,1.00
4152,2.00
4153,9.00
4154,11.00
4155,114.00
4156,3.00
4157,6.00
4158,2.00
4159,6.00
4160,37.00
4161,4.00
4162,6.00
4163,29.00
4164,7.00
4166,16.00
4167,12.00
4168,22.00
4169,1.00
4170,2.00
4171,21.00
4172,2.00
4173,390.00
4174,3.00
4175,7.00
4176,7.00
4177,13.00
4178,21.00
4179,1.00
4180,87.00
4181,4.00
4182,16.00
4183,12.00
4184,17.00
4186,67.00
4187,8.00
4188,3.00
4189,3.00
4190,12.00
4191,20.00
4193,3.00
4194,60.00
4195,2664.00
4196,2.00
4197,1.00
4198,43.00
4201,20.00
4202,29.00
4203,31.00
4204,3.00
4205,16.00
4206,55.00
4207,5.00
4208,48.00
4209,12.00
4210,11.00
4211,42.00
4212,16.00
4213,2.00
4214,49.00
4215,3.00
4216,9.00
4217,1.00
4218,14.00
4219,22.00
4220,112.00
4221,9.00
4222,1.00
4224,37.00
4225,29.00
4226,8.00
4227,15.00
4228,2.00
4229,31.00
4230,45.00
4231,6.00
4233,59.00
4234,62.00
4235,9.00
4236,2.00
4237,13.00
4238,12.00
4239,36.00
4240,21.00
4241,10.00
4242,215.00
4243,6.00
4244,1.00
4245,47.00
4247,5.00
4248,22.00
4249,31.00
4250,1.00
4251,2.00
4252,12.00
4253,7.00
4254,3.00
4255,28.00
4256,6.00
4257,19.00
4258,18.00
4259,17.00
4260,177.00
4261,10.00
4262,7.00
4263,5.00
4264,1.00
4265,79.00
4266,42.00
4267,15.00
4268,18.00
4269,5.00
4270,48.00
4271,65.00
4272,45.00
4273,12.00
4275,55.00
4276,48.00
4277,5.00
4278,23.00
4279,41.00
4280,2.00
4281,16.00
4282,135.00
4283,6.00
4285,8.00
4286,16.00
4287,37.00
4289,15.00
4290,3.00
4292,21.00
4293,1.00
4294,66.00
4296,37.00
4297,21.00
4298,5.00
4299,13.00
4300,2.00
4301,9.00
4302,15.00
4303,12.00
4304,5.00
4305,14.00
4306,16.00
4308,300.00
4309,207.00
4310,2.00
4311,1.00
4312,16.00
4313,51.00
4314,364.00
4315,3.00
4316,5.00
4317,47.00
4318,6.00
4319,17.00
4320,34.00
4321,60.00
4322,7.00
4323,2.00
4324,3.00
4325,33.00
4326,24.00
4327,58.00
4328,13.00
4329,6.00
4330,4.00
4331,36.00
4332,57.00
4333,13.00
4334,2.00
4335,8.00
4337,10.00
4338,64.00
4339,15.00
4341,5.00
4342,69.00
4343,2.00
4344,5.00
4345,20.00
4346,3.00
4347,9.00
4348,10.00
4350,18.00
4351,19.00
4352,3.00
4353,8.00
4354,36.00
4355,22.00
4356,1695.00
4357,6.00
4358,2.00
4359,7.00
4360,21.00
4361,12.00
4362,10.00
4364,44.00
4365,13.00
4366,54.00
4367,81.00
4368,10.00
4369,21.00
4370,45.00
4371,4.00
4372,4.00
4373,1.00
4374,12.00
4375,75.00
4376,87.00
4377,183.00
4378,49.00
4379,21.00
4381,11.00
4382,2.00
4383,21.00
4384,28.00
4385,2.00
4386,10.00
4387,5.00
4388,9.00
4389,44.00
4390,11.00
4391,12.00
4392,113.00
4393,39.00
4394,1.00
4395,15.00
4396,7.00
4397,12.00
4398,15.00
4399,3.00
4400,2.00
4401,13.00
4402,28.00
4403,40.00
4404,3.00
4405,250.00
4406,1.00
4407,33.00
4409,7.00
4410,10.00
4411,11.00
4412,25.00
4413,1.00
4414,5.00
4416,15.00
4417,21.00
4418,11.00
4419,30.00
4420,4.00
4421,21.00
4422,13.00
4423,31.00
4424,10.00
4425,2.00
4427,333.00
4428,13.00
4429,1.00
4430,132.00
4431,24.00
4432,2.00
4434,56.00
4435,1.00
4436,1.00
4437,2.00
4438,48.00
4439,22.00
4440,8.00
4441,67.00
4442,18.00
4445,3.00
4446,6.00
4447,18.00
4448,7.00
4449,16.00
4450,4.00
4451,46.00
4452,44.00
4453,234.00
4454,37.00
4455,3.00
4456,8.00
4458,7.00
4459,5.00
4460,2.00
4461,14.00
4462,30.00
4463,13.00
4464,14.00
4465,19.00
4466,44.00
4467,26.00
4468,110.00
4469,12.00
4470,49.00
4471,75.00
4472,58.00
4473,64.00
4474,8.00
4477,16.00
4479,2.00
4480,1.00
4481,3.00
4482,2.00
4483,52.00
4484,27.00
4485,2.00
4486,1.00
4487,89.00
4488,18.00
4489,56.00
4490,4.00
4492,15.00
4494,1.00
4495,2.00
4496,8.00
4497,5.00
4498,10.00
4499,34.00
4500,29.00
4501,10.00
4502,25.00
4503,6.00
4504,7.00
4505,11.00
4506,12.00
4507,4.00
4508,10.00
4509,61.00
4510,21.00
4511,99.00
4512,30.00
4513,1.00
4514,17.00
4515,612.00
4517,151.00
4518,34.00
4519,17.00
4520,10.00
4521,5.00
4522,19.00
4523,39.00
4524,1.00
4525,7.00
4526,11.00
4527,2.00
4528,72.00
4529,16.00
4530,54.00
4531,15.00
4532,4.00
4533,40.00
4534,2.00
4535,7.00
4536,55.00
4537,3.00
4538,36.00
4539,18.00
4540,3.00
4541,7.00
4542,46.00
4543,160.00
4544,27.00
4545,17.00
4546,68.00
4547,6.00
4548,6.00
4550,18.00
4551,11.00
4552,4.00
4553,12.00
4554,13.00
4556,18.00
4557,4.00
4558,22.00
4559,6.00
4560,6.00
4561,20.00
4562,9.00
4564,9.00
4565,3.00
4566,4.00
4567,31.00
4568,17.00
4569,50.00
4570,76.00
4571,36.00
4572,143.00
4573,1.00
4574,54.00
4575,31.00
4576,64.00
4577,201.00
4578,10.00
4579,1974.00
4580,22.00
4581,23.00
4582,1277.00
4583,126.00
4584,311.00
4585,12.00
4586,17.00
4587,10.00
4588,26.00
4589,1.00
4591,2.00
4592,9.00
4593,3.00
4594,1.00
4595,30.00
4596,2.00
4597,219.00
4598,14.00
4599,49.00
4600,68.00
4601,8.00
4602,10.00
4604,6.00
4605,2.00
4606,183.00
4607,22.00
4608,3.00
4609,14.00
4610,4.00
4611,42.00
4613,13.00
4614,2.00
4615,22.00
4616,1.00
4617,58.00
4618,3.00
4620,5.00
4621,9.00
4622,30.00
4623,21.00
4624,5.00
4625,10.00
4626,3.00
4627,16.00
4628,8.00
4629,11.00
4630,3.00
4631,12.00
4632,7.00
4633,2.00
4634,28.00
4635,35.00
4636,89.00
4637,9.00
4638,41.00
4639,19.00
4640,23.00
4641,1.00
4642,3.00
4643,33.00
4644,25.00
4645,20.00
4646,8.00
4647,11.00
4649,80.00
4650,14.00
4651,7.00
4652,41.00
4653,4.00
4654,102.00
4655,6.00
4656,4.00
4658,4.00
4659,5.00
4660,132.00
4661,505.00
4662,3.00
4663,1224.00
4664,48.00
4665,35.00
4666,754.00
4668,7.00
4670,3.00
4671,1.00
4672,2.00
4673,67.00
4674,9.00
4675,194.00
4676,33.00
4677,32.00
4678,41.00
4679,29.00
4680,4.00
4681,11.00
4682,3.00
4684,6.00
4686,1.00
4687,199.00
4688,13.00
4689,36.00
4690,24.00
4691,69.00
4692,18.00
4693,3.00
4694,37.00
4695,4.00
4696,53.00
4697,14.00
4698,4.00
4699,4.00
4700,48.00
4702,16.00
4704,10.00
4705,32.00
4706,22.00
4707,6.00
4708,2.00
4709,5.00
4710,27.00
4711,23.00
4712,2.00
4713,12.00
4714,7.00
4715,7.00
4716,1.00
4717,10.00
4718,3.00
4719,2.00
4720,437.00
4722,2.00
4723,17.00
4724,12.00
4725,3.00
4726,5.00
4727,2.00
4728,69.00
4729,13.00
4730,13.00
4731,6.00
4732,18.00
4733,7.00
4734,20.00
4735,4.00
4736,23.00
4737,8.00
4738,2.00
4739,28.00
4740,61.00
4742,65.00
4743,4.00
4744,5.00
4745,8.00
4746,11.00
4747,25.00
4748,193.00
4749,45.00
4750,42.00
4751,9.00
4752,13.00
4753,96.00
4755,6.00
4756,6.00
4757,2.00
4758,78.00
4759,38.00
4760,40.00
4761,24.00
4763,2.00
4764,6.00
4765,102.00
4766,136.00
4768,61.00
4769,16.00
4770,3.00
4771,677.00
4772,2.00
4773,17.00
4774,14.00
4775,9.00
4776,15.00
4777,17.00
4778,1.00
4779,13.00
4780,9.00
4781,3.00
4782,44.00
4783,2.00
4784,22.00
4785,37.00
4786,12.00
4787,88.00
4788,4.00
4789,59.00
4790,6.00
4791,72.00
4792,33.00
4793,22.00
4794,11.00
4795,9.00
4796,19.00
4797,2.00
4798,3.00
4799,27.00
4800,8.00
4801,21.00
4802,5.00
4803,7.00
4804,17.00
4805,234.00
4806,7.00
4807,190.00
4808,735.00
4809,12.00
4810,7.00
4811,4.00
4812,3.00
4813,7.00
4814,6.00
4815,3.00
4816,6.00
4817,14.00
4818,10.00
4819,11.00
4820,6.00
4821,130.00
4822,1.00
4823,15.00
4825,20.00
4826,4.00
4827,31.00
4828,18.00
4829,12.00
4830,67.00
4831,12.00
4832,33.00
4833,581.00
4835,2.00
4836,9.00
4837,6.00
4838,5.00
4839,101.00
4840,9.00
4841,12.00
4842,10.00
4843,8.00
4844,2.00
4845,1.00
4846,1.00
4847,3.00
4848,10.00
4849,6.00
4850,17.00
4851,9.00
4852,43.00
4853,54.00
4854,19.00
4855,11.00
4856,83.00
4857,21.00
4858,7.00
4859,36.00
4861,28.00
4862,56.00
4863,8.00
4864,2.00
4866,20.00
4867,9.00
4868,12.00
4869,55.00
4870,6.00
4871,7.00
4872,27.00
4873,18.00
4874,313.00
4875,5.00
4876,11.00
4877,4.00
4878,7.00
4879,9.00
4880,1.00
4881,3.00
4882,43.00
4883,1123.00
4884,3.00
4885,326.00
4886,13.00
4887,8.00
4888,26.00
4889,10.00
4890,7.00
4891,3.00
4892,11.00
4894,39.00
4895,5.00
4896,9.00
4897,22.00
4898,10.00
4899,8.00
4900,13.00
4901,13.00
4902,25.00
4903,18.00
4904,39.00
4905,13.00
4906,282.00
4907,16.00
4908,112.00
4909,54.00
4910,75.00
4911,7.00
4912,211.00
4913,4.00
4915,8.00
4916,5.00
4917,3.00
4918,4.00
4919,32.00
4920,5.00
4921,50.00
4922,1.00
4923,2.00
4924,36.00
4925,4.00
4926,149.00
4927,14.00
4928,12.00
4929,27.00
4930,37.00
4931,25.00
4932,53.00
4933,30.00
4934,11.00
4935,3.00
4936,45.00
4937,38.00
4938,7.00
4939,10.00
4941,19.00
4942,338.00
4943,5.00
4944,16.00
4945,70.00
4946,5.00
4947,13.00
4948,4.00
4950,42.00
4951,111.00
4952,12.00
4953,95.00
4954,9.00
4955,3.00
4956,3.00
4957,10.00
4958,16.00
4960,7.00
4961,11.00
4962,30.00
4963,4.00
4964,42.00
4965,27.00
4966,14.00
4967,2.00
4968,61.00
4969,24.00
4971,6.00
4972,48.00
4973,56.00
4974,25.00
4975,29.00
4976,23.00
4978,5.00
4980,3.00
4981,54.00
4982,3.00
4983,26.00
4984,10.00
4985,5.00
4986,31.00
4988,1.00
4989,71.00
4990,9.00
4991,1.00
4992,42.00
4993,13.00
4994,7.00
4995,2.00
4996,38.00
4997,10.00
4998,28.00
5000,6.00
5001,18.00
5002,22.00
5003,262.00
5004,12.00
5005,1.00
5006,470.00
5007,9.00
5008,11.00
5009,11.00
5010,154.00
5011,7.00
5012,11.00
5013,61.00
5014,4.00
5015,33.00
5016,4.00
5017,3.00
5018,52.00
5019,23.00
5020,7.00
5021,5.00
5022,17.00
5023,3.00
5024,9.00
5025,26.00
5026,14.00
5027,60.00
5028,25.00
5029,92.00
5030,38.00
5031,6.00
5032,94.00
5033,89.00
5035,4.00
5036,261.00
5038,69.00
5039,377.00
5040,39.00
5041,217.00
5042,13.00
5043,16.00
5044,20.00
5045,240.00
5046,9.00
5047,2.00
5050,16.00
5051,17.00
5052,5.00
5053,76.00
5054,5.00
5055,6.00
5056,5.00
5057,4.00
5058,7.00
5059,3.00
5061,4.00
5064,15.00
5065,2.00
5066,40.00
5067,1.00
5068,2.00
5069,4.00
5070,80.00
5071,21.00
5072,8.00
5073,2.00
5074,413.00
5075,38.00
5076,10.00
5077,33.00
5078,33.00
5079,9.00
5080,16.00
5081,14.00
5082,29.00
5083,31.00
5084,449.00
5085,37.00
5086,41.00
5088,4.00
5089,92.00
5090,1.00
5091,71.00
5092,14.00
5093,7.00
5094,3.00
5095,7.00
5096,17.00
5097,41.00
5098,13.00
5099,1.00
5100,2.00
5101,18.00
5102,6.00
5103,11.00
5104,2.00
5106,165.00
5107,49.00
5108,10.00
5109,9.00
5110,8.00
5111,63.00
5112,8.00
5113,235.00
5114,3.00
5115,5.00
5116,156.00
5117,4.00
5118,3.00
5119,26.00
5120,300.00
5122,43.00
5123,40.00
5124,178.00
5125,3.00
5126,1.00
5127,244.00
5128,15.00
5129,6.00
5130,1.00
5131,1.00
5132,54.00
5133,18.00
5134,1.00
5135,64.00
5136,41.00
5137,13.00
5138,884.00
5139,39.00
5140,131.00
5141,34.00
5142,8.00
5143,32.00
5144,1.00
5145,3.00
5146,18.00
5147,39.00
5148,7.00
5149,21.00
5150,35.00
5151,7.00
5152,978.00
5153,5.00
5155,106.00
5156,7.00
5157,33.00
5158,45.00
5159,11.00
5160,35.00
5161,9.00
5162,9.00
5163,23.00
5164,7.00
5165,2.00
5166,3.00
5167,11.00
5168,4.00
5169,9.00
5170,2.00
5171,1.00
5172,20.00
5173,11.00
5175,2.00
5176,5.00
5177,5.00
5178,4.00
5179,211.00
5180,38.00
5181,32.00
5182,20.00
5183,71.00
5184,4.00
5185,4.00
5186,1.00
5187,8.00
5188,27.00
5189,15.00
5190,7.00
5191,6.00
5192,18.00
5194,3.00
5195,50.00
5196,6.00
5197,20.00
5198,13.00
5199,272.00
5200,4.00
5201,5.00
5202,40.00
5203,2.00
5204,14.00
5205,17.00
5206,16.00
5207,72.00
5208,7.00
5209,4.00
5210,14.00
5211,67.00
5212,90.00
5213,50.00
5214,29.00
5215,3.00
5216,16.00
5217,7.00
5218,5.00
5220,7.00
5221,10.00
5222,1.00
5223,33.00
5224,2.00
5225,29.00
5226,7.00
5227,3.00
5228,4.00
5229,6.00
5230,9.00
5231,9.00
5232,22.00
5233,52.00
5234,6.00
5235,22.00
5236,66.00
5237,171.00
5239,5.00
5240,3.00
5242,3.00
5243,79.00
5244,5.00
5245,7.00
5246,50.00
5248,3.00
5249,2.00
5250,14.00
5251,14.00
5252,16.00
5253,9.00
5254,9.00
5255,9.00
5256,448.00
5257,71.00
5258,2.00
5259,82.00
5260,8.00
5261,76.00
5262,10.00
5263,4.00
5264,18.00
5265,60.00
5266,3.00
5267,7.00
5268,28.00
5269,34.00
5270,204.00
5271,3.00
5272,7.00
5274,23.00
5275,13.00
5276,21.00
5277,8.00
5278,8.00
5279,7.00
5280,5.00
5281,86.00
5282,3.00
5283,9.00
5284,1.00
5285,39.00
5286,15.00
5287,12.00
5288,24.00
5289,25.00
5290,24.00
5291,4.00
5292,7.00
5293,3.00
5294,90.00
5295,4.00
5296,6.00
5297,23.00
5298,4.00
5299,31.00
5300,3.00
5301,60.00
5302,6.00
5304,5.00
5305,8.00
5307,1.00
5308,11.00
5309,7.00
5310,57.00
5311,4.00
5312,14.00
5313,40.00
5314,29.00
5316,8.00
5317,6.00
5318,2.00
5319,1.00
5320,3.00
5321,2.00
5323,10.00
5324,11.00
5327,46.00
5328,6.00
5329,30.00
5330,30.00
5331,27.00
5332,57.00
5333,3.00
5334,32.00
5335,10.00
5336,44.00
5337,190.00
5338,56.00
5340,3.00
5341,27562.00
5342,1.00
5343,32.00
5344,8.00
5345,22.00
5346,3.00
5347,29.00
5348,4.00
5349,28.00
5350,23.00
5351,20.00
5352,2.00
5353,31.00
5354,2.00
5355,8.00
5356,89.00
5357,15.00
5358,8.00
5359,4.00
5360,34.00
5362,101.00
5363,104.00
5364,38.00
5365,11.00
5367,6.00
5368,14.00
5370,10.00
5371,53.00
5372,7.00
5374,11.00
5375,15.00
5376,97.00
5377,10.00
5378,5.00
5380,8.00
5381,11.00
5382,30.00
5383,23.00
5384,13.00
5385,29.00
5386,6.00
5387,61.00
5388,3.00
5389,3.00
5390,17.00
5391,12.00
5392,11.00
5393,28.00
5394,26.00
5395,8.00
5396,41.00
5397,6.00
5398,11.00
5399,7.00
5400,2.00
5401,7.00
5402,3.00
5403,41.00
5404,3.00
5405,12.00
5406,6.00
5407,78.00
5408,160.00
5409,6.00
5412,2.00
5413,272.00
5414,170.00
5415,52.00
5416,3.00
5417,1.00
5418,11.00
5419,16.00
5420,29.00
5421,10.00
5422,8.00
5423,182.00
5424,1.00
5425,85.00
5426,5.00
5427,8.00
5428,11.00
5429,106.00
5430,11.00
5431,22.00
5432,2.00
5433,28.00
5434,19.00
5435,3.00
5436,3.00
5437,7.00
5438,4.00
5439,2.00
5440,8.00
5441,87.00
5443,13.00
5444,2.00
5445,13.00
5446,3.00
5447,2.00
5448,14.00
5449,5.00
5450,9.00
5451,15.00
5453,9.00
5454,11.00
5455,7.00
5456,3.00
5457,3.00
5458,10.00
5459,30.00
5460,10.00
5461,5.00
5462,2.00
5463,30.00
5464,2.00
5465,12.00
5466,2.00
5467,7.00
5469,14.00
5470,89.00
5471,11.00
5472,193.00
5473,4.00
5474,22.00
5475,3.00
5476,7.00
5477,27.00
5478,12.00
5479,21.00
5480,8.00
5481,130.00
5482,2.00
5483,20.00
5485,3.00
5486,2.00
5487,5.00
5488,15.00
5489,4.00
5490,64.00
5492,16.00
5493,5.00
5494,8.00
5495,10.00
5496,18.00
5497,1.00
5498,13.00
5499,15.00
5500,21.00
5501,9.00
5502,6.00
5503,4.00
5504,12.00
5505,9.00
5506,5.00
5507,196.00
5508,18.00
5509,24.00
5510,9.00
5511,32.00
5512,164.00
5513,13.00
5514,16.00
5515,1.00
5516,40.00
5517,3.00
5518,2.00
5519,6.00
5520,58.00
5521,14.00
5523,5.00
5524,72.00
5525,5.00
5526,9.00
5527,58.00
5528,6.00
5529,8.00
5531,1.00
5532,8.00
5533,27.00
5534,1.00
5535,58.00
5536,24.00
5537,110.00
5538,89.00
5539,12.00
5540,8.00
5541,2.00
5542,2.00
5543,17.00
5544,15.00
5545,18.00
5546,23.00
5547,7.00
5548,6.00
5549,17.00
5550,10.00
5551,18.00
5552,53.00
5553,1.00
5554,118.00
5555,2.00
5556,83.00
5557,78.00
5558,23.00
5559,54.00
5560,28.00
5561,12.00
5562,14.00
5564,22.00
5565,1.00
5566,21.00
5567,3.00
5568,3.00
5569,7.00
5571,4.00
5572,11.00
5573,7.00
5574,32.00
5575,55.00
5576,45.00
5577,10.00
5578,70.00
5580,2.00
5581,15.00
5582,5.00
5583,4.00
5584,24.00
5585,38.00
5586,25.00
5588,7.00
5589,7.00
5590,294.00
5591,5396.00
5592,11.00
5595,5.00
5596,262.00
5597,17.00
5598,27.00
5599,11.00
5600,9.00
5601,37.00
5602,31.00
5603,6.00
5604,7.00
5605,5.00
5606,101.00
5607,2.00
5608,24.00
5609,68.00
5610,19.00
5611,2.00
5612,1.00
5613,41.00
5614,89.00
5615,6.00
5616,5.00
5617,7.00
5618,20.00
5619,14.00
5620,2.00
5621,5.00
5622,11.00
5623,4.00
5624,1.00
5625,43.00
5626,13.00
5627,58.00
5628,8.00
5629,12.00
5630,96.00
5631,7.00
5632,89.00
5633,6.00
5634,4.00
5635,14.00
5636,6.00
5637,7.00
5638,10.00
5639,56.00
5640,24.00
5641,1.00
5642,3.00
5643,27.00
5644,3.00
5645,5.00
5646,38.00
5647,5.00
5648,8.00
5649,13.00
5650,15.00
5651,100.00
5652,7.00
5653,33.00
5654,22.00
5656,8.00
5657,54.00
5658,12.00
5659,1.00
5661,8.00
5662,2.00
5663,2.00
5664,70.00
5665,6.00
5666,30.00
5667,5.00
5670,6.00
5671,2.00
5672,92.00
5673,51.00
5674,8.00
5675,11.00
5676,6.00
5677,17.00
5678,10.00
5679,4.00
5680,9.00
5681,16.00
5682,2.00
5685,17.00
5686,25.00
5687,12.00
5688,66.00
5689,71.00
5690,3.00
5691,16.00
5692,4.00
5693,1.00
5694,16.00
5695,5.00
5696,43.00
5697,136.00
5698,7.00
5699,15.00
5700,7.00
5701,17.00
5702,15.00
5703,3.00
5704,118.00
5705,12.00
5706,40.00
5707,52.00
5708,24.00
5709,25.00
5710,1.00
5711,3.00
5713,26.00
5714,4.00
5715,15.00
5716,6.00
5717,3274.00
5718,1.00
5719,4.00
5720,11.00
5721,9.00
5722,10.00
5723,6.00
5724,6.00
5727,3.00
5728,15.00
5729,11.00
5730,1.00
5731,53.00
5732,5.00
5733,15.00
5734,12.00
5735,12.00
5736,27.00
5737,66.00
5738,8.00
5739,46.00
5740,3.00
5741,10.00
5742,47.00
5743,21.00
5744,4.00
5745,14.00
5746,3.00
5747,14.00
5748,18.00
5749,3.00
5750,26.00
5752,22.00
5753,17.00
5754,12.00
5755,462.00
5756,3.00
5757,14.00
5758,12.00
5759,8.00
5760,9.00
5762,58.00
5763,13.00
5764,2.00
5765,4.00
5766,4.00
5768,17.00
5769,88.00
5770,5.00
5771,17.00
5773,205.00
5774,59.00
5775,108.00
5776,44.00
5777,157.00
5778,2.00
5780,16.00
5781,3.00
5782,4.00
5783,42.00
5784,7.00
5785,1.00
5786,7.00
5787,71.00
5788,113.00
5789,43.00
5790,9.00
5791,73.00
5792,35.00
5793,15.00
5794,7.00
5795,29.00
5796,60.00
5798,14.00
5799,31.00
5800,101.00
5802,5.00
5803,1903.00
5804,8.00
5805,4.00
5806,1.00
5807,3.00
5808,28.00
5809,41.00
5810,20.00
5811,1.00
5812,1.00
5813,64.00
5815,20.00
5816,17.00
5818,172.00
5819,40.00
5820,10.00
5821,138.00
5822,20.00
5823,1.00
5824,20.00
5825,21.00
5826,10.00
5827,14.00
5828,43.00
5829,111.00
5830,4.00
5831,29.00
5833,13.00
5834,7.00
5835,8.00
5836,42.00
5837,4.00
5838,8.00
5840,62.00
5841,21.00
5842,11.00
5843,12.00
5844,19.00
5845,13.00
5846,37.00
5847,66.00
5848,4.00
5849,2.00
5850,7.00
5851,14.00
5852,26.00
5853,2.00
5854,7.00
5855,60.00
5856,12.00
5857,9.00
5858,387.00
5859,32.00
5861,16.00
5862,27.00
5863,3.00
5864,115.00
5865,27.00
5866,83.00
5867,43.00
5868,13.00
5870,284.00
5871,52.00
5872,1.00
5873,10.00
5874,1.00
5875,36.00
5878,14.00
5879,39.00
5881,32.00
5882,14.00
5883,8.00
5884,210.00
5885,1.00
5886,3.00
5887,32.00
5888,79.00
5889,9.00
5890,11.00
5891,6.00
5892,54.00
5893,6.00
5894,10.00
5895,13.00
5896,75.00
5897,13.00
5898,8.00
5900,13.00
5901,16.00
5902,19.00
5903,5.00
5905,32.00
5906,27.00
5907,21.00
5908,142.00
5909,6.00
5910,16.00
5911,14.00
5912,3.00
5913,3.00
5914,2.00
5915,45.00
5916,14.00
5917,20.00
5918,21.00
5919,20.00
5921,15.00
5922,22.00
5923,54.00
5925,23.00
5927,11.00
5928,62.00
5929,17.00
5930,5.00
5931,8.00
5932,3.00
5933,8.00
5934,5.00
5935,1.00
5936,16.00
5937,21.00
5938,1.00
5939,82.00
5940,3.00
5941,5.00
5942,3.00
5943,12.00
5946,46.00
5947,70.00
5948,7.00
5949,1.00
5950,8.00
5951,12.00
5952,4.00
5953,250.00
5954,211.00
5955,12.00
5956,21.00
5957,13.00
5958,122.00
5959,9.00
5960,12.00
5961,40.00
5962,6.00
5963,53.00
5964,28.00
5965,166.00
5966,28.00
5967,4.00
5968,79.00
5969,81.00
5970,15.00
5971,61.00
5972,21.00
5973,22.00
5974,125.00
5976,18.00
5977,17.00
5978,38.00
5979,4.00
5980,13.00
5981,5.00
5982,5.00
5984,10.00
5985,72.00
5986,59.00
5987,22.00
5988,9.00
5989,11.00
5990,6.00
5992,6.00
5993,4.00
5995,23.00
5996,27.00
5997,7.00
5998,246.00
5999,5.00
6000,102.00
6001,3.00
6002,13.00
6003,19.00
6004,5.00
6006,27.00
6008,14.00
6009,21.00
6010,17.00
6011,1.00
6013,11.00
6014,1.00
6015,16.00
6016,164.00
6017,8.00
6018,13.00
6019,3.00
6020,148.00
6021,1270.00
6023,9.00
6024,466.00
6025,288.00
6026,19.00
6027,48.00
6028,8.00
6029,27.00
6031,47.00
6032,3.00
6033,191.00
6034,16.00
6035,17.00
6036,25.00
6037,8.00
6038,4.00
6039,24.00
6040,7.00
6041,7.00
6042,10.00
6043,143.00
6044,177.00
6045,6.00
6046,179.00
6047,5.00
6048,25.00
6050,4.00
6051,7.00
6052,2.00
6053,4.00
6054,6.00
6056,20.00
6057,40.00
6059,67.00
6060,50.00
6062,3.00
6063,6.00
6066,60.00
6067,2.00
6069,16.00
6070,4.00
6071,36.00
6072,13.00
6074,7.00
6075,5.00
6077,13.00
6078,11.00
6079,24.00
6080,92.00
6081,39.00
6083,11.00
6084,29.00
6085,109.00
6086,37.00
6087,11.00
6088,5.00
6089,45.00
6090,33.00
6091,5.00
6092,136.00
6093,6.00
6095,12.00
6096,74.00
6097,21.00
6098,2.00
6099,34.00
6100,9.00
6101,63.00
6102,39.00
6104,8.00
6106,435.00
6107,47.00
6108,3.00
6109,3.00
6110,7.00
6111,31.00
6112,35.00
6113,13.00
6114,2.00
6115,4.00
6116,2.00
6117,41.00
6118,3.00
6119,14.00
6120,3.00
6121,100.00
6122,38.00
6123,5.00
6124,1.00
6125,4.00
6126,9.00
6127,7.00
6129,14.00
6130,2.00
6131,29.00
6134,408.00
6135,1027.00
6136,1.00
6137,40.00
6138,3.00
6139,2.00
6141,3.00
6142,9.00
6143,4.00
6144,41.00
6145,76.00
6146,117.00
6147,1.00
6148,3.00
6149,7.00
6150,7.00
6151,5.00
6152,28.00
6153,28.00
6154,22.00
6155,3.00
6156,6.00
6157,9.00
6158,17.00
6159,7.00
6160,7.00
6161,14.00
6162,13.00
6163,38.00
6164,98.00
6165,43.00
6167,11.00
6168,45.00
6169,4.00
6170,1.00
6171,26.00
6172,11.00
6173,92.00
6174,11.00
6175,193.00
6176,37.00
6177,11.00
6179,15.00
6180,75.00
6181,5.00
6182,104.00
6183,35.00
6184,26.00
6185,33.00
6186,222.00
6187,1.00
6188,20.00
6189,960.00
6190,89.00
6191,15.00
6192,21.00
6193,111.00
6194,5.00
6195,300.00
6196,41.00
6197,6.00
6198,11.00
6201,19.00
6203,7.00
6207,3.00
6209,8.00
6211,2.00
6212,16.00
6213,8.00
6214,5.00
6215,6.00
6216,11.00
6217,10.00
6218,41.00
6219,3.00
6220,9.00
6221,9.00
6222,6.00
6223,21.00
6224,59.00
6225,7.00
6226,12.00
6227,167.00
6228,4.00
6229,1.00
6230,40.00
6231,13.00
6232,5.00
6233,15.00
6234,8.00
6235,22.00
6236,9.00
6237,16.00
6238,152.00
6239,10.00
6240,10.00
6241,34.00
6242,13.00
6244,2.00
6245,7.00
6246,20.00
6247,2.00
6248,2.00
6249,10.00
6250,2.00
6251,32.00
6252,5.00
6253,13.00
6254,12.00
6255,22.00
6256,10.00
6257,22.00
6258,10.00
6259,15.00
6261,14.00
6262,1.00
6263,22.00
6264,27.00
6265,37.00
6266,28.00
6268,7.00
6269,3.00
6270,27.00
6271,27.00
6272,8.00
6273,3.00
6274,30.00
6275,7.00
6276,4.00
6277,23.00
6278,23.00
6279,365.00
6280,47.00
6281,3.00
6282,15.00
6283,11.00
6284,148.00
6285,12.00
6286,5.00
6287,17.00
6288,126.00
6289,13.00
6290,68.00
6291,9.00
6292,2.00
6293,8.00
6295,22.00
6296,172.00
6297,18.00
6298,11.00
6299,6.00
6300,27.00
6301,7.00
6302,15.00
6303,1.00
6304,1.00
6305,4.00
6307,8.00
6308,16.00
6309,12.00
6310,8.00
6311,2.00
6312,17.00
6313,1.00
6314,6.00
6316,105.00
6317,21.00
6318,6.00
6319,6.00
6321,34.00
6322,10.00
6323,9.00
6324,10.00
6326,5.00
6327,17.00
6328,5.00
6329,598.00
6330,1.00
6331,10.00
6332,10.00
6333,50.00
6334,10.00
6335,7.00
6336,139.00
6338,3.00
6339,6.00
6340,161.00
6341,15.00
6342,13.00
6344,3.00
6345,3.00
6346,25.00
6347,29.00
6348,25.00
6349,11.00
6350,1.00
6352,299.00
6353,8.00
6354,11.00
6355,7.00
6356,5.00
6357,14.00
6358,10.00
6359,60.00
6360,48.00
6361,86.00
6362,374.00
6364,3.00
6365,1.00
6366,17.00
6367,12.00
6369,44.00
6370,12.00
6371,42.00
6372,52.00
6374,13.00
6375,104.00
6376,21.00
6377,18.00
6378,52.00
6379,36.00
6380,44.00
6381,34.00
6382,7.00
6384,15.00
6386,39.00
6387,3.00
6388,96.00
6389,116.00
6390,52.00
6391,6.00
6393,3.00
6394,44.00
6395,29.00
6396,12.00
6397,1.00
6398,2.00
6400,5.00
6401,45.00
6402,14.00
6403,84.00
6404,66.00
6405,213.00
6406,4.00
6407,1.00
6408,11.00
6409,17.00
6410,4.00
6411,9.00
6412,74.00
6413,26.00
6414,19.00
6415,1.00
6416,89.00
6417,14.00
6418,96.00
6419,3.00
6420,2.00
6421,20.00
6422,14.00
6424,140.00
6425,4.00
6426,45.00
6427,4.00
6428,2.00
6430,6.00
6431,2.00
6432,2.00
6433,12.00
6434,1263.00
6436,3.00
6437,24.00
6438,4.00
6439,24.00
6440,57.00
6441,27.00
6442,20.00
6443,2.00
6444,2.00
6445,106.00
6446,81.00
6447,3.00
6449,21.00
6450,2.00
6451,25.00
6452,13.00
6453,78.00
6454,2400.00
6455,1.00
6456,9.00
6457,8.00
6459,18.00
6460,9.00
6461,3.00
6462,26.00
6463,22.00
6464,8.00
6465,7.00
6466,192.00
6467,35.00
6468,212.00
6469,14.00
6470,27.00
6472,2.00
6473,2.00
6474,8.00
6475,75.00
6476,23.00
6477,10.00
6478,1.00
6479,16.00
6480,28.00
6481,370.00
6482,7.00
6483,37.00
6484,2.00
6485,16004.00
6486,486.00
6488,6.00
6489,5.00
6490,24.00
6491,22.00
6493,4.00
6494,3.00
6495,6.00
6496,2.00
6497,66.00
6498,3.00
6499,5.00
6500,29.00
6501,20.00
6502,28.00
6503,27.00
6504,1044.00
6505,1.00
6506,12.00
6507,9.00
6508,39.00
6509,4.00
6510,35.00
6511,105.00
6513,85.00
6514,22.00
6515,279.00
6516,17.00
6517,13.00
6518,21.00
6519,12.00
6520,11.00
6521,8.00
6522,10.00
6523,4.00
6524,219.00
6525,2.00
6526,3.00
6528,26.00
6529,11.00
6530,48.00
6531,10.00
6532,29.00
6533,137.00
6534,87.00
6535,32.00
6536,10.00
6537,23.00
6538,6.00
6539,65.00
6540,70.00
6541,26.00
6542,342.00
6543,6.00
6544,23.00
6545,1.00
6546,18.00
6547,6.00
6548,3.00
6549,74.00
6551,176.00
6552,3.00
6553,24.00
6554,12.00
6555,6.00
6556,13.00
6557,11.00
6559,26.00
6560,7.00
6561,30.00
6562,19.00
6563,7.00
6564,9.00
6565,16.00
6566,112.00
6567,13.00
6568,103.00
6569,5.00
6570,12.00
6571,12.00
6572,39.00
6573,17.00
6574,18.00
6575,138.00
6576,23.00
6577,43.00
6578,8.00
6579,6.00
6580,21.00
6581,17.00
6582,341.00
6583,1.00
6584,11.00
6585,6.00
6586,7.00
6587,2.00
6588,11.00
6589,17.00
6590,11.00
6591,281.00
6592,5.00
6593,9.00
6594,10.00
6595,7.00
6596,9.00
6597,383.00
6598,9.00
6599,6.00
6600,4.00
6601,16.00
6603,21.00
6604,27.00
6605,37.00
6606,104.00
6607,31.00
6608,13.00
6609,32.00
6610,178.00
6611,25.00
6612,19.00
6613,4.00
6614,412.00
6615,72.00
6616,3.00
6617,14.00
6619,41.00
6620,41.00
6621,12.00
6622,3.00
6624,5.00
6625,8.00
6626,12.00
6627,21.00
6628,57.00
6629,29.00
6630,15.00
6631,144.00
6632,8.00
6633,23.00
6634,4.00
6635,2.00
6636,8.00
6637,3.00
6638,22.00
6639,20.00
6640,2.00
6641,2.00
6642,24.00
6643,20.00
6644,16.00
6645,9.00
6646,6.00
6647,21.00
6648,3.00
6649,62.00
6650,1187.00
6652,29.00
6655,6.00
6656,9.00
6657,20.00
6658,14.00
6659,1.00
6660,14.00
6661,9.00
6662,39.00
6663,14.00
6664,81.00
6665,3.00
6666,12.00
6667,11.00
6668,2.00
6669,18.00
6670,27.00
6671,36.00
6672,6.00
6673,9.00
6674,1.00
6676,32.00
6678,38.00
6679,37.00
6680,22.00
6681,20.00
6682,5.00
6683,1968.00
6684,34.00
6685,2.00
6686,31.00
6687,7.00
6688,1.00
6692,6.00
6693,22.00
6694,74.00
6695,15.00
6696,5.00
6697,3.00
6698,1.00
6700,2.00
6701,52.00
6702,20.00
6705,13.00
6706,6.00
6707,1.00
6709,9.00
6710,119.00
6711,5.00
6712,10.00
6713,60.00
6714,2.00
6716,18.00
6717,5.00
6718,6.00
6719,1.00
6720,15.00
6721,55.00
6722,4.00
6723,5.00
6724,20.00
6725,52.00
6726,5.00
6727,18.00
6728,6.00
6729,31.00
6730,2.00
6731,1.00
6732,19.00
6733,1.00
6734,3.00
6735,1327.00
6736,16.00
6737,1.00
6738,179.00
6739,74.00
6740,24.00
6741,9.00
6743,25.00
6744,7.00
6745,4.00
6746,92.00
6747,18.00
6748,8.00
6749,75.00
6750,66.00
6751,19.00
6752,35.00
6753,20.00
6754,1.00
6755,9.00
6756,44.00
6757,4.00
6758,13.00
6759,13.00
6760,30.00
6761,45.00
6762,136.00
6763,45.00
6764,119.00
6765,6.00
6766,5.00
6767,58.00
6768,97.00
6769,33.00
6770,7.00
6771,5.00
6772,15.00
6774,3.00
6775,64.00
6776,67.00
6777,34.00
6778,5.00
6779,17.00
6780,20.00
6781,2.00
6782,22.00
6783,3.00
6784,33.00
6785,3.00
6786,10.00
6787,36.00
6788,8.00
6789,7.00
6790,34.00
6791,3.00
6792,30.00
6793,3.00
6794,28.00
6795,1.00
6796,12.00
6797,39.00
6798,9.00
6799,12.00
6800,2.00
6801,34.00
6802,10.00
6803,238.00
6804,13.00
6805,239.00
6806,1.00
6807,3.00
6808,4.00
6809,14.00
6810,29.00
6811,2.00
6812,13.00
6813,17.00
6814,56.00
6815,20.00
6816,27.00
6817,116.00
6818,10.00
6819,6.00
6820,8.00
6821,12.00
6822,1.00
6824,10.00
6825,101.00
6826,11.00
6827,27.00
6828,29.00
6829,50.00
6830,296.00
6831,2.00
6832,21.00
6833,7.00
6834,19.00
6835,12.00
6836,1.00
6837,7.00
6838,9.00
6839,6.00
6840,4.00
6841,7.00
6842,5.00
6843,27.00
6844,1.00
6845,19.00
6846,23.00
6847,3.00
6848,6.00
6850,15.00
6851,4.00
6852,93.00
6853,10.00
6854,4.00
6855,26.00
6856,10.00
6857,2.00
6858,59.00
6860,10.00
6861,1.00
6862,22.00
6863,67.00
6864,1.00
6865,2.00
6866,7.00
6868,81.00
6869,33.00
6870,11.00
6871,24.00
6872,3.00
6873,6.00
6874,20.00
6875,7.00
6876,37.00
6877,5.00
6878,5.00
6879,39.00
6880,29.00
6881,5.00
6882,83.00
6883,14.00
6884,8.00
6885,1074.00
6887,3.00
6888,6.00
6889,15.00
6890,6.00
6891,8.00
6892,20.00
6893,15.00
6894,56.00
6896,34.00
6897,1.00
6898,10.00
6899,6.00
6900,33.00
6901,10602.00
6902,73.00
6903,8.00
6904,15.00
6905,247.00
6906,16.00
6907,160.00
6908,3.00
6909,13.00
6910,6.00
6911,9.00
6912,6.00
6913,34.00
6914,16.00
6915,126.00
6916,15.00
6917,67.00
6918,3.00
6919,21.00
6922,12.00
6923,144.00
6924,3.00
6925,4.00
6926,17.00
6927,2.00
6928,21.00
6929,9.00
6930,9.00
6931,8.00
6932,19.00
6933,18.00
6934,21.00
6935,71.00
6936,14.00
6937,59.00
6938,16.00
6939,24.00
6940,6.00
6941,28.00
6942,5.00
6943,6.00
6944,6.00
6945,17.00
6946,30.00
6947,5.00
6948,7.00
6949,21.00
6950,7.00
6951,4.00
6952,9.00
6953,14.00
6954,12.00
6955,173.00
6957,5.00
6958,5.00
6959,4.00
6960,22.00
6961,6.00
6962,9.00
6963,605.00
6964,35.00
6965,6.00
6966,1.00
6967,24.00
6968,15.00
6969,1.00
6971,15.00
6972,4.00
6973,15.00
6974,6.00
6975,24.00
6976,9.00
6977,3.00
6978,26.00
6979,8.00
6980,17.00
6981,18.00
6982,26.00
6983,12.00
6984,5.00
6985,16.00
6986,12.00
6987,65.00
6988,11.00
6989,7.00
6990,4.00
6991,3.00
6992,11.00
6993,72.00
6995,17.00
6996,20.00
6997,160.00
6998,40.00
6999,4.00
7000,4.00
7001,5.00
7002,8.00
7003,25.00
7004,9.00
7005,14.00
7006,12.00
7007,37.00
7008,79.00
7009,14.00
7010,1.00
7011,1536.00
7012,116.00
7013,42.00
7014,13.00
7015,24.00
7016,87.00
7017,5.00
7018,25.00
7019,767.00
7020,17.00
7022,19.00
7023,34.00
7024,42.00
7026,19.00
7027,2.00
7028,19.00
7029,55.00
7030,3.00
7031,3.00
7032,14.00
7033,13.00
7034,63.00
7035,17.00
7038,7.00
7039,11.00
7042,42.00
7043,80.00
7044,8.00
7045,75.00
7046,82.00
7048,33.00
7049,2.00
7050,14.00
7051,6.00
7052,47.00
7053,3.00
7054,186.00
7055,19.00
7057,16.00
7059,5.00
7060,23.00
7062,11.00
7063,27.00
7064,61.00
7065,6.00
7066,2.00
7067,5.00
7068,10.00
7069,4.00
7070,10.00
7071,33.00
7072,74.00
7073,4.00
7074,67.00
7075,9.00
7076,56.00
7078,317.00
7079,15.00
7080,2.00
7081,17.00
7082,5.00
7083,4.00
7084,16.00
7086,40.00
7087,23.00
7088,11.00
7089,35.00
7091,7.00
7092,2.00
7093,20.00
7094,23.00
7096,18.00
7097,62.00
7098,23.00
7099,29.00
7100,4.00
7101,37.00
7102,7.00
7103,4.00
7104,47.00
7105,18.00
7106,90.00
7107,3.00
7108,5.00
7109,1.00
7110,6.00
7111,8.00
7112,18.00
7113,3024.00
7114,24.00
7115,3.00
7116,13.00
7117,25.00
7118,8.00
7119,15.00
7120,7.00
7121,19.00
7122,2.00
7123,9.00
7124,5.00
7125,31.00
7126,32.00
7127,2.00
7129,23.00
7130,22.00
7131,16.00
7132,101.00
7133,10.00
7134,33.00
7135,11.00
7137,10.00
7138,5.00
7139,21.00
7140,10.00
7142,10.00
7143,230.00
7144,65.00
7145,7.00
7146,9.00
7147,54.00
7148,15.00
7149,1.00
7150,27.00
7151,9.00
7152,2.00
7153,117.00
7154,28.00
7155,2.00
7156,16.00
7157,10.00
7158,81.00
7159,18.00
7160,4.00
7161,27.00
7162,3.00
7164,20.00
7166,5.00
7167,6.00
7168,4.00
7169,54.00
7170,70.00
7171,16.00
7172,20.00
7173,8.00
7174,35.00
7175,13.00
7176,92.00
7177,84.00
7178,1.00
7180,6.00
7181,46.00
7182,28.00
7183,5.00
7184,7.00
7185,30.00
7186,24.00
7188,15.00
7189,7.00
7190,6.00
7191,38.00
7192,4.00
7193,31.00
7194,123.00
7195,64.00
7196,19.00
7197,11.00
7198,2.00
7199,4.00
7200,10.00
7201,93.00
7202,11.00
7203,9.00
7204,29.00
7206,442.00
7208,5.00
7209,50.00
7210,21.00
7212,146.00
7213,337.00
7214,4.00
7215,3.00
7216,9.00
7217,12.00
7219,3.00
7220,36.00
7221,1674.00
7222,5.00
7223,10.00
7224,3.00
7225,2.00
7226,9.00
7227,12.00
7228,41.00
7229,73.00
7230,10.00
7231,33.00
7232,110.00
7233,49.00
7234,57.00
7235,1.00
7236,4.00
7237,79.00
7238,14.00
7239,7.00
7240,8.00
7241,51.00
7242,8.00
7243,916.00
7245,312.00
7246,24.00
7248,20.00
7249,28.00
7250,20.00
7252,7.00
7253,9.00
7254,2.00
7255,9.00
7256,9.00
7257,70.00
7258,10.00
7259,24.00
7260,23.00
7261,18.00
7264,4.00
7265,10.00
7266,8.00
7267,9.00
7268,7.00
7269,18.00
7270,1.00
7271,19.00
7272,25.00
7274,172.00
7275,17.00
7276,1.00
7277,13.00
7278,17.00
7279,42.00
7280,12.00
7281,9.00
7283,12.00
7284,2.00
7285,18.00
7286,102.00
7287,19.00
7288,9.00
7289,3.00
7290,15.00
7291,4.00
7292,7.00
7293,20.00
7294,20.00
7295,1.00
7296,14.00
7297,202.00
7298,43.00
7299,12.00
7300,6.00
7301,59.00
7302,13.00
7303,9.00
7305,13.00
7306,1.00
7307,256.00
7309,1.00
7310,1.00
7311,11.00
7312,18.00
7313,2.00
7314,151.00
7315,91.00
7316,32.00
7318,358.00
7319,115.00
7321,35.00
7322,13.00
7323,9.00
7324,13.00
7326,7.00
7327,5.00
7328,20.00
7329,9.00
7330,37.00
7331,1.00
7332,10.00
7333,3.00
7334,17.00
7335,2.00
7336,4.00
7337,40.00
7338,11.00
7339,185.00
7340,1.00
7341,3.00
7342,35.00
7343,6.00
7344,7.00
7345,3.00
7346,32.00
7347,50.00
7348,4.00
7349,8.00
7351,7.00
7352,1.00
7353,14.00
7354,1524.00
7355,17.00
7356,10.00
7357,21.00
7358,40.00
7359,2.00
7360,9.00
7361,23.00
7362,58.00
7364,5.00
7365,11.00
7366,4.00
7367,1.00
7368,6.00
7369,64.00
7370,2.00
7371,12.00
7372,11.00
7373,239.00
7374,138.00
7375,1.00
7376,4.00
7377,9.00
7378,13.00
7379,2.00
7380,3.00
7381,33.00
7382,4.00
7383,12.00
7384,1.00
7386,12.00
7387,9.00
7388,10.00
7389,17.00
7390,4.00
7391,4.00
7392,10.00
7393,8.00
7394,8.00
7396,4.00
7397,76.00
7398,4.00
7399,9.00
7400,10.00
7401,5.00
7402,7.00
7403,91.00
7404,3.00
7406,8.00
7407,14.00
7408,1.00
7409,180.00
7410,1.00
7411,136.00
7412,17.00
7413,5.00
7414,75.00
7415,61.00
7416,35.00
7417,39.00
7418,341.00
7421,38.00
7422,612.00
7423,9.00
7424,8.00
7425,5.00
7426,37.00
7427,142.00
7428,413.00
7429,5.00
7430,10.00
7431,8.00
7432,16.00
7433,7.00
7434,5.00
7435,66.00
7436,1.00
7437,8.00
7438,90.00
7439,13.00
7440,3.00
7441,33.00
7442,3.00
7443,9.00
7444,35.00
7445,65.00
7446,42.00
7447,30.00
7448,19.00
7449,1.00
7450,5.00
7451,10.00
7452,95.00
7453,1.00
7454,8.00
7455,11.00
7456,4.00
7457,1.00
7458,5.00
7459,20.00
7460,68.00
7461,4.00
7462,2.00
7463,7.00
7464,43.00
7465,65.00
7466,8.00
7467,16.00
7468,69.00
7469,18.00
7470,51.00
7471,13.00
7472,4.00
7473,1.00
7474,32.00
7475,8.00
7476,35.00
7478,5.00
7479,3.00
7480,14.00
7481,3.00
7482,4.00
7483,1768.00
7484,7.00
7485,8.00
7486,41.00
7487,323.00
7488,2.00
7489,39.00
7490,103.00
7491,43.00
7492,6.00
7493,11.00
7494,14.00
7495,63.00
7496,15.00
7497,19.00
7498,22.00
7499,58.00
7500,5.00
7501,4.00
7502,37.00
7503,93.00
7504,9.00
7505,3.00
7506,30.00
7507,6.00
7508,6.00
7509,2.00
7510,4.00
7511,19.00
7512,9.00
7513,17.00
7515,95.00
7516,17.00
7517,7.00
7518,2.00
7519,22.00
7520,1.00
7521,9.00
7522,22.00
7523,5.00
7524,116.00
7525,16.00
7526,26.00
7527,4.00
7528,18.00
7530,20.00
7531,2.00
7532,4.00
7533,4.00
7534,44.00
7535,2.00
7536,5.00
7537,6.00
7538,2.00
7539,41.00
7540,15.00
7541,7.00
7542,9.00
7543,16.00
7544,11.00
7545,9.00
7546,14.00
7547,2.00
7548,4.00
7549,13.00
7550,131.00
7551,5.00
7553,32.00
7554,10.00
7555,8305.00
7556,23.00
7557,43.00
7558,4.00
7560,37.00
7561,2.00
7562,21.00
7563,17.00
7564,294.00
7565,2.00
7566,19.00
7567,14.00
7570,12.00
7571,22.00
7573,26.00
7574,1.00
7575,20.00
7576,15.00
7577,8.00
7578,15.00
7579,34.00
7581,48.00
7583,9.00
7584,53.00
7585,8.00
7586,82.00
7587,48.00
7588,50.00
7589,42.00
7590,17.00
7591,45.00
7592,189.00
7593,2.00
7594,7.00
7595,7.00
7596,14.00
7598,164.00
7599,5.00
7600,613.00
7601,62.00
7602,20.00
7604,40.00
7605,928.00
7606,39.00
7607,13.00
7608,8.00
7609,6.00
7610,15.00
7611,12.00
7612,263.00
7613,420.00
7614,6.00
7615,1.00
7616,29.00
7617,11.00
7618,14.00
7619,26.00
7620,8.00
7621,23.00
7622,2.00
7623,12.00
7624,5.00
7625,42.00
7626,4.00
7627,13.00
7628,7.00
7629,65.00
7630,2.00
7631,5.00
7632,50.00
7633,1.00
7634,5.00
7636,54.00
7637,12.00
7639,3.00
7640,2.00
7641,4.00
7642,2.00
7643,29.00
7644,14.00
7645,8.00
7646,59.00
7647,17.00
7648,184.00
7649,2.00
7650,2.00
7651,5.00
7652,63.00
7653,10.00
7655,1.00
7656,3.00
7657,98.00
7658,14.00
7659,7.00
7660,12.00
7662,18.00
7663,29.00
7664,7.00
7665,5.00
7666,369.00
7667,72.00
7668,13.00
7670,26.00
7671,5.00
7672,75.00
7673,194.00
7674,7.00
7675,9.00
7676,4.00
7677,5.00
7678,53.00
7679,1657.00
7680,4.00
7681,7.00
7682,89.00
7684,39.00
7685,8.00
7686,57.00
7687,5.00
7688,8.00
7689,2.00
7690,36.00
7691,10.00
7692,4.00
7693,2.00
7694,16.00
7695,14.00
7696,16.00
7697,17.00
7698,56.00
7699,24.00
7700,3.00
7701,6.00
7702,24.00
7703,15.00
7704,1.00
7705,25.00
7706,638.00
7707,5.00
7708,6.00
7709,17.00
7710,7.00
7711,274.00
7712,3.00
7714,22.00
7715,9.00
7716,26.00
7717,6190.00
7718,26.00
7719,47.00
7720,20.00
7721,55.00
7722,45.00
7723,3.00
7724,162.00
7725,6.00
7726,8.00
7727,7.00
7728,17.00
7729,28.00
7730,18.00
7731,4.00
7732,1.00
7733,25.00
7734,2.00
7735,10.00
7736,8.00
7737,16.00
7738,6.00
7740,18.00
7741,13.00
7742,9.00
7744,1.00
7745,15.00
7746,27.00
7747,16.00
7748,36.00
7749,12.00
7750,4.00
7751,1.00
7753,10.00
7754,37.00
7755,7.00
7756,10.00
7757,24.00
7758,31.00
7759,14.00
7760,5.00
7761,67.00
7762,9.00
7763,3.00
7764,8.00
7765,7.00
7766,6.00
7767,15.00
7768,31.00
7770,11.00
7771,59.00
7772,35.00
7773,6.00
7774,9.00
7775,12.00
7776,24.00
7777,45.00
7778,8.00
7779,5.00
7781,3.00
7782,60.00
7783,7.00
7785,40.00
7786,46.00
7787,1.00
7788,22.00
7789,4.00
7790,17.00
7791,13.00
7792,149.00
7793,26.00
7795,89.00
7796,37.00
7797,36.00
7798,31.00
7799,46.00
7800,20.00
7801,117.00
7802,21.00
7803,86.00
7804,8.00
7805,58.00
7807,21.00
7808,23.00
7809,57.00
7810,13.00
7811,29.00
7812,49.00
7813,11.00
7814,1.00
7815,7.00
7816,39.00
7817,3.00
7818,4.00
7819,31.00
7821,12.00
7822,10.00
7823,70.00
7824,6.00
7825,1.00
7826,5.00
7827,25.00
7828,43.00
7829,12.00
7830,14.00
7831,1.00
7832,133.00
7834,22.00
7835,4.00
7837,1.00
7838,203.00
7839,13.00
7840,53.00
7841,82.00
7842,46.00
7843,255.00
7845,2.00
7846,59.00
7847,5.00
7848,28.00
7849,36.00
7850,17.00
7851,1.00
7852,53.00
7853,8.00
7854,16.00
7855,14.00
7856,2.00
7857,2.00
7858,37.00
7859,5.00
7860,4.00
7861,24.00
7862,4.00
7863,1.00
7864,1.00
7865,11.00
7867,30.00
7868,22.00
7870,19.00
7871,74.00
7872,38.00
7873,8.00
7875,24.00
7876,9.00
7877,11.00
7878,8.00
7879,4.00
7880,9.00
7881,23.00
7882,35.00
7883,16.00
7884,2038.00
7885,13.00
7886,21.00
7887,18.00
7888,7.00
7889,117.00
7890,5.00
7891,10.00
7892,35.00
7893,43.00
7894,59.00
7896,21.00
7898,18.00
7899,11.00
7900,1.00
7901,18.00
7902,21.00
7903,2445.00
7904,38.00
7905,22.00
7906,14.00
7907,29.00
7908,134.00
7909,168.00
7910,1703.00
7911,5.00
7912,4.00
7913,968.00
7914,2.00
7915,9.00
7916,2.00
7917,397.00
7918,15.00
7919,5.00
7920,33.00
7921,1077.00
7922,56.00
7923,1.00
7924,2.00
7925,62.00
7926,23.00
7927,51.00
7928,5.00
7929,15.00
7930,39.00
7931,2.00
7932,17.00
7933,5.00
7934,41.00
7935,1.00
7936,2.00
7937,10.00
7938,8.00
7939,50.00
7940,1.00
7942,4.00
7943,16.00
7944,14.00
7945,8.00
7946,10.00
7947,23.00
7949,32.00
7951,5.00
7952,9.00
7953,17.00
7954,5.00
7956,11.00
7958,42.00
7959,47.00
7960,51.00
7961,312.00
7962,3.00
7963,26.00
7964,2.00
7965,2.00
7966,10.00
7967,62.00
7968,27.00
7969,3.00
7970,5.00
7971,14.00
7972,6.00
7973,10.00
7974,3863.00
7975,23.00
7977,28.00
7978,5.00
7979,40.00
7981,3.00
7982,113.00
7984,5.00
7985,1.00
7986,26.00
7987,19.00
7988,18.00
7989,93.00
7990,1.00
7991,9.00
7993,7.00
7994,4.00
7995,16.00
7996,44.00
7997,21.00
7998,204.00
7999,17.00
8000,47.00
8001,9.00
8002,12.00
8004,21.00
8005,2.00
8006,1.00
8007,13.00
8008,4.00
8009,10.00
8010,8.00
8011,109.00
8012,18.00
8013,42.00
8014,6.00
8015,9.00
8016,6.00
8017,1.00
8018,6.00
8019,10.00
8020,26.00
8021,34.00
8022,583.00
8023,29.00
8024,17.00
8025,32.00
8026,11.00
8027,14.00
8028,4.00
8029,12.00
8030,9.00
8031,5.00
8032,180.00
8033,46.00
8034,1.00
8035,21.00
8036,16.00
8037,1286.00
8038,6.00
8039,3.00
8040,22.00
8041,13.00
8042,8.00
8043,35.00
8044,6.00
8045,10.00
8046,11.00
8047,75.00
8048,4.00
8049,19.00
8050,91.00
8051,3.00
8052,21.00
8053,5.00
8054,9.00
8055,58.00
8056,11.00
8057,23.00
8058,99.00
8059,31.00
8060,11.00
8061,3.00
8062,16.00
8063,5.00
8064,37.00
8065,3.00
8066,5.00
8067,20.00
8068,3.00
8069,135.00
8070,26.00
8071,1.00
8072,12.00
8073,20.00
8074,6.00
8075,10.00
8077,276.00
8078,6.00
8079,8.00
8080,55.00
8081,3.00
8082,8.00
8083,8.00
8084,12.00
8085,4.00
8086,12.00
8087,33.00
8088,22.00
8089,2.00
8090,97.00
8091,10.00
8092,23.00
8093,31.00
8094,1.00
8095,51.00
8096,7.00
8097,23.00
8098,48.00
8099,26.00
8100,5.00
8102,11.00
8103,8.00
8104,1.00
8105,1.00
8106,5.00
8108,61.00
8109,25.00
8110,23.00
8111,33.00
8112,106.00
8113,3.00
8114,8.00
8115,9.00
8116,7.00
8117,16.00
8118,6.00
8119,17.00
8121,5.00
8122,97.00
8123,44.00
8125,8.00
8126,96.00
8128,52.00
8129,5.00
8130,26.00
8131,55.00
8132,8.00
8133,4.00
8134,6.00
8135,35.00
8136,5.00
8137,11.00
8139,6.00
8140,41.00
8141,24.00
8142,24.00
8143,32.00
8144,266.00
8145,11.00
8146,37.00
8147,14.00
8148,4.00
8149,18.00
8150,9.00
8153,8.00
8154,11.00
8155,12.00
8156,3.00
8157,52.00
8160,11.00
8161,57.00
8162,11.00
8163,14.00
8164,8.00
8165,6.00
8166,7.00
8167,23.00
8168,22.00
8169,20.00
8170,9.00
8171,7.00
8172,7.00
8174,28.00
8175,5.00
8176,29.00
8177,19.00
8179,72.00
8180,23.00
8181,3725.00
8182,8.00
8183,4.00
8184,26.00
8185,2.00
8186,73.00
8187,12.00
8188,26.00
8189,10.00
8190,6.00
8191,17.00
8192,16.00
8193,3.00
8194,15.00
8195,6.00
8196,11.00
8197,12.00
8198,14.00
8200,2.00
8201,21.00
8202,24.00
8203,20.00
8204,50.00
8205,16.00
8206,30.00
8207,3.00
8208,7.00
8209,57.00
8210,11.00
8211,134.00
8212,54.00
8214,8.00
8215,11.00
8216,36.00
8217,13.00
8218,167.00
8219,4.00
8220,11.00
8221,1.00
8222,16.00
8224,3.00
8225,17.00
8226,47.00
8227,5.00
8228,8.00
8229,16.00
8230,144.00
8232,7.00
8233,9.00
8234,91.00
8235,17.00
8236,163.00
8237,2.00
8238,4.00
8239,62.00
8240,3.00
8241,27.00
8242,7.00
8243,3.00
8244,16.00
8245,36.00
8246,133.00
8247,10.00
8248,15.00
8249,9.00
8251,75.00
8252,2.00
8253,185.00
8254,154.00
8255,2.00
8258,130.00
8259,102.00
8260,4.00
8261,1.00
8262,43.00
8263,24.00
8265,60.00
8266,4.00
8267,28.00
8268,7.00
8269,51.00
8270,1.00
8271,2.00
8273,12.00
8274,64.00
8276,43.00
8277,53.00
8278,42.00
8279,9.00
8281,3.00
8282,71.00
8283,54.00
8284,27.00
8285,14.00
8286,135.00
8288,3.00
8289,8.00
8290,13.00
8291,42.00
8292,396.00
8293,5.00
8294,13.00
8296,2.00
8297,3.00
8299,20.00
8300,13.00
8301,12.00
8302,2.00
8303,16.00
8304,13.00
8305,796.00
8306,13.00
8307,3.00
8308,4.00
8309,63.00
8310,290.00
8311,10.00
8313,3.00
8314,53.00
8315,2.00
8316,23.00
8317,4.00
8318,25.00
8319,7.00
8321,36.00
8322,4.00
8323,16.00
8324,1.00
8325,19.00
8326,33.00
8327,4.00
8328,3.00
8329,7.00
8330,180.00
8331,4.00
8332,68.00
8334,9.00
8335,1.00
8336,9.00
8337,8.00
8338,8.00
8339,13.00
8340,46.00
8341,22.00
8342,14.00
8343,3.00
8344,12.00
8346,18.00
8347,2.00
8349,81.00
8350,13.00
8351,30.00
8352,30.00
8353,33.00
8354,20.00
8355,50.00
8356,12.00
8357,35.00
8358,13.00
8359,20.00
8360,20.00
8361,20.00
8362,9.00
8363,30.00
8364,35.00
8366,116.00
8367,7.00
8368,13.00
8369,3.00
8370,10.00
8371,9.00
8372,3.00
8373,11.00
8374,13.00
8375,77.00
8376,7.00
8377,23.00
8378,3.00
8379,11.00
8380,38.00
8381,7.00
8382,15.00
8383,4.00
8384,22.00
8385,9.00
8386,384.00
8387,1.00
8388,27.00
8389,9.00
8390,1689.00
8391,37.00
8392,5.00
8393,31.00
8394,104.00
8395,5.00
8396,64.00
8397,4.00
8398,4.00
8399,3.00
8400,23.00
8401,11.00
8402,81.00
8403,4.00
8404,8.00
8405,21.00
8406,9.00
8407,4.00
8408,2.00
8409,4.00
8410,135.00
8411,2.00
8412,2.00
8413,13.00
8414,7.00
8415,53.00
8418,7.00
8419,4.00
8420,17.00
8421,51.00
8422,276.00
8423,6.00
8424,14.00
8425,16.00
8426,22.00
8427,5.00
8428,6.00
8429,14.00
8430,7.00
8431,1.00
8432,4.00
8433,494.00
8434,7.00
8436,3.00
8437,29.00
8438,207.00
8439,3.00
8440,8.00
8441,112.00
8442,12.00
8443,13.00
8444,5.00
8445,5.00
8447,5.00
8448,13.00
8449,21.00
8451,6.00
8452,1.00
8453,8.00
8454,16.00
8455,5.00
8456,47.00
8457,3.00
8458,4.00
8459,5.00
8460,8.00
8461,22.00
8462,9.00
8464,30.00
8465,2.00
8466,44.00
8467,10.00
8468,3.00
8469,259.00
8470,6.00
8471,3.00
8472,3.00
8473,33.00
8474,6.00
8475,21.00
8476,223.00
8478,7.00
8479,198.00
8480,2.00
8481,34.00
8482,28.00
8483,2.00
8484,15.00
8486,9.00
8487,5.00
8489,3.00
8490,8.00
8492,1.00
8493,61.00
8494,23.00
8495,6.00
8496,70.00
8497,48.00
8498,5.00
8499,3.00
8500,81.00
8501,48.00
8502,7.00
8503,12.00
8504,30.00
8505,85.00
8506,13.00
8507,17.00
8508,45.00
8510,64.00
8513,7.00
8514,19.00
8515,4.00
8516,3.00
8517,60.00
8518,4.00
8519,15.00
8521,6.00
8522,12.00
8523,29.00
8524,8.00
8525,4.00
8527,61.00
8528,43.00
8531,5.00
8532,6.00
8533,158.00
8534,2.00
8535,85.00
8536,170.00
8537,9.00
8538,1.00
8539,2.00
8540,10.00
8541,3.00
8545,49.00
8546,78.00
8547,23.00
8548,8.00
8549,4.00
8550,1.00
8551,6.00
8552,3.00
8553,5.00
8554,13.00
8555,57.00
8556,39.00
8557,10.00
8558,26.00
8559,58.00
8560,24.00
8561,55.00
8562,13.00
8563,64.00
8564,18.00
8565,2.00
8566,6.00
8567,7.00
8568,14.00
8570,59.00
8571,4.00
8572,2.00
8573,10.00
8574,4.00
8575,86.00
8576,18.00
8577,60.00
8578,4.00
8579,11.00
8580,479.00
8581,9.00
8583,4.00
8584,3.00
8586,12.00
8587,43.00
8589,20.00
8591,3.00
8593,5.00
8594,305.00
8595,4.00
8596,5.00
8597,38.00
8598,3.00
8599,2.00
8600,128.00
8601,5.00
8602,33.00
8603,1.00
8604,12.00
8605,62.00
8606,14.00
8607,59.00
8609,4.00
8610,31.00
8611,8.00
8612,2.00
8613,36.00
8614,888.00
8615,1.00
8616,60.00
8617,8.00
8618,7.00
8619,306.00
8620,16.00
8621,12.00
8622,8.00
8623,9.00
8624,15.00
8625,16.00
8626,7.00
8627,2.00
8628,7.00
8630,4.00
8631,10.00
8632,53.00
8633,7.00
8634,9.00
8635,9.00
8636,37.00
8637,10.00
8638,52.00
8639,7.00
8640,24.00
8641,144.00
8642,42.00
8643,10.00
8646,11.00
8647,3.00
8648,11.00
8649,4.00
8650,15.00
8651,106.00
8652,7.00
8653,592.00
8654,54.00
8655,38.00
8656,35.00
8657,7.00
8658,9.00
8659,15.00
8660,519.00
8661,45.00
8662,326.00
8663,6.00
8664,8.00
8665,4.00
8666,48.00
8667,59.00
8668,4.00
8669,5.00
8671,4.00
8672,6.00
8673,22.00
8674,33.00
8676,21.00
8677,8.00
8678,377.00
8679,19.00
8680,11.00
8681,33.00
8682,2.00
8683,52.00
8684,6.00
8685,4.00
8686,2.00
8687,8.00
8688,388.00
8689,9.00
8690,3.00
8691,4.00
8692,21.00
8693,52.00
8694,7.00
8695,3.00
8696,8.00
8697,18.00
8698,5.00
8699,32.00
8701,2.00
8702,26.00
8703,14.00
8704,8.00
8705,12.00
8706,64.00
8707,1.00
8708,4.00
8709,9.00
8710,42.00
8711,44.00
8712,101.00
8713,1.00
8714,6.00
8715,1.00
8716,38.00
8717,7.00
8718,6.00
8719,2.00
8720,5.00
8721,263.00
8722,22.00
8724,160.00
8725,15.00
8727,15.00
8728,17.00
8729,3.00
8730,4.00
8732,8.00
8733,82.00
8734,86.00
8735,8.00
8736,72.00
8737,6.00
8738,4.00
8739,10.00
8740,9.00
8741,12.00
8742,2.00
8743,3.00
8744,5.00
8745,29.00
8746,5.00
8747,2.00
8748,50.00
8751,39.00
8752,8.00
8753,13.00
8754,2.00
8756,4.00
8757,8.00
8758,33.00
8759,16.00
8760,4.00
8761,10.00
8762,13.00
8763,6.00
8764,68.00
8765,23.00
8766,16.00
8767,3.00
8768,11.00
8769,13.00
8770,1.00
8772,9.00
8773,125.00
8774,8.00
8775,3001.00
8778,12.00
8779,10.00
8780,5.00
8781,17.00
8782,3.00
8784,31.00
8785,17.00
8786,26.00
8787,17.00
8788,10.00
8789,8.00
8790,1.00
8791,14.00
8792,13.00
8793,31.00
8794,6.00
8795,63.00
8796,14.00
8797,10.00
8798,18.00
8799,9.00
8800,327.00
8801,1.00
8802,11.00
8803,6.00
8804,4.00
8805,3.00
8806,35.00
8807,17.00
8808,87.00
8809,10.00
8810,27.00
8811,2.00
8812,417.00
8814,15.00
8815,2.00
8816,1.00
8817,3.00
8818,31.00
8819,18.00
8820,3.00
8821,10.00
8822,5.00
8824,26.00
8825,30.00
8826,11.00
8827,6.00
8828,45.00
8829,4.00
8830,4.00
8831,269.00
8832,1.00
8833,2.00
8834,5.00
8835,31.00
8836,4.00
8837,17.00
8838,3.00
8839,11.00
8840,72.00
8841,7.00
8842,16.00
8843,41.00
8844,541.00
8845,22.00
8846,36.00
8847,27.00
8848,34.00
8849,4.00
8850,19.00
8851,4.00
8852,10.00
8853,38.00
8854,10.00
8855,13.00
8856,188.00
