uid,x1
8193,1.00
2,7.00
3,8.00
4,2.00
5,24.00
8198,2.00
8,2.00
8201,22.00
8203,10.00
12,1.00
8205,3.00
8206,22.00
15,57.00
17,30.00
8210,4.00
8211,3435.00
20,52.00
21,5.00
8214,1.00
8215,3.00
8216,75.00
25,44.00
8218,8.00
8219,3.00
28,20.00
8223,12.00
32,8.00
8225,5.00
8226,37.00
35,56.00
36,6.00
8230,4.00
39,28.00
40,25.00
42,431.00
8235,9.00
8236,54.00
8237,6.00
8239,12.00
48,11.00
8200,1.00
50,20.00
8244,19.00
8245,4.00
8246,10.00
55,14.00
8249,9.00
58,539.00
8251,64.00
60,24.00
61,6.00
8254,92.00
63,3.00
8731,36.00
8258,38.00
8259,29.00
69,3.00
70,2.00
8263,7.00
72,44.00
8265,19.00
74,33.00
75,56.00
76,221.00
8269,30.00
79,5.00
81,10.00
8274,21.00
83,12.00
8276,93.00
14,9.00
8278,8.00
87,64.00
88,9.00
8281,4.00
8282,33.00
8284,9.00
93,12.00
8286,31.00
96,376.00
8290,2.00
8291,18.00
8292,69.00
102,2.00
8209,6.00
105,12.00
106,7.00
107,2.00
108,3.00
109,48.00
8302,3.00
8303,6.00
8304,9.00
113,57.00
114,2.00
19,13.00
8309,27.00
8310,48.00
120,43.00
8313,9.00
122,80.00
8316,9.00
125,125.00
8318,14.00
127,1.00
128,2.00
129,345.00
130,17.00
8323,14.00
132,26.00
133,11.00
134,30.00
8328,5.00
137,2.00
138,5.00
8331,4.00
140,3.00
142,5.00
143,5.00
8336,5.00
8337,9.00
146,12.00
8339,3.00
148,2.00
8341,5.00
150,68.00
151,25.00
8344,4.00
8347,2.00
8349,88.00
159,17.00
160,3.00
8353,18.00
8354,9.00
8355,28.00
165,19.00
166,13.00
8359,9.00
8360,13.00
169,5.00
171,1118.00
8364,14.00
173,49.00
8366,36.00
175,79.00
8368,9.00
8369,1.00
178,58.00
8371,2.00
4126,7.00
8375,18.00
8376,12.00
8377,11.00
8378,1.00
187,114.00
8380,7.00
189,12.00
8382,2.00
8384,10.00
193,1.00
8386,8841.00
196,10.00
8389,2.00
8390,763.00
8391,8.00
8392,4.00
201,42.00
8394,62.00
1399,2.00
8396,63.00
8397,4.00
206,5.00
207,71.00
208,190.00
209,3020.00
8402,16.00
211,65.00
212,232.00
8405,68.00
8406,2.00
215,1.00
8228,6.00
8410,15.00
219,12.00
8413,8.00
222,5.00
8415,16.00
225,5.00
8418,7.00
227,7.00
229,20.00
8422,105.00
8423,6.00
8425,14.00
8426,7.00
235,9.00
8429,5.00
239,12.00
8432,4.00
8433,148.00
242,4.00
8435,1.00
8436,1.00
245,5.00
8438,249.00
8439,1.00
248,4.00
8441,46.00
250,12.00
251,7.00
253,3.00
8446,11.00
255,17.00
8448,8.00
8449,5.00
258,9.00
8451,6.00
8452,1.00
262,90.00
263,3.00
8456,3.00
44,16.00
266,9.00
4646,4.00
268,5.00
8461,3.00
8462,18.00
8463,9.00
272,6.00
273,69.00
8466,66.00
275,4.00
8468,2.00
8469,2.00
8470,1.00
8471,1.00
281,93.00
8475,1.00
8476,298.00
285,12.00
286,238.00
8479,73.00
288,139.00
289,5.00
8482,6.00
291,5.00
8486,6.00
295,5.00
296,9.00
297,20.00
8490,4.00
299,5.00
8493,32.00
8494,3.00
303,28.00
8496,27.00
8497,38.00
306,1.00
307,9.00
8500,9.00
8502,5.00
311,5.00
8504,6.00
313,15.00
8506,6.00
8507,2.00
8508,36.00
317,11.00
8510,120.00
53,3.00
321,17.00
8514,4.00
8515,4.00
324,5.00
8517,15.00
326,6.00
8519,6.00
328,13.00
8522,12.00
8523,1.00
8524,2.00
8525,2.00
334,3.00
8527,7.00
11,4.00
337,10.00
8530,8.00
8533,98.00
342,94.00
343,10.00
8536,41.00
345,9.00
346,6.00
347,23.00
350,4.00
351,14.00
8544,2.00
8545,56.00
8546,97.00
355,12.00
357,2.00
358,4.00
359,2.00
8252,7.00
8554,6.00
8555,9.00
8556,1.00
8557,2.00
8558,6.00
8559,32.00
368,9.00
8561,1.00
370,5.00
371,1.00
372,50.00
373,3.00
8566,15.00
375,6.00
8568,14.00
8569,3.00
8570,22.00
8255,2.00
380,574.00
8573,8.00
382,36.00
8575,29.00
8576,3.00
385,20.00
386,25.00
8579,17.00
8580,468.00
389,8.00
390,2.00
391,119.00
392,2.00
8585,3.00
8586,41.00
395,12.00
8588,36.00
397,77.00
398,957.00
399,1.00
400,11.00
8593,3.00
8594,115.00
403,1.00
8597,39.00
406,10.00
8599,2.00
8600,35.00
409,14.00
410,23.00
411,24.00
8604,5.00
8605,2.00
8606,5.00
8607,10.00
416,15.00
417,3.00
8610,6.00
419,1.00
420,10.00
421,6.00
8614,933.00
423,5.00
8616,28.00
2785,6.00
8619,172.00
428,15.00
330,12.00
430,9.00
431,10.00
432,6.00
433,2.00
8626,9.00
435,33.00
436,4.00
8630,2.00
73,2.00
8632,29.00
441,11.00
442,41.00
443,5.00
8636,18.00
8266,3.00
8638,32.00
447,48.00
8640,4.00
8641,34.00
450,55446.00
451,109.00
453,7.00
8646,12.00
8648,6.00
457,21.00
458,2.00
8651,55.00
8653,422.00
8654,6.00
8655,13.00
8656,68.00
8658,5.00
8660,166.00
8661,40.00
8662,47.00
471,18.00
8664,4.00
8666,40.00
8271,1.00
477,29.00
478,43.00
8671,2.00
480,9.00
8673,20.00
8674,6.00
483,15.00
8676,20.00
8678,137.00
487,12.00
488,6.00
489,3.00
490,8.00
492,18.00
82,5.00
494,1.00
495,30.00
8688,155.00
497,14.00
8623,5.00
500,4.00
8693,60.00
502,11.00
503,70.00
504,4.00
8697,7.00
506,12.00
8699,15.00
508,35.00
8701,1.00
8702,8.00
8277,54.00
512,22.00
8705,17.00
8706,13.00
515,1.00
516,5.00
86,11.00
8710,14.00
519,15.00
8712,49.00
521,16.00
8714,9.00
523,4.00
8716,38.00
527,8.00
8720,6.00
8721,150.00
8722,19.00
531,13.00
8724,40.00
533,6.00
8728,4.00
538,8.00
539,30.00
540,7.00
541,16.00
8734,101.00
543,8.00
8736,46.00
545,5.00
18,10.00
547,21.00
548,3.00
8741,6.00
550,5.00
8743,4.00
8744,3.00
8745,10.00
8746,21.00
555,40.00
557,15.00
8750,4.00
8285,2.00
560,5.00
561,23.00
564,26.00
94,9.00
8758,2.00
567,8.00
568,6.00
8761,11.00
570,9.00
8763,3.00
8764,10.00
573,1.00
8766,10.00
576,274.00
8769,8.00
578,2.00
8771,125.00
8772,12.00
8773,48.00
582,97.00
8775,498.00
8776,2.00
8778,2.00
587,38.00
8780,2.00
589,6.00
590,2.00
591,3.00
8784,6.00
593,6.00
8786,29.00
595,1.00
8788,3.00
8789,6.00
598,21.00
599,32.00
600,45.00
8793,4.00
602,6.00
8795,43.00
604,16.00
8797,5.00
606,5.00
8799,10.00
8800,193.00
8801,16.00
611,410.00
613,8.00
614,6.00
8807,6.00
8808,47.00
617,8.00
618,28.00
619,14.00
8812,46.00
8204,17.00
623,1.00
624,1.00
625,1.00
626,6.00
8819,7.00
628,11.00
629,3149.00
8822,3.00
8297,1.00
632,5.00
8825,38.00
8827,4.00
8828,6.00
637,10.00
638,18.00
8831,40.00
640,1.00
641,3.00
642,63.00
8835,22.00
8836,1.00
8837,19.00
646,2.00
8839,4.00
648,21.00
649,97.00
650,3.00
8843,24.00
8844,200.00
653,2.00
654,4.00
8301,11.00
656,19.00
657,1.00
8850,10.00
8852,11.00
110,21.00
8854,8.00
663,8.00
664,19.00
665,25.00
668,1.00
670,19.00
671,9.00
672,7.00
112,19.00
674,38.00
675,1.00
677,16.00
678,3.00
8305,2879.00
680,42.00
683,194.00
684,2.00
685,57.00
686,3.00
687,8.00
8307,5.00
459,1.00
23,4.00
697,6.00
698,11.00
699,33.00
700,1.00
701,3.00
702,4.00
704,10.00
705,1.00
706,20.00
707,28.00
708,3.00
709,28.00
710,1.00
711,12.00
712,4.00
713,3.00
714,1.00
715,15.00
8679,1.00
718,3.00
719,8.00
721,6.00
723,25.00
724,14.00
8753,11.00
24,2.00
729,17.00
731,11.00
732,1.00
8314,17.00
734,13.00
735,3.00
736,5.00
739,5.00
741,193.00
742,68.00
743,6.00
744,259.00
745,4.00
746,9.00
747,13.00
748,4.00
749,6.00
751,1.00
752,2.00
753,3.00
755,60.00
756,2.00
760,37647.00
761,3.00
762,5.00
764,12.00
765,4.00
767,9.00
768,6.00
571,14.00
770,8.00
771,22.00
772,228.00
773,9.00
774,5.00
775,306.00
776,1.00
777,12.00
778,1.00
779,60.00
780,11.00
781,3.00
782,3.00
783,1.00
786,38.00
131,5.00
788,8.00
790,1.00
792,16.00
793,1.00
794,19.00
796,42.00
797,2761.00
798,20.00
799,20.00
800,29.00
801,3.00
802,2.00
803,29.00
804,6.00
806,80.00
809,29.00
810,4.00
812,1.00
814,138.00
819,11.00
822,32.00
824,15.00
825,4.00
827,1.00
828,1.00
8330,50.00
832,5.00
833,21.00
835,10.00
836,11.00
4716,2.00
3067,6.00
840,8.00
844,15.00
4382,1.00
848,3.00
850,9.00
851,1.00
853,1.00
854,23.00
857,6.00
859,11.00
860,13.00
861,7.00
8212,23.00
863,3.00
865,3.00
866,6.00
869,31.00
870,7.00
871,8.00
874,3.00
876,143.00
877,109.00
879,8.00
880,1.00
881,3.00
883,48.00
887,6.00
889,28.00
890,5.00
891,2.00
892,221.00
894,27.00
149,3.00
896,1.00
898,22.00
900,1.00
8342,20.00
902,1.00
903,3.00
904,144.00
8759,2.00
909,3.00
910,2.00
911,5.00
913,73.00
914,7.00
915,146.00
3031,3.00
919,4.00
920,1.00
922,2.00
923,6.00
924,314.00
926,9.00
928,3.00
929,29.00
931,28.00
934,5.00
936,16.00
937,3.00
938,16.00
939,33.00
941,19.00
157,19.00
944,2.00
945,4.00
947,5.00
951,24.00
952,9.00
8351,14.00
956,4.00
958,36.00
959,11.00
960,4.00
961,80.00
962,1.00
963,10.00
965,9.00
966,4.00
969,5.00
970,307.00
971,12.00
973,3.00
974,181.00
977,1.00
978,58.00
979,5.00
980,4.00
982,1.00
984,429.00
985,6.00
986,57.00
987,4.00
988,6.00
989,17.00
991,5.00
992,5.00
993,11.00
994,14.00
995,1.00
996,78.00
33,3.00
998,4.00
1001,9.00
1002,7.00
1004,100.00
1005,44.00
1007,3.00
1010,3.00
1011,88.00
8217,16.00
1013,34.00
1015,36.00
1016,15.00
1017,10.00
1018,6.00
1023,6.00
1025,13.00
1026,1.00
8363,184.00
1028,3.00
1029,3.00
1031,4.00
1032,3.00
172,1.00
1034,9.00
1035,50.00
1036,26.00
1037,31.00
1040,9.00
1041,7424.00
1044,27.00
2905,6.00
8393,13.00
1050,4.00
1051,9.00
1052,16.00
1057,13.00
1061,34.00
308,2.00
1065,23.00
1068,6.00
8370,4.00
1070,2.00
1071,7.00
1072,514.00
1073,210.00
1074,9.00
1075,7.00
1076,3.00
1077,3.00
1078,2.00
1080,8045.00
1081,2.00
1082,6.00
1083,54.00
1084,4.00
1087,4.00
1089,5.00
1090,2.00
1091,10.00
1831,6.00
1094,4.00
1095,6.00
1096,14.00
1098,4.00
1099,1.00
1100,7.00
8220,5.00
34,5.00
1106,23.00
1107,2.00
1109,4.00
1110,11.00
185,1.00
1112,3.00
1114,3.00
1115,6.00
1116,3.00
1118,35.00
1122,10.00
8379,4.00
1125,905.00
1126,5.00
1127,22.00
1130,2.00
1133,6.00
1136,4.00
1137,3.00
1141,11.00
1147,11.00
1148,27.00
1149,8.00
1151,4.00
1153,8.00
1155,17.00
1157,60.00
1159,71.00
1160,17.00
1161,3.00
1163,7.00
194,7.00
1167,4.00
1168,24.00
1169,5451.00
1171,4.00
1174,5.00
1175,4.00
1176,5.00
1177,21.00
1179,3.00
1180,14.00
1182,41.00
1183,12.00
1184,8.00
1185,3.00
1186,12.00
1187,25.00
1188,5.00
1189,1.00
1191,39.00
1193,10.00
1194,66.00
1196,3.00
1197,7.00
1200,3.00
200,5.00
1202,3.00
1207,8.00
1208,2.00
1210,4.00
1212,6.00
1213,34.00
1214,41.00
1215,22.00
1216,7.00
1218,19.00
1219,7.00
1221,37.00
1223,3.00
1224,2.00
1226,4.00
1227,1.00
205,3.00
1232,2.00
1234,1.00
1235,6.00
1236,1.00
8398,4.00
1238,1.00
1239,5.00
1240,6.00
1242,12.00
1243,51.00
1244,1570.00
1245,1.00
1246,4.00
1573,1.00
1249,3.00
1250,5.00
1252,1.00
1253,34.00
8401,8.00
1256,13.00
1257,5.00
1258,4.00
8498,2.00
1260,5.00
210,9.00
1264,17.00
1265,4.00
1266,33.00
1267,6.00
1268,2.00
1269,1.00
1270,5.00
1271,8.00
1274,6.00
1275,8.00
1279,11.00
1280,12.00
1281,6.00
1282,40.00
1284,18.00
1286,4.00
1287,13.00
1288,14.00
13,2.00
1290,4.00
1291,3.00
1292,3.00
1294,1.00
1296,3.00
1297,6.00
1298,41.00
1300,75.00
1301,6.00
8409,1.00
1305,14.00
1307,3.00
1308,2.00
1309,17.00
1310,20.00
8227,6.00
1315,4.00
1316,14.00
1317,32.00
1318,8.00
1320,51.00
1322,14.00
1324,8.00
1327,4.00
1328,3.00
1330,6.00
8414,6.00
1334,5.00
1336,226.00
1337,3.00
223,2.00
1340,2.00
1341,1.00
1343,6.00
1344,2.00
1345,32.00
1346,13.00
2533,1.00
1352,47.00
1353,12.00
1355,1.00
1356,4.00
226,8.00
1360,124.00
1361,6.00
1362,9.00
1363,10.00
1366,11.00
1367,7.00
1370,25.00
1372,1.00
1375,5.00
1377,13.00
1378,11.00
1379,2539.00
1380,3.00
230,9.00
1382,9.00
1383,2.00
1384,1.00
1386,4.00
1389,12.00
1390,132.00
1391,3.00
1392,5.00
1393,2.00
1395,4.00
1396,1.00
1398,94.00
233,17.00
592,14.00
1402,4.00
1403,146.00
1404,2.00
234,4.00
1406,1.00
1407,1.00
2737,2.00
1409,5.00
1410,1.00
1411,1.00
1412,19.00
1413,19.00
1414,3.00
1417,1.00
1418,98.00
1420,4.00
1421,4.00
1422,1.00
1423,10.00
1424,1.00
1425,10.00
1427,7.00
1429,5.00
1430,42.00
1432,13.00
1433,17788.00
1434,7.00
8431,1.00
1437,1.00
1438,10.00
1439,8.00
1440,154.00
240,4.00
1442,11.00
1443,31.00
1444,3.00
1446,33.00
1447,6.00
1448,83.00
1449,4.00
1451,5.00
1452,41.00
1453,19.00
1454,109.00
1457,7.00
1459,2.00
1461,6.00
8232,7.00
1464,3.00
1468,4.00
1469,12479.00
1471,1.00
1472,33.00
1474,2.00
5381,3.00
1476,16.00
246,27.00
2977,1.00
1480,5.00
1481,21.00
1482,4.00
1483,2.00
1486,2.00
1487,10.00
1488,2.00
1489,4.00
1491,56.00
1492,2.00
1493,7.00
1494,149.00
1495,57.00
8458,4.00
1497,25.00
1498,34.00
1506,12.00
1511,3.00
2778,1.00
1513,7.00
1514,28.00
1515,1.00
1516,18.00
1518,1.00
1520,6769.00
1521,4.00
1522,15.00
8234,11.00
1526,133.00
1528,32.00
1529,10.00
1530,53.00
1531,2.00
1532,5.00
1533,4.00
1534,6.00
1536,3.00
256,4.00
1540,69.00
1541,5.00
1542,3.00
1543,6.00
1544,25.00
1549,1.00
8139,7.00
1552,1.00
1553,59.00
259,6.00
1556,6.00
1557,1.00
1560,66.00
1563,3.00
1565,7.00
1566,4.00
1568,1.00
1569,30123.00
1570,43.00
8454,16.00
1574,31.00
1576,32.00
1578,5.00
1579,12.00
1583,1.00
1584,2.00
1585,129.00
1586,5.00
1588,75.00
1589,7.00
1594,3.00
1595,5.00
1597,7.00
1598,23.00
1599,4.00
1601,57.00
1602,3.00
1604,8.00
1605,22.00
1606,25.00
1607,4.00
1609,5.00
1610,5.00
1611,3.00
1613,38.00
1614,15.00
1615,18.00
1616,7.00
1617,8.00
1618,3.00
1620,40.00
1621,7.00
1623,176.00
1624,2.00
1625,3.00
1626,3.00
1627,52.00
1628,2.00
1631,67.00
327,9.00
1636,26.00
1637,93.00
1638,26.00
8465,1.00
1642,4.00
1639,10.00
1644,88.00
274,1.00
1646,29.00
1647,11.00
1648,28.00
1650,25.00
552,1.00
1653,27.00
1654,38.00
1655,41.00
1656,152.00
276,9.00
1660,4.00
1662,11.00
1663,42.00
1664,4.00
1666,2.00
1669,1.00
1671,5.00
1672,13.00
1673,16.00
1674,1.00
1675,8.00
1676,7.00
1645,3.00
1680,8.00
1682,4.00
1685,14.00
1686,1.00
8473,70.00
1688,6.00
1692,5.00
1693,34.00
1697,10.00
8631,1.00
1699,7.00
1700,4.00
1701,3.00
1702,2.00
1704,3.00
284,7.00
1708,5.00
1710,2.00
1713,75.00
1714,13.00
1715,1253.00
1717,4.00
1718,9.00
1722,5.00
1723,4.00
1724,4.00
1725,9.00
8480,4.00
1730,7.00
1731,9.00
1732,85.00
1735,437.00
384,6.00
1737,5.00
1738,12.00
1739,7.00
1741,3.00
1742,35.00
1744,1.00
8483,5.00
1748,3.00
1749,5.00
1750,24.00
1751,16.00
1754,101.00
1755,11.00
1756,2.00
1759,5.00
1760,6.00
1762,9.00
1763,9.00
1766,1.00
1767,37.00
1769,6.00
1771,2.00
1772,50.00
1773,3.00
1774,5.00
1775,27.00
1776,63.00
1778,11.00
1779,1.00
1781,1.00
1782,5.00
8489,5.00
1784,9.00
8680,1.00
1786,8.00
1787,4.00
1789,2.00
605,2.00
1791,9.00
1793,47.00
1794,40.00
1795,10.00
1798,8.00
1799,6.00
1803,9.00
1805,29.00
1806,8.00
1807,48.00
1808,6.00
1809,21.00
1810,130.00
1812,274.00
1813,8.00
1814,56.00
1815,6.00
1817,4.00
1818,15.00
1820,6.00
1821,7.00
1823,5.00
1825,2.00
1826,10.00
1827,3.00
1829,19.00
1830,84.00
305,23.00
1832,6.00
1833,3.00
1836,1.00
1837,68.00
1839,451.00
1840,1.00
1841,11.00
1842,4.00
1844,7.00
1845,7.00
1848,9.00
1849,16.00
1851,6.00
1852,12.00
1853,100.00
1855,7.00
1859,84.00
1860,543.00
1861,11.00
1862,16.00
1864,4.00
1865,18.00
1866,32.00
62,2.00
1869,7.00
1872,23.00
1873,41.00
1874,2.00
1876,21.00
1878,2.00
1880,20.00
1881,5.00
1882,2.00
1884,6.00
314,75.00
1886,2.00
1888,5.00
1889,2.00
1891,2.00
1892,269.00
1893,15.00
1895,3.00
1896,7.00
1897,1.00
1898,4.00
1900,55.00
1902,17.00
1905,180.00
1906,9.00
1907,8.00
318,2.00
1912,4.00
1913,52.00
1914,1.00
1915,12.00
1916,26.00
1921,6.00
1923,40.00
1925,3.00
1926,10.00
1927,14.00
3883,2.00
1687,26.00
1936,267.00
1937,3.00
1939,6.00
1940,11.00
1941,2022.00
1943,81.00
1944,9.00
1945,1129.00
1947,7.00
1948,12.00
1949,2.00
1950,89.00
1951,67.00
1952,2.00
1954,13.00
8518,8.00
1959,45.00
1962,9.00
1963,9.00
1964,6.00
1965,9.00
1967,9.00
1968,119.00
8520,12.00
1970,6.00
1971,12.00
1972,4.00
1975,10.00
1978,8.00
1981,6.00
1984,2.00
1987,5.00
1988,1.00
1989,9.00
1992,2.00
1993,24.00
1997,2.00
1998,30.00
1999,15.00
2001,8.00
2002,10.00
2003,8.00
2004,9.00
2005,22.00
2006,5.00
2007,21.00
2008,7.00
2010,2.00
2012,2.00
2014,3.00
2016,11.00
2017,1.00
2019,6.00
2020,656.00
2022,362.00
2025,3.00
2026,5.00
2028,3.00
2030,4.00
2031,7.00
2032,3.00
2035,1.00
2036,688.00
2037,2.00
2042,14.00
2046,3353.00
2047,58.00
2050,1109.00
2051,39.00
2053,2.00
2054,5.00
2057,4.00
8535,1.00
2061,2.00
2062,4.00
2065,7.00
2066,2.00
2067,39.00
2069,35.00
2070,42.00
2071,2.00
2074,14.00
2075,12.00
2077,3.00
2078,8.00
341,2.00
2080,176.00
2081,15.00
2082,5.00
2083,2.00
2084,1.00
2085,151.00
2086,7.00
2087,5.00
2088,6.00
2089,19.00
2090,8.00
2091,5.00
2092,15.00
2093,33.00
2094,29.00
2096,2.00
2097,3.00
2098,2.00
2099,13597.00
2100,1.00
2102,7.00
2104,60.00
2106,112.00
2107,80.00
2109,14.00
2110,10.00
2112,48.00
2113,1.00
2116,5.00
2117,17.00
2119,18.00
2120,19.00
2122,2.00
2123,6.00
2125,13.00
2127,9.00
2128,24.00
2130,33.00
2131,6.00
2136,3.00
2138,3.00
2141,7.00
2142,21.00
2143,5.00
2144,10.00
2145,18.00
2146,8957.00
2148,11.00
2150,1.00
2153,12.00
8197,5.00
2157,9.00
2159,20.00
2161,7.00
2164,16.00
2166,9.00
2167,52.00
2168,6.00
2169,9.00
2170,7.00
2171,2.00
2172,2.00
2173,17.00
2174,2.00
2175,2.00
2177,11.00
2178,2.00
2180,17.00
2181,3.00
2183,8.00
2186,11.00
2187,1.00
2189,14.00
2190,3.00
2192,4.00
2193,5.00
2195,19.00
2196,100.00
2198,44.00
2199,48.00
2202,28.00
2203,9.00
2206,97.00
2207,5.00
2208,4.00
8560,17.00
2210,10.00
2211,9.00
2213,3.00
2214,3.00
2215,16.00
2216,9.00
2217,1.00
2218,1.00
2219,9.00
8562,5.00
2222,4.00
271,6.00
2224,8.00
2225,26.00
2226,7.00
2227,13.00
2230,14.00
2232,23.00
2233,48.00
2234,6.00
2235,19.00
2236,1.00
2237,10.00
2238,1.00
2240,4.00
2241,62.00
8830,1.00
2244,28.00
2247,70.00
2248,4.00
2250,1.00
2251,3.00
2252,2.00
2254,2.00
2257,17.00
2258,16.00
2259,9.00
2260,1.00
2262,21.00
377,1.00
2264,8.00
2266,5.00
2267,20.00
2268,5.00
2269,12.00
2270,18.00
2271,4.00
2274,2.00
8571,1.00
2277,1440.00
2279,12.00
2281,13.00
2282,6.00
2285,189.00
2286,15.00
2287,4.00
2288,27.00
3895,3.00
2290,1.00
2295,5.00
2296,19.00
2298,1.00
2301,15.00
2305,32.00
2306,71.00
2307,6.00
2308,82.00
2309,27.00
2310,1.00
2311,3.00
2312,4.00
2313,10.00
2314,24.00
2315,3.00
8578,5.00
77,2.00
2319,29.00
2320,29.00
2321,16.00
2322,100.00
387,5.00
388,171.00
2330,40.00
2331,6.00
2332,2.00
2333,188.00
2334,54.00
8581,7.00
2336,18.00
2337,8.00
2338,46.00
2339,66.00
8534,1.00
2342,337.00
2343,3.00
2344,1.00
2345,119.00
2346,12.00
2347,9.00
2349,1.00
2351,4.00
2352,36.00
2356,3.00
3889,2.00
2358,22.00
2361,83.00
2363,4.00
2364,4.00
2365,127.00
2366,1.00
2368,12.00
2369,18.00
2370,1.00
2371,5.00
2372,60.00
2373,3.00
2374,6.00
2375,5.00
396,10.00
2381,4.00
2382,42.00
8589,11.00
2385,4.00
7990,1.00
2389,25.00
2390,2.00
2391,41.00
2392,2.00
2393,2.00
2394,5.00
2396,2.00
2397,4.00
2399,30.00
2400,22.00
2403,17.00
2404,61.00
2406,6.00
2407,29.00
2408,74.00
2414,9.00
2415,10.00
2418,1.00
2420,1587.00
2422,67.00
2423,44.00
2428,1.00
2429,4.00
2430,14.00
2431,3.00
2432,11.00
2433,116.00
2434,77.00
2435,28.00
2436,7396.00
2437,21.00
2438,44.00
2440,13.00
2441,4.00
2442,18.00
407,1.00
2445,3.00
2446,2.00
2447,2.00
2448,7.00
2449,14.00
2450,5.00
2451,7.00
2452,28.00
2453,8.00
2454,166.00
2456,16.00
2457,9.00
2458,7.00
2459,1.00
2460,11.00
2461,221.00
2463,17.00
2467,19.00
2469,16.00
2472,7.00
412,13.00
2475,2.00
2477,43.00
2479,60.00
2482,3.00
2485,11.00
2486,1.00
2487,36.00
2488,9.00
2489,2.00
2490,2.00
2491,8.00
2496,15.00
8608,6.00
2498,9.00
71,3.00
2503,13.00
2504,192.00
2506,4.00
1783,1.00
2508,10.00
2509,10.00
2510,5.00
2511,7.00
2512,5.00
8267,8.00
3763,2.00
2517,3.00
2518,2.00
2519,46.00
2520,17.00
2523,17.00
8613,14.00
84,1.00
344,1.00
2531,8.00
2532,80.00
422,2.00
2535,2.00
2536,44.00
2539,1.00
2540,14.00
630,1.00
2542,4.00
2543,4.00
8268,1.00
2545,10.00
2549,48.00
2550,23.00
2552,2.00
2554,11.00
2556,21.00
2557,6.00
2558,84.00
2559,17.00
2560,9.00
2561,5.00
427,14.00
2566,12.00
2567,39.00
2568,7.00
8620,4.00
2571,5.00
2574,39.00
8621,4.00
2576,9.00
2577,2.00
2579,1.00
2582,18.00
2583,2.00
2584,6.00
2585,13.00
2586,12.00
2587,3.00
2588,5.00
2589,4.00
2591,1.00
2592,22.00
2593,26.00
2594,10.00
2595,45.00
2596,4.00
2597,7.00
2598,11.00
2602,6.00
434,8.00
2606,7.00
2609,35.00
2610,254.00
2612,4.00
2613,2.00
2614,2.00
2615,37.00
2616,26.00
2617,3.00
2618,23.00
2619,54.00
2620,6.00
2621,14.00
2622,810.00
2624,1.00
2625,6.00
2628,3.00
2629,10.00
7265,9.00
2632,37.00
2633,1.00
2634,1249.00
2635,40.00
2637,1.00
2638,4.00
2640,3.00
440,12.00
2645,33.00
2646,5.00
2647,3.00
2648,19.00
2652,47.00
8634,2.00
2655,14.00
2656,8.00
2657,3.00
2658,4.00
2659,13.00
2660,94.00
2661,240.00
2662,19.00
2664,8.00
2665,5.00
2666,44.00
2667,102.00
2668,11.00
2669,21.00
2671,2.00
2672,3.00
2673,24.00
5255,2.00
2675,2.00
2676,68.00
2677,1.00
2678,21.00
2679,11.00
2681,18.00
2682,10.00
2685,6.00
2688,30.00
2691,566.00
2692,15.00
2693,93.00
2695,2.00
2696,11.00
2697,2.00
2698,9.00
2699,5.00
2700,59.00
2701,7.00
2702,18.00
2703,24.00
2704,4.00
2705,3.00
2706,8.00
8643,9.00
2709,31545.00
2712,207.00
2714,160.00
2715,5.00
2717,9.00
2719,2.00
2720,1.00
2722,4.00
2723,6.00
454,1.00
2726,20.00
2727,1.00
2729,22.00
2731,83.00
2732,1.00
2733,77.00
2735,19.00
2736,19.00
456,14.00
2738,74.00
2745,6.00
2747,1.00
2748,6.00
2749,59.00
2754,7.00
2755,8.00
2756,31.00
2757,13.00
2761,8.00
2762,173.00
2764,41.00
2765,148.00
461,34.00
2768,2.00
2770,4.00
2771,6.00
2772,11.00
462,6.00
2774,9.00
2776,3.00
1729,3.00
463,55.00
2780,29.00
2781,12.00
2783,98.00
2784,13.00
464,20.00
2786,566.00
2791,4.00
2792,15.00
2794,4.00
2795,3.00
2798,2.00
2804,1989.00
2807,10.00
2810,6.00
2811,18.00
2813,1029.00
2815,9.00
2818,1.00
2819,3.00
2820,1.00
2823,5.00
2825,2.00
2826,4.00
2827,6.00
2828,5.00
2833,2.00
2834,3.00
2835,44.00
2837,27.00
2838,3.00
2839,3.00
2840,3.00
2841,2.00
2842,11.00
2843,1.00
2844,12.00
2845,7.00
2846,7.00
2847,2.00
2848,49.00
2851,7.00
2852,132.00
2853,2.00
2854,340.00
2855,8.00
2857,50.00
2858,5.00
2860,7.00
2861,1.00
2862,16.00
2863,3.00
2865,3.00
2867,3.00
2868,21.00
2869,13.00
2871,1.00
2872,19.00
2873,5.00
8279,2.00
2875,2.00
2876,1.00
2877,12.00
2878,4.00
2879,1.00
8672,4.00
2882,2.00
2883,3.00
2884,2.00
2885,9.00
2887,8.00
2888,5.00
2889,41.00
2890,4.00
2892,4.00
2894,19.00
2897,2.00
2899,14.00
2900,1.00
2901,11.00
2902,32.00
2904,2.00
484,5.00
2908,11.00
2909,14.00
2911,1.00
2912,33.00
2913,6.00
2914,199.00
486,5.00
2920,5.00
2923,14.00
2924,1.00
2925,2.00
2926,9.00
2927,2.00
2929,13.00
2930,22.00
2932,22.00
2934,8047.00
2938,2.00
2940,2.00
2941,83.00
2942,4.00
2945,4.00
2946,2.00
2947,1.00
2949,2.00
2950,25.00
8803,7.00
8684,4.00
2954,3.00
2955,1.00
2956,6.00
2957,15.00
2961,5.00
2963,71.00
2964,1.00
2966,3.00
2969,58.00
2970,3870.00
2971,1.00
2972,1.00
2973,36.00
2975,20.00
2976,155.00
496,18.00
2978,4.00
2979,16.00
2980,11.00
2981,4.00
2982,48.00
4593,3.00
2985,1.00
2987,113.00
2988,25.00
2989,5.00
2990,14.00
645,5.00
2993,5.00
2994,7.00
2995,247.00
2996,4.00
2998,11.00
2999,30.00
3001,5.00
3004,1.00
3005,2.00
3007,16.00
3008,6.00
100,2.00
3010,2.00
3013,18.00
3014,3.00
3015,7.00
3017,9.00
3018,4.00
4599,6.00
3021,8.00
3022,44.00
3025,43.00
3026,4.00
3028,77.00
505,7.00
3034,9.00
3035,131.00
3037,26.00
3038,46.00
3039,4.00
3040,14.00
3041,22.00
3042,1.00
3043,9.00
3045,16.00
3046,378.00
3047,3.00
3049,7.00
3050,8.00
3052,9.00
3053,2.00
3054,5.00
3060,2.00
510,3.00
3062,23.00
3064,13.00
3066,3.00
8703,9.00
3070,1.00
3071,14.00
3072,134.00
8704,2.00
3074,15.00
3075,176.00
3076,61.00
3077,2.00
3078,2.00
3081,2.00
3082,20.00
3083,3.00
514,29.00
3086,3.00
3089,41.00
3091,7.00
3094,37.00
3095,5.00
3096,43.00
3097,5.00
3098,2.00
3099,1.00
3101,215.00
3102,21.00
3103,38.00
3104,7.00
3105,2.00
3106,11.00
3109,43.00
3110,3.00
3111,1.00
3112,122.00
3114,16.00
8711,18.00
3116,43.00
3117,563.00
3120,3.00
3122,2.00
3123,19.00
3124,1.00
3126,3.00
3127,7.00
8833,5.00
3129,14.00
3130,33.00
3131,5.00
3133,1.00
3135,3.00
3136,8.00
3137,3.00
3138,2.00
3139,41.00
3140,3.00
3143,4.00
524,26.00
3146,11.00
3147,7.00
3152,2.00
3155,93.00
3157,5.00
3158,37.00
3159,6.00
3160,2.00
3161,8.00
3163,10.00
3164,5.00
3165,67.00
3167,2.00
3168,47.00
3169,1.00
3170,76.00
3171,27.00
3172,19.00
3173,282.00
3174,2.00
3175,23.00
3178,6.00
3179,3.00
3181,1.00
3182,83.00
3183,1.00
3189,4.00
3191,18.00
3192,1.00
532,2.00
3263,6.00
3196,9.00
3198,12.00
3199,15.00
3201,16.00
3203,5.00
3205,6.00
3206,8.00
3209,1.00
3210,41.00
3211,8.00
3212,6.00
3213,1.00
3214,26.00
3215,1.00
3218,18.00
8253,5.00
3220,1.00
3222,19.00
3223,1.00
3225,2.00
3229,11.00
3230,5.00
3231,141.00
3232,70.00
3233,2.00
3235,17.00
3236,2.00
3237,5.00
3239,1.00
3240,20.00
3241,120.00
3243,1.00
3244,6.00
3245,21.00
8733,34.00
3248,6.00
3250,7.00
3251,1105.00
3253,18.00
3256,3.00
3257,29.00
3259,5.00
3261,2.00
3262,56.00
1909,12.00
3265,2.00
3266,3.00
3267,19.00
3269,32.00
3273,10.00
3275,9.00
3276,14.00
3277,2.00
8838,5.00
3279,9.00
3281,17.00
3282,4.00
3283,485.00
3284,1528.00
3286,12.00
3287,24.00
3288,6.00
3289,3.00
3290,4.00
3291,60.00
3292,17.00
3293,1201.00
3295,2.00
3383,8.00
3298,183.00
3299,40.00
3301,18.00
3304,4.00
3305,42.00
3306,1.00
3310,12.00
3312,9.00
3313,27.00
3314,3.00
3315,17.00
3316,11.00
3318,21.00
553,3.00
3322,7.00
3323,14.00
554,7.00
3326,22.00
3328,2.00
3330,29.00
3331,5.00
3333,3.00
3335,9.00
3337,26.00
3338,166.00
3339,18.00
3340,21.00
3342,147.00
3343,12.00
3346,17.00
3348,5.00
3349,13.00
3351,3.00
3352,29.00
3353,18.00
3354,5.00
559,2.00
3356,2.00
3358,2.00
3360,45.00
8752,9.00
3362,86.00
3364,10.00
3365,5.00
3367,44.00
3370,8.00
3371,2.00
3372,1.00
3374,1.00
3375,3.00
3376,63.00
3623,3.00
3378,5.00
3379,6.00
3381,108384.00
1929,8.00
3387,15.00
3388,23.00
3389,54.00
3390,92.00
3391,1.00
3393,5.00
3394,137.00
1931,10.00
3396,7.00
3397,1.00
3398,46.00
3297,3.00
3401,1.00
1477,2.00
3403,226.00
3406,186.00
3407,1.00
3410,6.00
3411,1.00
3414,1.00
569,2.00
3417,2.00
3419,12.00
8762,2.00
3423,15.00
3424,51.00
3425,2.00
3426,1.00
3427,5.00
3428,2.00
3429,1.00
3431,41.00
3433,10.00
3434,3.00
3436,5.00
3439,12.00
3441,12.00
3442,37.00
3443,5.00
3444,9.00
574,14.00
3447,263.00
3449,300.00
3450,9.00
3453,13.00
3455,12.00
3462,21.00
3465,9.00
3466,18.00
3468,24.00
3470,4.00
3472,7.00
3473,4.00
3477,25.00
3479,24.00
3480,34.00
580,2.00
3482,26.00
3483,3.00
3485,3.00
3486,8.00
581,3.00
3488,115.00
3489,101.00
3490,10.00
3492,24.00
3493,10.00
3495,24.00
3496,8.00
3497,9.00
3499,79.00
3500,4.00
3502,3.00
3505,27.00
3507,27.00
3512,49.00
3513,32.00
3516,7.00
190,6.00
3518,191.00
3519,15.00
3521,1.00
3522,1.00
3523,6.00
3524,4.00
3525,28.00
3526,3.00
3527,148.00
3529,10.00
3530,5.00
3532,7949.00
3533,78.00
3534,4.00
3536,14.00
3537,9.00
3539,14.00
3541,4.00
3542,1.00
3543,1.00
3545,28.00
3546,131.00
3547,6.00
3548,4.00
3549,1.00
3550,354.00
3551,84.00
3552,3.00
3553,15.00
3554,12.00
3555,20.00
3557,13.00
3559,75.00
3560,35.00
3561,110.00
3562,37.00
3563,4.00
3564,4.00
3565,2.00
3566,1.00
3567,51.00
3568,5.00
3569,8.00
3570,93.00
3571,9.00
3572,6.00
3573,13.00
3574,17.00
3581,79.00
3584,15.00
3585,22.00
3587,4.00
3589,22.00
3590,9.00
3594,7.00
8791,4.00
3597,253.00
3598,6.00
3599,90.00
3600,7.00
3602,21.00
3607,17.00
3608,13.00
3609,12.00
3611,240.00
3616,49.00
3617,7.00
3620,12.00
3621,17684.00
3622,6.00
1969,9.00
3625,9.00
3626,1.00
8547,5.00
3628,12.00
3630,313.00
3631,7.00
3632,18.00
3634,2.00
3635,9.00
3636,16.00
8798,14.00
3639,4.00
3640,4.00
3641,93.00
3642,3.00
607,6.00
3644,12.00
3645,3.00
3646,35.00
3647,4.00
608,1.00
3651,3.00
3653,1.00
3654,9.00
3655,238.00
3656,33.00
3657,4.00
3395,6.00
6071,6.00
3660,13.00
3661,11.00
3663,12.00
3664,8.00
3665,19.00
3666,5.00
3667,12.00
3669,12.00
92,5.00
3671,4.00
3672,3.00
3673,217.00
3674,13.00
3675,2.00
3676,3.00
3677,2.00
3679,1026.00
3681,2.00
3682,2.00
8806,8.00
3687,2.00
3690,4.00
615,13.00
3693,2.00
3694,1.00
3695,1.00
616,8.00
3698,2.00
3699,1.00
3700,5.00
3702,5.00
8809,4.00
3704,8.00
3706,1072.00
3707,17.00
3708,1.00
3709,16.00
3710,4766.00
3711,6.00
3712,3.00
3713,1.00
3717,51.00
3720,1.00
620,44.00
3722,28.00
3723,3.00
3724,2.00
3725,4.00
3728,4.00
3729,31.00
3730,2.00
3731,1.00
3732,13.00
3733,5.00
3734,10.00
3740,4.00
3742,1.00
3743,22.00
3745,4.00
3746,6.00
3747,5.00
3749,4.00
3750,123.00
8817,1.00
3752,13.00
3753,2.00
3755,11.00
3757,22.00
3759,3.00
3760,16.00
3762,100.00
627,4.00
3766,41.00
3767,1.00
3768,5.00
3770,38.00
3771,16.00
3773,41.00
3774,7.00
3775,5.00
3777,16.00
3779,26.00
3780,5.00
3781,8.00
3783,3.00
3784,4.00
3785,24.00
3786,5101.00
3787,4.00
3790,5.00
3791,1.00
3792,246.00
8824,9.00
3795,26.00
3796,9.00
3798,3.00
3801,3.00
3802,11.00
3803,38.00
3805,6.00
3807,257.00
3808,9.00
3809,69.00
3810,9.00
3811,27.00
3813,36.00
3814,4.00
3815,5.00
636,4.00
3819,2.00
3820,4.00
3821,1.00
3823,2.00
3824,3.00
3826,11.00
3827,10.00
3828,4.00
3829,14.00
3831,1.00
3833,7.00
3835,5.00
3836,10.00
3837,4.00
3839,2.00
3840,14.00
3844,1.00
3845,2.00
3847,309.00
3848,24.00
3849,1.00
3850,15.00
3852,7.00
3855,25.00
3857,63.00
3859,2.00
3861,28.00
3862,37.00
3867,6.00
3868,2.00
3870,7.00
3871,156.00
3874,16.00
3876,514.00
3877,55.00
3878,1.00
3377,5.00
3882,10.00
647,2.00
3884,3.00
3885,1.00
3886,38.00
3888,2576.00
8840,17.00
3890,9.00
3891,31.00
3892,38.00
8841,5.00
3897,72.00
3898,61.00
3899,59.00
3900,2.00
3902,12.00
3903,43.00
651,7.00
3908,3.00
3913,1.00
3915,1.00
3916,26.00
3917,20.00
3919,7.00
3921,28.00
3923,21.00
3924,2.00
3926,1.00
3927,56.00
3928,43.00
8847,2.00
3932,2.00
517,43.00
3935,3.00
3936,6.00
8848,4.00
3939,1850.00
3941,20.00
3942,3.00
8849,1.00
3944,3.00
3946,7.00
408,2.00
3949,10.00
3951,28.00
3952,30.00
3953,6.00
3954,44.00
3955,2.00
3956,2.00
3958,72.00
3960,19.00
3962,3.00
3964,5.00
3966,39.00
8537,3.00
2541,1.00
3969,12.00
3970,11.00
3971,48.00
3972,3.00
3974,1.00
3975,5.00
3977,2.00
3979,41.00
3980,25.00
3981,10.00
3982,32.00
3983,1.00
8856,32.00
3986,8.00
3987,21.00
3988,4.00
3992,13.00
3993,5.00
3996,3.00
3997,22.00
3998,4.00
4000,4.00
4002,36.00
4003,12.00
4004,11.00
4006,22.00
4007,1.00
4008,9.00
4009,4.00
4011,52.00
4013,15.00
4014,3.00
4015,5.00
4017,36.00
4018,6.00
4019,7.00
4021,3.00
4024,2.00
4026,30.00
4028,4.00
4030,18.00
845,4.00
518,5.00
4033,10.00
4034,11.00
4036,4.00
4037,25.00
4226,12.00
673,4.00
4043,3606.00
4044,9.00
4045,6.00
4046,3.00
4048,362.00
4049,2.00
4050,1.00
4053,60.00
4056,16.00
4057,50.00
4058,1.00
4059,375.00
4061,10.00
4062,6.00
4065,3.00
4066,5.00
4067,9.00
4069,4.00
4070,491.00
4074,6.00
4075,4.00
4077,12.00
4080,19.00
4083,533.00
4084,30.00
4086,21.00
4087,5.00
4088,2.00
4089,4.00
4092,2.00
4094,2.00
4095,4.00
4096,10.00
4099,97.00
4100,3.00
4102,52.00
4103,9.00
4105,1.00
4106,6.00
3415,2.00
4108,4.00
955,2.00
4111,30.00
4112,5.00
4113,7.00
4114,1.00
4116,172.00
4117,44.00
4120,15.00
4123,48.00
4124,2.00
4125,1.00
3115,2.00
4127,1.00
4128,38.00
4130,23.00
4132,4.00
4133,6.00
4134,1.00
4135,9.00
8321,5.00
4137,39.00
4138,6.00
4139,14.00
4142,1902.00
4144,7.00
4145,2.00
4146,13.00
4149,20.00
4151,1.00
4153,1.00
4154,12.00
4155,117.00
4157,3.00
4159,1.00
4160,16.00
4163,9.00
4164,4.00
4165,2.00
4166,10.00
4167,6.00
4170,2.00
4171,7.00
4173,120.00
4174,2.00
696,1.00
4178,14.00
4180,48.00
4184,10.00
4185,2.00
4186,18.00
4188,2.00
4190,9.00
4191,33.00
4192,7.00
4194,2.00
4195,1415.00
4196,1.00
4200,6.00
4202,7.00
4204,8.00
4206,12.00
4208,29.00
4209,11.00
4210,15.00
4211,5.00
4213,2.00
4216,4.00
4219,2.00
4220,132.00
4223,2.00
4224,14.00
4225,10.00
361,3.00
4231,6.00
4233,1.00
4234,63.00
4237,10.00
4238,3.00
4239,14.00
4240,10.00
4241,7.00
4242,76.00
414,3.00
4247,4.00
4248,8.00
4252,14.00
4254,3.00
4257,17.00
4258,35.00
4260,58.00
4263,4.00
4265,12.00
4266,2.00
4267,19.00
4268,7.00
4270,1.00
4271,3.00
4272,37.00
4273,8.00
4274,6.00
4275,18.00
4276,8.00
4277,1.00
4278,1.00
4279,19.00
4281,8.00
4282,75.00
4283,2.00
4285,4.00
4287,39.00
4291,22.00
4292,5.00
4294,11.00
4297,6.00
4299,15.00
4300,1.00
4301,2.00
4302,12.00
4305,4.00
4306,14.00
4308,140.00
4309,47.00
4310,4.00
4311,2.00
4312,7.00
4314,151.00
4317,3.00
4320,27.00
4321,36.00
4322,10.00
4326,12.00
4327,13.00
4328,10.00
4330,3.00
4331,41.00
4334,2.00
4335,5.00
4336,7.00
4337,6.00
4338,22.00
4339,2.00
4341,3.00
4342,20.00
4345,11.00
4348,13.00
4350,7.00
4351,21.00
4353,8.00
4354,10.00
4356,798.00
4357,7.00
4359,2.00
4360,15.00
4361,5.00
4363,1.00
4364,27.00
4366,6.00
4367,8.00
4369,21.00
4370,15.00
4372,3.00
4374,1.00
4377,78.00
4379,6.00
4381,3.00
8602,4.00
4383,14.00
4384,6.00
4386,7.00
4387,5.00
4388,12.00
4389,15.00
4393,17.00
4395,7.00
4396,2.00
733,1.00
4401,4.00
4402,2.00
4403,29.00
4405,30.00
4407,16.00
4410,1.00
4411,5.00
4412,5.00
4414,6.00
4417,7.00
4418,3.00
4419,28.00
4421,15.00
4422,4.00
4426,3.00
4427,89.00
4428,10.00
4429,4.00
4430,4.00
4431,7.00
4433,5180.00
4434,17.00
4435,3.00
4438,1.00
4439,8.00
4440,3.00
4441,31.00
4442,136.00
4447,19.00
4448,3.00
4449,1.00
4450,9.00
4451,43.00
4452,7.00
4453,2.00
8322,1.00
4456,11.00
4457,10.00
4458,4.00
4459,1.00
4461,14.00
4462,7.00
4463,2.00
4464,4.00
4466,62.00
4467,27.00
4468,9.00
4470,54.00
4471,13.00
4472,104.00
4473,9.00
4477,5.00
4478,7.00
4479,12.00
4480,3.00
8730,4.00
4484,26.00
4485,3.00
4487,20.00
4489,20.00
4490,1.00
4495,2.00
4496,4.00
4498,7.00
4500,11.00
4502,6.00
4503,3.00
4504,4.00
4508,3.00
4511,34.00
4512,1.00
4513,1.00
4514,8.00
4515,183.00
139,4.00
4519,10.00
4523,82.00
4525,6.00
4526,3.00
4528,54.00
4529,1.00
4530,16.00
4531,5.00
4533,27.00
4535,7.00
4536,28.00
4537,1.00
4538,29.00
4539,10.00
4540,2.00
4542,12.00
4543,83.00
4544,19.00
4545,18.00
4546,33.00
4547,6.00
4548,2.00
4550,11.00
4551,5.00
4554,11.00
4556,11.00
4557,1.00
4567,20.00
4568,23.00
4569,36.00
4570,87.00
4571,3.00
4573,4.00
4574,2.00
4575,10.00
4576,4.00
4577,226.00
4579,1694.00
4580,7.00
4581,11.00
4582,2304.00
4583,83.00
4584,120.00
4517,4.00
4586,8.00
4587,7.00
4588,2.00
4591,2.00
8609,3.00
4594,1.00
4595,17.00
4597,45.00
4598,3.00
85,2.00
4600,48.00
4601,1.00
4602,12.00
4606,15.00
4609,5.00
4610,2.00
4613,5.00
4615,6.00
4616,2.00
4617,28.00
4619,8.00
4621,4.00
4622,5.00
4624,4.00
4625,6.00
4626,1.00
4627,2.00
4628,5.00
4629,13.00
4631,2.00
4632,1.00
4633,2.00
4634,22.00
4636,101.00
4638,32.00
4640,6.00
4642,6.00
4643,25.00
4644,11.00
4645,8.00
8338,1.00
4647,2.00
4649,55.00
4651,7.00
4652,3.00
4653,2.00
4654,45.00
4655,5.00
4657,23.00
4659,9.00
4660,22358.00
4661,1755.00
4663,13630.00
4664,36.00
2221,3.00
4666,706.00
4669,16.00
4672,3.00
4673,26.00
4674,9.00
4675,63.00
4676,17.00
4677,20.00
4679,21.00
622,1.00
4683,1.00
4684,4.00
4685,1.00
4687,78.00
4689,6.00
4693,3.00
4694,5.00
4696,63.00
4697,8.00
4699,6.00
4700,53.00
4701,12.00
4702,6.00
4703,1.00
4704,6.00
4705,25.00
4707,6.00
4710,11.00
4713,8.00
4714,13.00
304,5.00
4717,2.00
4718,5.00
4719,3.00
4720,287.00
4721,2.00
4723,16.00
4725,3.00
4726,3.00
4728,64.00
4730,8.00
4732,17.00
4734,13.00
4736,26.00
4739,7.00
4742,15.00
4744,1.00
4746,16.00
4748,223.00
4749,9.00
4753,57.00
4754,7.00
4755,2.00
4757,3.00
4759,65.00
4761,6.00
4765,8.00
4768,6.00
4769,4.00
4771,54.00
4772,2.00
8615,1.00
4775,28.00
4776,10.00
4777,4.00
4779,7.00
4780,3.00
4782,34.00
4784,23.00
4785,14.00
4786,4.00
4787,1.00
4789,37.00
4790,3.00
4791,9.00
4792,8.00
4793,12.00
4794,3.00
4795,8.00
4796,3.00
4799,1.00
4801,13.00
4802,6.00
4805,18.00
4807,207.00
4808,243.00
4809,20.00
4810,9.00
4811,5.00
4812,1.00
4814,7.00
4816,2.00
1123,3.00
4818,4.00
4820,4.00
4821,86.00
4822,4.00
4823,10.00
4826,10.00
4827,19.00
4828,27.00
4830,20.00
4831,4.00
4832,24.00
4833,7349.00
4836,1.00
4838,2.00
4841,4.00
4842,4.00
4845,2.00
4846,38.00
4847,2.00
4848,6.00
4851,3.00
4852,11.00
4853,2.00
4855,6.00
4856,62.00
4857,20.00
4858,12.00
4859,7.00
4860,12553.00
4861,13.00
4862,57.00
4863,2.00
4865,13.00
4866,5.00
4867,14.00
4869,55.00
162,2.00
4872,5.00
4873,4.00
4874,93.00
4877,4.00
4882,5.00
4883,676.00
4885,213.00
4886,3.00
4887,6.00
4888,32.00
290,12.00
4891,1.00
4892,1.00
4894,11.00
4895,2.00
4897,7.00
4898,2.00
4899,7.00
4900,9.00
4901,12.00
4903,14.00
4904,8.00
4905,7.00
4906,146.00
4907,3.00
4908,31.00
4909,2267.00
4912,75.00
4919,20.00
4920,3.00
4922,2.00
4923,1.00
4924,9.00
4925,2.00
4926,122.00
4928,6.00
4929,30.00
4930,43.00
4931,12.00
4932,6.00
4933,27.00
4934,2.00
4935,2.00
4936,70.00
4937,16.00
4938,1.00
4939,18.00
4941,4.00
4942,30.00
4943,3.00
4944,3.00
4945,73.00
4946,2.00
4947,11.00
4950,6.00
4951,86.00
4953,114.00
4954,2.00
4956,20.00
4957,13.00
4958,9.00
4960,5.00
4961,6.00
4962,2.00
4963,1.00
4964,9.00
4965,10.00
4966,13.00
4967,2.00
4971,3.00
4972,12.00
4973,55.00
4974,18.00
4975,136.00
4976,6.00
4978,1.00
4981,2.00
4983,13.00
4984,8.00
4985,5.00
4986,21.00
4987,3.00
4989,15.00
4992,26.00
4994,6.00
5000,6.00
5001,14.00
5003,71.00
5004,18.00
5006,261.00
5009,13.00
5010,607.00
5011,1.00
5012,6.00
5013,1.00
5015,27.00
5016,6.00
5018,40.00
5020,2.00
5021,13.00
5022,37.00
5023,2.00
5026,2.00
5027,25.00
5028,6.00
5029,28.00
5030,27.00
5031,2.00
5032,214.00
5033,5.00
5036,73.00
5038,23.00
5039,117.00
5040,30.00
5041,253.00
5042,18.00
5043,9.00
5045,78.00
5050,2.00
5052,4.00
5053,63.00
5055,2.00
5056,3.00
5057,1.00
5059,2.00
5060,13.00
5061,3.00
5064,2.00
5068,1.00
5069,5.00
5070,16.00
8708,3.00
5074,341.00
5075,45.00
5077,21.00
5078,5.00
5079,1.00
5080,19.00
5081,11.00
5082,1.00
5083,7.00
5084,179.00
5086,23.00
5088,6.00
5089,13.00
5091,12.00
5094,1.00
5096,4.00
5097,26.00
5098,8.00
5100,1.00
5101,16.00
5104,2.00
5105,16.00
5106,172.00
5108,2.00
5109,13.00
5110,6.00
5111,14.00
5112,11.00
5113,693.00
5114,2.00
5116,77.00
5118,5.00
5120,132.00
5121,32.00
5122,8.00
5123,41.00
5124,36.00
5127,57.00
5129,4.00
5132,11.00
5135,19.00
5136,24.00
5137,1.00
5138,347.00
5140,32.00
5142,3.00
5143,9.00
5144,2.00
5146,5.00
5147,66.00
5152,891.00
5153,3.00
5154,10.00
5155,46.00
5158,76.00
5159,2.00
5160,6.00
5217,3.00
5162,9.00
5163,24.00
5165,1.00
5169,13.00
5172,16.00
862,8.00
5176,4.00
5178,4.00
5179,105.00
5180,2.00
5181,22.00
5182,3.00
5183,59.00
5185,2.00
5188,9.00
5189,2.00
5192,8.00
5195,17.00
5196,4.00
5197,2.00
5199,87.00
5200,1.00
5202,41.00
1537,1.00
5205,18.00
5206,22.00
5207,30.00
5208,1.00
5210,7.00
5211,33.00
5212,2.00
5213,20.00
8357,12.00
5219,15.00
5221,7.00
5223,11.00
5225,8.00
5226,4.00
5227,5.00
5229,6.00
5230,7.00
5231,4.00
5232,9.00
5233,10.00
5236,85.00
5237,27.00
5240,1.00
5243,2.00
5244,6.00
5245,8.00
323,2.00
5249,3.00
5250,10.00
5253,31.00
5337,6.00
5256,367.00
5257,29.00
5259,21.00
5261,86.00
635,7.00
5265,58.00
5266,2.00
5267,6.00
5269,20.00
5270,215.00
5272,4.00
5274,17.00
5275,6.00
5276,1.00
5277,6.00
5279,5.00
5280,4.00
5281,11.00
5283,7.00
5284,2.00
5288,14.00
5289,22.00
5290,6.00
176,1.00
5294,78.00
5296,4.00
5297,21.00
449,1.00
5299,14.00
5300,2.00
5301,10.00
5303,1.00
5306,1.00
5308,5.00
5310,9.00
5312,2.00
5313,23.00
5314,29.00
5317,5.00
5318,1.00
5322,1.00
5327,20.00
5329,15.00
5330,3.00
5331,8.00
5332,7.00
5334,12.00
7716,21.00
5338,34.00
5341,27419.00
5343,5.00
5344,18.00
5345,19.00
5347,11.00
5348,1.00
5349,5.00
5350,5.00
5351,7.00
5352,1.00
5353,51.00
5355,4.00
5356,30.00
5357,17.00
5358,5.00
5360,10.00
5362,49.00
5363,61.00
5367,5.00
5368,6.00
5369,17.00
5370,9.00
5371,42.00
5372,3.00
5374,5.00
5376,79.00
5377,19.00
5380,3.00
179,33.00
5382,10.00
5383,9.00
5384,1.00
5385,21.00
5386,1.00
5387,6.00
5388,1.00
5389,2.00
5393,9.00
5394,11.00
5395,12.00
5396,19.00
5398,5.00
5401,3.00
5404,1.00
5405,2.00
5406,3.00
901,7.00
5408,126.00
5413,217.00
5414,3.00
5415,7.00
5416,5.00
5417,1.00
5418,8.00
5420,26.00
5421,1.00
5423,40.00
5425,3.00
5427,5.00
5428,26.00
5429,86.00
5430,25.00
5431,6.00
5432,5.00
5433,5.00
5434,2.00
5435,3.00
5439,2.00
5440,17.00
5442,9.00
5443,11.00
5444,1.00
5447,2.00
5455,8.00
5460,7.00
5461,2.00
5463,25.00
5464,3.00
5467,13.00
5468,4.00
5469,1.00
5470,2.00
5472,13.00
5473,3.00
5474,21.00
3643,7.00
5476,4.00
5477,14.00
5479,17.00
5480,5.00
5481,19.00
5482,1.00
5483,7.00
5484,4.00
5485,3.00
5486,5.00
5490,8.00
5494,6.00
5499,5.00
5500,6.00
5501,7.00
5505,11.00
5506,5.00
5507,51.00
5509,38.00
5512,11.00
5513,6.00
5516,28.00
8367,4.00
5518,2.00
5519,3.00
5520,16.00
5523,4.00
5524,57.00
5527,30.00
5528,3.00
5529,2.00
5530,4.00
5531,1.00
5535,45.00
5536,5.00
5537,4.00
5538,5.00
5540,4.00
5542,1.00
5543,16.00
5544,1.00
5545,12.00
1237,2.00
5549,8.00
5550,3.00
5551,6.00
5552,14.00
5555,1.00
5556,73.00
5557,94.00
5558,3.00
5559,19.00
5562,10.00
5564,8.00
5566,11.00
3659,1.00
5572,8.00
5574,12.00
5575,12.00
5576,12.00
5578,4.00
5579,3.00
5580,2.00
5581,1.00
5582,9.00
5583,4.00
5585,28.00
5586,11.00
5590,26.00
5591,2042.00
5595,6.00
5596,53.00
5598,3.00
5599,6.00
5601,13.00
5602,22.00
5603,2.00
5604,3.00
5608,15.00
5609,7.00
5610,21.00
5614,95.00
5618,17.00
5619,7.00
5621,2.00
5625,11.00
5626,9.00
5627,32.00
5628,9.00
5630,10.00
5632,88.00
5633,7.00
5636,3.00
5639,19.00
5642,5.00
5643,41.00
5644,2.00
5647,8.00
5649,2.00
5651,57.00
5654,14.00
5656,5.00
5658,7.00
943,19.00
5662,1.00
5664,35.00
5665,4.00
5666,3.00
5672,16.00
5673,13.00
5674,2.00
5675,8.00
5676,4.00
5677,14.00
5679,3.00
5680,5.00
5681,14.00
5682,5.00
5684,8.00
5685,12.00
5686,20.00
5687,3.00
5688,72.00
5689,41.00
5691,16.00
5692,3.00
5693,2.00
5694,5.00
5696,61.00
5697,19.00
5698,4.00
5701,11.00
5702,9.00
5704,51.00
5706,9.00
5707,1.00
5708,15.00
5709,31.00
5711,5.00
5713,121.00
5716,3.00
5717,11281.00
5718,2.00
5719,3.00
5722,5.00
5724,7.00
5725,29.00
5728,8.00
5729,7.00
5731,8.00
5734,37.00
5736,19.00
5737,18.00
5739,6.00
5742,1.00
5743,8.00
5744,2.00
5747,17.00
5748,9.00
5749,1.00
5750,3.00
5752,17.00
5755,458.00
5756,3.00
5757,4.00
5760,3.00
5761,13.00
5762,14.00
5765,4.00
5769,7.00
5770,9.00
5771,8.00
5772,2.00
5773,96.00
5774,55.00
5775,43.00
5777,60.00
5778,1.00
5781,6.00
5782,1.00
5783,3.00
5786,4.00
5787,78.00
5788,18.00
5789,50.00
5791,9.00
5792,10.00
5794,5.00
5795,2.00
5796,28.00
5798,11.00
5800,37.00
5801,10.00
5803,620.00
5805,3.00
5810,1.00
5812,2.00
5813,27.00
5815,12.00
5816,7.00
5818,47.00
5819,42.00
5820,6.00
5821,111.00
5822,16.00
5823,1.00
5824,32.00
5825,9.00
5826,7.00
5828,19.00
5829,132.00
5831,13.00
5840,13.00
5841,10.00
5842,4.00
5843,11.00
5845,15.00
5846,26.00
5847,15.00
5848,5.00
5850,6.00
5851,13.00
5854,6.00
5855,13.00
5858,230.00
5859,10.00
5862,14.00
5864,15.00
5866,88.00
5867,14.00
5868,15.00
5870,180.00
5871,6.00
5873,3.00
5874,1.00
5875,13.00
5876,1.00
5877,4.00
5878,14.00
5881,6.00
5884,75.00
5887,25.00
5888,44.00
5891,2.00
5892,13.00
5893,4.00
5894,1.00
5896,9.00
5901,13.00
5902,3.00
5903,5.00
5904,5.00
5906,8.00
5907,21.00
5908,56.00
5910,17.00
5911,3.00
5913,2.00
5915,4.00
5916,9.00
5917,1.00
5919,16.00
5921,5.00
197,4.00
5926,6.00
5927,6.00
5928,45.00
5930,5.00
5932,3.00
5933,4.00
5936,20.00
5937,15.00
5938,4.00
5939,29.00
5940,2.00
5944,6.00
5946,7.00
5950,7.00
5951,3.00
5953,10.00
5954,85.00
5955,5.00
5956,14.00
5957,6.00
5958,71.00
5960,3.00
5963,8.00
5964,16.00
5965,67.00
5966,11.00
5968,12.00
5969,10.00
5970,9.00
5971,32.00
5972,4.00
5974,75.00
5976,10.00
5977,22.00
5978,18.00
997,3.00
5984,4.00
5985,11.00
5986,57.00
5988,7.00
5659,2.00
5991,1.00
5992,5.00
5993,2.00
5995,32.00
5996,6.00
5997,10.00
5998,13.00
6000,108.00
6002,10.00
6003,4.00
6005,25.00
6006,15.00
6009,15.00
6010,6.00
1339,5.00
6013,6.00
6016,73.00
6018,3.00
6020,226.00
6021,1702.00
6022,1.00
6023,3.00
6024,98.00
6025,118.00
6026,1.00
6027,7.00
6028,6.00
6029,64.00
8715,2.00
6031,13.00
6032,4.00
6033,11.00
6034,21.00
6036,1.00
6040,6.00
6041,3.00
6043,49.00
6044,60.00
6046,116.00
6047,1.00
6051,5.00
6052,4.00
6056,5.00
8385,10.00
6059,7.00
6060,41.00
6063,8.00
6066,26.00
2377,6.00
6072,8.00
6075,2.00
6080,8.00
6083,9.00
6084,38.00
6085,77.00
6086,4.00
6089,30.00
6090,14.00
6091,1.00
6092,65.00
6094,17.00
6095,9.00
6097,1.00
6100,3.00
6101,13.00
6102,12.00
6104,3.00
6106,695.00
6108,4.00
6110,2.00
6112,7.00
3445,4.00
6117,8.00
6119,2.00
6121,29.00
6122,49.00
6125,7.00
6127,4.00
6128,6.00
6129,10.00
6131,3.00
6134,425.00
6135,1046.00
6136,3.00
6137,16.00
6138,3.00
6139,1.00
6144,33.00
6145,24.00
6146,83.00
8388,3.00
6150,4.00
6152,4.00
6153,13.00
6154,1.00
6155,3.00
6156,5.00
6159,7.00
6161,15.00
6163,23.00
6164,29.00
6165,12.00
6166,6.00
6167,4.00
6168,30.00
6169,3.00
6170,4.00
6173,39.00
6174,17.00
6175,32.00
6176,4.00
6179,33.00
6181,7.00
6182,24.00
6183,8.00
6184,48.00
6185,12.00
6186,72.00
6188,1.00
6189,309.00
6191,1.00
6192,3.00
6193,38.00
6195,221.00
6196,6.00
6198,3.00
6200,5.00
6203,5.00
6208,4.00
6209,7.00
6210,45.00
6212,16.00
6214,6.00
6216,6.00
6217,5.00
6218,1.00
6219,4.00
6220,3.00
6222,2.00
6223,12.00
6224,20.00
6227,88.00
6231,5.00
6233,4.00
6235,18.00
6236,2.00
6237,7.00
6238,73.00
6241,12.00
6243,22.00
6244,1.00
6250,3.00
6251,9.00
6252,3.00
6253,11.00
6254,4.00
6255,17.00
6259,43.00
6260,2.00
6262,2.00
6263,5.00
6265,40.00
6267,1.00
6270,18.00
6272,2.00
6274,17.00
6276,1.00
6277,17.00
6278,9.00
6279,14.00
6280,7.00
6281,8.00
6283,5.00
6284,9608.00
6285,24.00
6286,8.00
6287,1.00
6288,402.00
6290,54.00
6297,11.00
6298,8.00
6299,3.00
6300,10.00
6301,5.00
6302,12.00
6305,4.00
6307,7.00
6310,7.00
6312,5.00
6314,7.00
6315,3.00
6316,26.00
6317,23.00
6319,3.00
6321,29.00
6322,9.00
6323,2.00
6324,1.00
6325,1.00
6327,5.00
6328,1.00
6329,8.00
6331,7.00
6332,4.00
6333,24.00
6335,4.00
6336,96.00
8280,2.00
6338,3.00
6339,9.00
6340,45.00
6342,6.00
6346,11.00
6347,13.00
6348,6.00
6349,4.00
6350,9.00
6351,2.00
6352,153.00
6354,2.00
6356,16.00
6358,8.00
6359,40.00
6360,18.00
6361,40.00
6362,520.00
6363,27.00
6364,5.00
6365,3.00
6366,7.00
6367,11.00
6369,4.00
6371,33.00
6372,56.00
6374,3.00
6375,51.00
6376,7.00
6377,28.00
6378,44.00
6379,5.00
6380,46.00
6381,3.00
6382,8.00
6386,20.00
6387,3.00
6388,80.00
6389,7.00
6390,2.00
6392,1.00
6393,1.00
6394,10.00
6395,27.00
6398,3.00
6401,12.00
6402,9.00
6403,26.00
6404,85.00
6405,121.00
6408,6.00
6409,20.00
6410,4.00
6412,45.00
6414,5.00
6416,17.00
6417,1.00
6418,47.00
6421,10.00
6422,10.00
6424,7243.00
6425,4.00
6426,10.00
6427,6.00
6429,3.00
6431,1.00
6434,14669.00
6436,3.00
6437,9.00
6438,2.00
6439,11.00
6440,82.00
6442,29.00
6444,4.00
6445,13.00
6446,45.00
163,8.00
6450,4.00
6451,11.00
6453,22.00
6454,19302.00
6456,2.00
6457,3.00
6459,11.00
6460,7.00
6461,1.00
6462,1.00
6463,5.00
6465,2.00
6466,7.00
152,1.00
6468,122.00
6469,3.00
6473,3.00
6475,64.00
6476,4.00
6477,9.00
6480,2.00
6481,392.00
6482,2.00
6483,9.00
6484,1.00
6485,9297.00
6486,947.00
6487,24.00
6488,4.00
6490,7.00
6491,4.00
6492,2.00
6493,3.00
6494,3.00
6497,18.00
6501,23.00
6502,11.00
6503,8.00
6504,1553.00
6505,1.00
6506,6.00
6508,48.00
6510,4.00
6511,79.00
6513,142.00
6514,15.00
6515,252.00
316,1.00
6517,3.00
6518,4.00
6519,2.00
6520,9.00
6521,6.00
6522,4.00
6523,7.00
6524,15.00
6526,5.00
6528,26.00
6529,9.00
6530,18.00
6531,15.00
6532,6.00
6533,92.00
6534,63.00
6535,23.00
6536,5.00
6537,13.00
6539,51.00
6540,41.00
6542,204.00
6544,4.00
6545,3.00
6546,20.00
6549,62.00
6551,118.00
218,102.00
6553,28.00
6554,12.00
6555,6.00
6556,4.00
6557,1.00
6558,1.00
6559,9.00
6560,5.00
6561,10.00
6562,10.00
6565,16.00
6566,29.00
6567,4.00
6568,100.00
6570,8.00
6571,7.00
6572,11.00
6573,9.00
6574,18.00
6575,102.00
6576,7.00
6577,39.00
6578,4.00
6579,6.00
6581,5.00
6582,120.00
6583,6.00
6586,4.00
6587,1.00
325,4.00
6591,12.00
8563,6.00
6594,76.00
6595,9.00
6596,5.00
6597,34.00
8403,3.00
6599,10.00
6601,10.00
6603,27.00
6604,29.00
6605,15.00
6607,36.00
6609,2.00
6610,85.00
6611,19.00
6612,1.00
6614,102.00
6615,16.00
6618,1.00
6619,34.00
6620,24.00
6621,4.00
6622,1.00
6623,1.00
6627,16.00
6628,4.00
6629,2.00
6630,8.00
6631,83.00
6632,4.00
6636,4.00
6637,2.00
6638,9.00
6639,2.00
6641,11.00
6642,21.00
6643,2.00
6644,11.00
6645,16.00
6646,7.00
2473,17.00
6648,1.00
5204,2.00
6650,680.00
6651,2.00
6652,11.00
6654,14.00
6656,6.00
6657,13.00
6658,15.00
6662,10.00
6663,5.00
6664,98.00
6666,5.00
6667,4.00
6668,2.00
6669,86.00
6670,13.00
6671,2.00
6672,1.00
829,2.00
6676,4.00
6678,2.00
6679,12.00
6680,8.00
6681,24.00
6682,3.00
6683,857.00
6684,6.00
6686,1.00
6688,1.00
6689,38.00
6693,16.00
6694,12.00
6695,12.00
6697,5.00
8334,3.00
6701,10.00
6706,1.00
6708,2.00
6709,2.00
6710,218.00
6712,2.00
6713,14.00
6717,4.00
6721,8.00
6723,5.00
6724,20.00
6725,5.00
6726,2.00
6727,8.00
6729,12.00
6730,1.00
6731,1.00
6732,10.00
6733,2.00
6734,177.00
6735,536.00
6736,7.00
6738,29.00
6739,33.00
6740,10.00
6741,5.00
6742,2.00
6743,12.00
6745,4.00
6746,58.00
6747,11.00
6748,8.00
6749,55.00
6750,33.00
6752,2.00
6753,15.00
6754,2.00
6755,4.00
6756,12.00
6758,1.00
6759,10.00
6760,11.00
6761,39.00
6762,198.00
6763,27.00
6764,23.00
6766,5.00
6767,1.00
6768,29.00
6769,49.00
6771,1.00
6772,1.00
6773,16.00
6774,4.00
6775,50.00
6776,3.00
6777,31.00
6779,10.00
6780,6.00
6781,2.00
6782,12.00
6783,1.00
6784,5.00
6787,23.00
6788,1.00
6790,12.00
6792,25.00
6793,6.00
6794,17.00
6796,5.00
6797,6.00
6799,3.00
6801,2.00
6802,8.00
6803,167.00
6804,11.00
6805,269.00
6806,1.00
6808,3.00
6809,8.00
6810,22.00
6813,14.00
6814,18.00
6816,62.00
6817,14.00
6818,2.00
6819,3.00
6822,2.00
6823,6.00
6824,4.00
6825,183.00
6826,18.00
6827,1.00
6828,18.00
6829,9.00
6830,35.00
6832,9.00
6834,4.00
6835,8.00
6836,3.00
6840,3.00
6842,9.00
6843,8.00
6844,1.00
6846,1.00
6847,1.00
6848,6.00
6851,2.00
6852,102.00
6853,1.00
6856,9.00
6858,14.00
6860,3.00
6861,2.00
6862,7.00
6863,71.00
6864,3.00
6865,3.00
6867,6.00
6868,47.00
6871,10.00
6872,1.00
6876,2.00
6879,33.00
6880,13.00
6881,13.00
6884,13.00
6885,745.00
6886,4.00
8487,2.00
6889,9.00
6891,1.00
6892,13.00
6894,10.00
6895,10.00
6896,4.00
6898,5.00
6899,5.00
6900,17.00
6901,11632.00
6902,26.00
6903,7.00
6905,100.00
6907,243.00
6909,2.00
6911,4.00
6913,11.00
6914,14.00
6915,31.00
6916,11.00
155,4.00
6919,5.00
6921,4.00
6922,9.00
6923,1.00
6924,2.00
6926,127.00
6929,1.00
6933,4.00
6934,2.00
6935,8.00
6936,14.00
6938,8.00
6940,9.00
6941,1.00
6942,4.00
6944,9.00
6946,6.00
6949,7.00
6951,8.00
6952,4.00
6953,11.00
6954,15.00
6955,78.00
6958,5.00
6959,1.00
6961,9.00
6962,4.00
6963,185.00
6964,16.00
6965,1.00
6966,1.00
6967,2.00
6968,12.00
6969,2.00
6971,9.00
6972,4.00
6974,2.00
6978,5.00
6979,7.00
6980,7.00
6981,12.00
6982,24.00
6983,19.00
6984,2.00
6985,9.00
6987,65.00
6988,14.00
6989,3.00
6991,3.00
6993,28.00
6996,25.00
6997,27.00
6998,49.00
7001,6.00
7002,1.00
7003,17.00
7005,4.00
7006,13.00
7007,9.00
7008,49.00
7009,17.00
7011,636.00
7012,1.00
7013,6.00
7015,11.00
7016,37.00
7018,17.00
7019,12602.00
7020,3.00
7023,27.00
7024,12.00
8690,2.00
7029,33.00
7031,7.00
7034,12.00
7035,5.00
7036,3.00
7037,5.00
7039,6.00
7040,7.00
7042,10.00
7043,40.00
7045,37.00
7046,1.00
7047,14.00
7048,6.00
7052,30.00
7053,3.00
7054,3.00
7055,15.00
7056,3.00
7057,7.00
7059,6.00
7060,16.00
7061,4.00
7063,6.00
7064,69.00
8447,5.00
7068,5.00
7070,4.00
7072,33.00
7075,5.00
7076,152.00
7078,48.00
8419,1.00
7080,1.00
7081,7.00
7083,3.00
7084,14.00
8692,14.00
7086,25.00
7087,4.00
7092,1.00
7093,18.00
7094,20.00
7097,47.00
7098,13.00
7099,14.00
7101,20.00
7102,3.00
7103,2.00
7106,7.00
7109,2.00
7111,5.00
7113,4627.00
7114,3.00
6647,1.00
7116,13.00
7117,5.00
7118,5.00
7119,10.00
7121,11.00
7124,1.00
7125,11.00
7126,19.00
7129,37.00
7130,5.00
7132,72.00
7133,16.00
7135,9.00
7136,121.00
7137,7.00
7138,6.00
8421,16.00
7140,1.00
7142,4.00
7143,14.00
7144,9.00
7146,29.00
7147,24.00
7148,9.00
7150,8.00
7151,6.00
7153,3.00
7154,7.00
7158,5.00
7161,23.00
7163,14.00
7164,3.00
7166,10.00
7169,64.00
7170,19.00
7171,2.00
7172,6.00
7173,4.00
7174,77.00
7175,4.00
7176,54.00
7177,24.00
7178,1.00
7180,5.00
7181,44.00
7182,13.00
7183,9.00
7186,4.00
7187,6.00
7190,1.00
7191,15.00
7192,3.00
7193,4.00
7194,38.00
7195,35.00
7196,13.00
7198,1.00
7200,5.00
7203,10.00
7204,25.00
7205,8.00
7206,67.00
7208,3.00
7212,22.00
7213,237.00
7214,5.00
7216,10.00
7221,1300.00
7222,52.00
7223,3.00
7226,10.00
7228,27.00
7229,28.00
7231,22.00
7232,16.00
7233,39.00
7234,26.00
7237,36.00
3937,6.00
7240,4.00
7241,6.00
7242,8.00
7243,988.00
7244,3.00
7245,351.00
7250,10.00
7251,7.00
7253,9.00
7255,5.00
787,3.00
7259,11.00
7260,8.00
7261,7.00
7264,4.00
8698,5.00
7266,4.00
7267,8.00
7268,5.00
7269,5.00
7270,2.00
7271,8.00
7274,73.00
7275,6.00
7276,1.00
7278,16.00
7279,28.00
7282,1.00
7283,5.00
7285,14.00
7286,75.00
7287,6.00
7289,4.00
7290,13.00
7291,2.00
7292,6.00
7293,10.00
7294,32.00
7297,51.00
7298,9.00
7299,1.00
7301,43.00
7302,22.00
7303,5.00
7304,3.00
7305,8.00
7306,3.00
7307,54.00
7311,8.00
7312,16.00
7313,3.00
7314,194.00
7315,24.00
7316,6.00
7317,17.00
7318,126.00
7319,83.00
7320,2.00
7321,22.00
7322,11.00
7324,30.00
8700,1.00
7326,3.00
7328,13.00
7332,6.00
7334,10.00
7335,2.00
7337,1.00
7338,1.00
7339,12.00
7340,4.00
7342,8.00
8564,11.00
7344,1.00
7346,8.00
7347,62.00
7349,13.00
7353,11.00
7354,1039.00
7355,5.00
7357,11.00
7358,4.00
7361,1.00
7362,32.00
7364,5.00
7365,2.00
7368,4.00
7369,60.00
7370,1.00
7372,9.00
7373,20.00
7374,420.00
7376,8.00
7378,4.00
7379,4.00
7381,17.00
7383,4.00
7384,1.00
7385,1.00
7386,6.00
7388,4.00
7392,5.00
7396,4.00
7397,74.00
7400,6.00
7402,3.00
7403,43.00
7404,4.00
7407,5.00
7410,7.00
7411,18.00
7412,6.00
7413,3.00
7414,31.00
7415,24.00
7417,18.00
7418,219.00
7419,1.00
7421,1.00
7422,1758.00
7423,3.00
7424,2.00
7426,7.00
7427,32.00
7428,200.00
7431,13.00
7432,13.00
6700,2.00
7435,34.00
7437,3.00
7438,273.00
7439,3.00
7441,18.00
7443,10.00
7445,39.00
7446,13.00
7447,6.00
7448,20.00
7449,1.00
7451,4.00
7452,29.00
7453,1.00
7454,3.00
7456,1.00
7457,1.00
7460,47.00
7463,3.00
7465,24.00
7467,8.00
7468,1.00
7469,15.00
7470,28.00
7471,18.00
7474,5.00
7476,40.00
7478,1.00
7479,3.00
7480,6.00
7482,5.00
7483,913.00
7484,4.00
7486,10.00
7487,373.00
7489,10.00
7490,75.00
7491,6.00
7493,1.00
7494,7.00
7495,49.00
7497,4.00
7499,4.00
7500,2.00
7501,1.00
7503,41.00
7505,2.00
7506,19.00
7507,2.00
7508,3.00
7510,3.00
7515,12.00
7516,16.00
7518,8.00
7521,3.00
7522,7.00
7524,69.00
7527,3.00
7528,19.00
7529,30.00
7530,4.00
7532,5.00
7534,28.00
7535,1.00
7537,3.00
7539,26.00
7540,2.00
7544,3.00
7545,1.00
7546,3.00
7547,3.00
7548,4.00
7549,2.00
7550,75.00
7551,1.00
7553,4.00
7555,23720.00
7558,5.00
7560,11.00
7562,31.00
7564,57.00
7565,1.00
7566,13.00
7571,14.00
7573,40.00
7575,11.00
7576,4.00
7578,6.00
7579,12.00
7580,91.00
7581,5.00
7583,3.00
7584,2.00
7586,3.00
7587,7.00
7588,9.00
7589,16.00
7591,14.00
7592,47.00
7595,3.00
8709,6.00
7597,2.00
7598,113.00
7599,2.00
7600,116.00
7601,14.00
7602,14.00
7604,14.00
7605,546.00
7607,5.00
7609,6.00
7611,7.00
7612,266.00
7613,62.00
7615,4.00
7616,7.00
7617,2.00
7618,6.00
7619,56.00
7621,2.00
7623,5.00
7625,5.00
7626,1.00
7628,8.00
7629,5.00
7632,3.00
7634,6.00
7635,10.00
7636,8.00
7642,5.00
7643,2.00
7644,48.00
7646,49.00
7647,15.00
7648,58.00
7650,1.00
7652,9.00
2641,5.00
7656,3.00
7657,52.00
7658,10.00
7659,3.00
7660,1.00
7662,3.00
7663,2.00
7665,5.00
7666,113.00
7667,65.00
7668,1.00
7670,7.00
8739,6.00
7672,69.00
7673,38.00
7674,1.00
7677,5.00
7678,7.00
7679,1055.00
7681,9.00
7683,1.00
7684,14.00
7685,5.00
7686,3.00
7691,3.00
7698,8.00
7699,4.00
529,4.00
7701,2.00
7702,3.00
7703,7.00
7706,4167.00
7707,3.00
7708,6.00
7711,52.00
7712,2.00
2779,1.00
7714,7.00
8713,2.00
7717,6102.00
7718,4.00
7719,10.00
7721,66.00
7722,4.00
7724,138.00
2653,1.00
7731,5.00
7732,1.00
7733,13.00
7734,6.00
7736,3.00
7740,2.00
7741,14.00
7742,8.00
7745,16.00
7746,13.00
7747,8.00
7748,34.00
7751,2.00
7753,3.00
7754,4.00
7757,18.00
7758,52.00
7759,5.00
7760,2.00
7762,2.00
7766,4.00
7767,7.00
7771,19.00
7772,13.00
7773,5.00
7775,1.00
7776,48.00
8261,1.00
7782,20.00
7785,26.00
7788,29.00
7789,6.00
7790,2.00
7792,20.00
7793,5.00
7795,2.00
7796,2.00
7797,18.00
7798,25.00
7799,22.00
6917,1.00
7801,101.00
7803,6.00
7805,67.00
7806,9.00
7808,19.00
4032,4.00
7810,5.00
7811,10.00
7812,45.00
7815,6.00
7816,16.00
7818,1.00
7819,22.00
7821,6.00
7822,4.00
7823,48.00
7827,10.00
7828,1.00
7829,6.00
7830,11.00
7831,1.00
7832,58.00
7834,11.00
7836,3.00
7838,1382.00
7840,10.00
7841,19.00
7842,7.00
7843,16.00
4038,3.00
7846,9.00
7848,14.00
7849,22.00
7850,9.00
7851,34.00
7852,28.00
7853,17.00
43,3.00
7858,3.00
7859,3.00
7864,1.00
7865,1.00
7868,4.00
7871,36.00
7872,15.00
7875,1.00
7876,6.00
7877,3.00
7878,7.00
7879,4.00
7880,2.00
7881,16.00
7882,3.00
7883,8.00
7884,3932.00
7885,2.00
7886,8.00
7888,3.00
7889,8.00
7890,5.00
7891,6.00
7892,17.00
7893,12.00
7894,4.00
7895,2.00
7896,18.00
7898,8.00
7899,7.00
7900,1.00
7902,13.00
7903,934.00
7904,3.00
7905,9.00
7906,8.00
7907,31.00
7908,12.00
7909,882.00
7910,1046.00
7912,4.00
7913,1761.00
7914,1.00
7915,7.00
7916,4.00
7917,305.00
7919,10.00
7920,25.00
7921,656.00
7922,46.00
7926,19.00
7927,49.00
7928,3.00
7929,15.00
7930,22.00
7932,20.00
7934,16.00
7935,3.00
7939,19.00
8618,2.00
7942,4.00
7943,6.00
7944,18.00
7945,4.00
7946,3.00
7949,23.00
7950,4.00
7951,2.00
7953,16.00
438,1.00
7958,119.00
7959,61.00
7960,7.00
7961,1.00
7963,29.00
7964,5.00
7966,6.00
7967,31.00
7968,15.00
7971,2.00
7972,2.00
7973,2.00
7974,7578.00
7975,4.00
7977,9.00
7979,12.00
7980,1.00
7981,2.00
7982,27.00
7985,2.00
7986,23.00
7987,27.00
7988,3.00
7989,27.00
1357,11.00
7993,16.00
7995,2.00
7996,10.00
7997,9.00
7998,92.00
7999,11.00
8000,54.00
8002,9.00
8004,13.00
8005,2.00
8010,7.00
8011,24.00
8012,3.00
8013,47.00
8014,6.00
8017,2.00
8020,15.00
8021,52.00
8022,598.00
8024,4.00
8025,6.00
8027,20.00
8028,3.00
8030,8.00
8031,2.00
8032,31.00
8033,11.00
8035,6.00
8036,1.00
8037,5095.00
8040,1.00
8041,7.00
8042,16.00
8043,12.00
8045,10.00
8046,7.00
8049,13.00
8050,67.00
2707,13.00
8055,102.00
8056,22.00
8057,7.00
8058,33.00
8059,6.00
8060,8.00
8061,3.00
8064,2.00
8066,6.00
8068,1.00
8069,39.00
8070,8.00
8075,8.00
8076,31.00
8077,4946.00
8078,4.00
8080,3.00
269,1.00
8088,21.00
8091,1.00
8092,6.00
8093,17.00
8095,10.00
8096,1.00
8097,48.00
8098,43.00
8099,8.00
6588,5.00
5475,3.00
8108,22.00
8109,6.00
8110,28.00
8111,15.00
8112,13.00
8113,1.00
8114,2.00
8116,1.00
8117,13.00
8119,7.00
8121,5.00
8122,4.00
8124,52.00
8125,1.00
8126,19.00
8130,7.00
8131,51.00
8135,16.00
8696,2.00
8142,14.00
8143,7.00
8144,119.00
8145,5.00
8146,17.00
8147,12.00
8148,7.00
8149,4.00
7079,2.00
8151,8.00
8152,5.00
8154,3.00
8155,6.00
8157,1.00
8158,28.00
8159,3.00
8160,2.00
8161,9.00
8162,14.00
8163,3.00
8164,3.00
8166,4.00
8169,9.00
8170,6.00
8171,5.00
8172,6.00
8174,7.00
8175,2.00
8177,8.00
8179,10.00
8180,11.00
8181,5900.00
8182,5.00
8184,29.00
8186,121.00
8187,2.00
8188,118.00
8190,3.00
